handle,first_name,last_name,country,city,rating,max_rating,rank,max_rank,organization
jqdai0815,Jiangqi,Dai,Samoa,Falefa,3474,3681,legendary grandmaster,legendary grandmaster,National University of Samoa
ksun48,Kevin,Sun,Canada,,3332,3654,legendary grandmaster,legendary grandmaster,MIT
ko_osaga,Jaehyun,Koo,South Korea,,3083,3500,legendary grandmaster,legendary grandmaster,MIT
dotorya,Park,Sung Gwan,South Korea,Seoul,3060,3237,legendary grandmaster,legendary grandmaster,Seoul National University
anta,,,Japan,,3053,3106,legendary grandmaster,legendary grandmaster,
JoeyWheeler,Ishraq,Huda,Australia,Sydney,2923,3109,international grandmaster,legendary grandmaster,
TankEngineer,Haobin,Ni,China,Shanghai,2904,2934,international grandmaster,international grandmaster,Shanghai Jiao Tong University
jcvb,Ce,Jin,China,Hangzhou,2884,3203,international grandmaster,legendary grandmaster,MIT
Swistakk,Wojciech,Nadara,Poland,Warsaw,2864,3105,international grandmaster,legendary grandmaster,University of Warsaw
kcm1700,ChanMin,Kim,South Korea,Seoul,2823,2920,international grandmaster,international grandmaster,Seoul National University
ainta,Sunghyeon,Jo,South Korea,Seoul,2820,3318,international grandmaster,legendary grandmaster,Seoul National University
RNS_CUS,UnSong,Choe,North Korea,Pyongyang,2816,2816,international grandmaster,international grandmaster,Kim Il Sung University
voidmax,Vladimir,Romanov,Russia,Moscow,2797,2797,international grandmaster,international grandmaster,pinely
Endagorion,Mikhail,Tikhomirov,Netherlands,Amsterdam,2794,3313,international grandmaster,legendary grandmaster,pinely
waterfalls,Daniel,Chiu,United States,,2778,2778,international grandmaster,international grandmaster,USACO
uwi,Uwi,Tenpen,Japan,Tokyo,2768,2935,international grandmaster,international grandmaster,"Pirika, Inc."
sigma425,,,Japan,,2757,2757,international grandmaster,international grandmaster,
Vercingetorix,Aleksei,Esin,Russia,Sochi,2753,3213,international grandmaster,legendary grandmaster,
tun,Dongjian,Tang,China,Shanghai,2746,2816,international grandmaster,international grandmaster,Fudan University
ikatanic,Ivan,Katanic,Croatia,,2731,2964,international grandmaster,international grandmaster,
pashka,Pavel,Mavrin,Kyrgyzstan,Bishkek,2723,2983,international grandmaster,international grandmaster,ITMO University
tribute_to_Ukraine_2022,Konrad,Paluszek,,,2722,2983,international grandmaster,international grandmaster,University of Warsaw
geniucos,Costin Andrei,Oncescu,Romania,Campulung Muscel,2711,3045,international grandmaster,legendary grandmaster,Harvard University
Reyna,Arash,Mahmoudian Bidgoli,Canada,Waterloo,2688,2997,international grandmaster,international grandmaster,University of Waterloo
step5,Kai-Chi,Huang,Taiwan,Taipei,2680,2771,international grandmaster,international grandmaster,National Taiwan U
saketh,Saketh,Are,United States,New York,2679,2771,international grandmaster,international grandmaster,NEAR.ai
matthew99,Xiao,Mao,,,2678,3100,international grandmaster,legendary grandmaster,MIT
jiaqiyang,Jiaqi,Yang,China,Dongguan,2671,2671,international grandmaster,international grandmaster,"University of California, Berkeley"
nuip,,,Japan,Tokyo,2663,2880,international grandmaster,international grandmaster,
ffao,Fernando,Fonseca,Brazil,Belo Horizonte,2660,2719,international grandmaster,international grandmaster,Microsoft
ilyakor,Ilya,Kornakov,Switzerland,Zurich,2655,2831,international grandmaster,international grandmaster,Google
cgy4ever,,,,,2639,2639,international grandmaster,international grandmaster,
desert97,Yang,Liu,United States,St Louis,2629,2715,international grandmaster,international grandmaster,Stanford ACM
alex9801,Minkyu,Jo,South Korea,,2627,2627,international grandmaster,international grandmaster,KAIST
tabasz,Jan,Tabaszewski,Poland,Warsaw,2627,2673,international grandmaster,international grandmaster,University of Warsaw
JustasK,Justas,Klimas,Lithuania,Vilnius,2626,2793,international grandmaster,international grandmaster,Google
Deemo,Michael,Nematollahi,Canada,Toronto,2616,2804,international grandmaster,international grandmaster,University of Toronto
suckerr,,,,,2611,2611,international grandmaster,international grandmaster,Shanghai Jiao Tong University
tonyjjw,Jungwoo,Ji,South Korea,Seoul,2606,2606,international grandmaster,international grandmaster,Seoul National University
kostka,Bartosz,Kostka,Ukraine,,2603,2784,international grandmaster,international grandmaster,
Lewin,Lewin,Gan,United States,,2602,2839,international grandmaster,international grandmaster,
MicGor,Michal,Gorniak,Poland,Wrocław,2600,2600,international grandmaster,international grandmaster,
BaconLi,Yanpei,LIU,China,Tangshan,2599,2876,grandmaster,international grandmaster,Shanghai Jiao Tong University
sugim48,,,Japan,,2598,2712,grandmaster,international grandmaster,
Bedge,Yik Chun,Wong,Hong Kong,Hong Kong,2588,2588,grandmaster,grandmaster,
khsoo01,Hyunsoo,Kim,South Korea,Seoul,2588,2711,grandmaster,international grandmaster,Seoul National University
zxqfl,Jacob,Jackson,United States,San Francisco,2575,2818,grandmaster,international grandmaster,OpenAI
al13n,Michael,Kolupaev,United States,Palo Alto,2574,2965,grandmaster,international grandmaster,Facebook
kmjp,,,Japan,,2574,2901,grandmaster,international grandmaster,
LiTi,Ali,Behjati,Netherlands,Amsterdam,2569,2667,grandmaster,international grandmaster,Douro Labs
Nerevar,Dmitry,Matov,Russia,Saratov,2565,2565,grandmaster,grandmaster,AI Factory
KrK,Karolis,Kusas,Lithuania,Kaunas,2560,2810,grandmaster,international grandmaster,
eddy1021,Chin-Chia,Hsu,Taiwan,Taipei,2557,2769,grandmaster,international grandmaster,National Taiwan U
chitanda,Xin,Huang,China,Beijing,2554,2554,grandmaster,grandmaster,Beihang University
rajat1603,Rajat,De,India,New Delhi,2549,2640,grandmaster,international grandmaster,Chennai Mathematical Institute
krismaz,Krzysztof,Maziarz,Poland,,2540,2747,grandmaster,international grandmaster,Jagiellonian University
NikaraBika,Majid,Garoosi,Germany,Saarbrücken,2537,2537,grandmaster,grandmaster,Universität des Saarlandes
rnsiehemt,,,,,2533,2533,grandmaster,grandmaster,
znirzej,Maciej,Holubowicz,,,2525,2570,grandmaster,grandmaster,University of Warsaw
Chameleon2460,Kuba,Boguta,,,2523,2604,grandmaster,international grandmaster,University of Warsaw
blackEarth,Vicente,Herrera,Mexico,Aguascalientes,2523,2542,grandmaster,grandmaster,
Namnamseo,,,South Korea,Gwangju,2513,2635,grandmaster,international grandmaster,Seoul National University
dj3500,Jakub,Tarnawski,Poland,Wrocław,2512,2551,grandmaster,grandmaster,"Lausanne, EPFL"
mnaeraxr,Marcelo,Fornet,Cuba,Havana,2510,2760,grandmaster,international grandmaster,Jasnah
zeliboba,Renat,Gimadeev,Cyprus,Limassol,2510,2837,grandmaster,international grandmaster,pinely
Sumeet.Varma,Sumeet,Varma,India,Gandhinagar,2500,2515,grandmaster,grandmaster,DA-IICT
cescmentation_folch,Cesc,Folch Aldehuelo,Spain,Girona,2496,2558,grandmaster,grandmaster,Universitat Politècnica de Catalunya
matix2267,,,Poland,Wrocław,2496,2496,grandmaster,grandmaster,University of Wrocław
FatalEagle,Timothy,Li,Canada,Toronto,2490,2908,grandmaster,international grandmaster,University of Waterloo
linkct,,,China,,2487,2487,grandmaster,grandmaster,
pwypeanut,Wen Yuen,Pang,Singapore,Singapore,2487,2623,grandmaster,international grandmaster,University of Waterloo
knightL,Alexandr,Lyashko,Russia,Simferopol,2486,2634,grandmaster,international grandmaster,Taurida NU
kingofnumbers,Hasan,Jaddouh,Syria,,2484,2484,grandmaster,grandmaster,
zimpha,Xi,Lin,Japan,Tokyo,2483,2486,grandmaster,grandmaster,Suimei University of the Arts
KFDong,Kefan,Dong,China,Fuzhou,2482,2511,grandmaster,grandmaster,FZYZ OI Group
__math,,,Japan,Osaka,2478,2519,grandmaster,grandmaster,Osaka University
Shik,Ting Wei,Chen,Taiwan,Taipei,2472,2973,grandmaster,international grandmaster,National Taiwan U
chffy,Shengying,Jin,China,Beijing,2471,2591,grandmaster,grandmaster,Beihang University
DBradac,Domagoj,Bradach,Croatia,Zagreb,2467,2745,grandmaster,international grandmaster,
Nero,Mingming,Zhang,China,,2467,2550,grandmaster,grandmaster,modu
joyfun,,,China,,2466,2466,grandmaster,grandmaster,
Batman,Mehrdad,Saberi,Iran,Qaem Shahr,2463,2546,grandmaster,grandmaster,Allame Helli
LiChenKoh,Li Chen,Koh,Singapore,Singapore,2457,2457,grandmaster,grandmaster,
IvL,Ivan,Lazaric,Croatia,Pula,2456,2704,grandmaster,international grandmaster,
Enchom,Encho,Mishinev,Bulgaria,Yambol,2453,2630,grandmaster,international grandmaster,Shkola Shikovi
fhlasek,Filip,Hlasek,Czechia,Pilsen,2452,2597,grandmaster,grandmaster,Charles University in Prague
Laakeri,Tuukka,Korhonen,Finland,Helsinki,2449,2721,grandmaster,international grandmaster,University of Helsinki
zdolna_kaczka,,,,,2447,2669,grandmaster,international grandmaster,University of Cambridge
Totoro,,,China,Zhuzhou,2445,2451,grandmaster,grandmaster,Fudan University
ChuckLin2014,Zequn,Lin,China,Guangzhou,2443,2443,grandmaster,grandmaster,Sun Yat-Sen University
Gassa,Ivan,Kazmenko,Russia,Saint Petersburg,2438,2616,grandmaster,international grandmaster,Saint-Petersburg SU
Baba,Tanuj,Khattar,India,New Delhi,2435,2435,grandmaster,grandmaster,Google
nfssdq,Md. Nafis,Sadique,Bangladesh,Dhaka,2435,2461,grandmaster,grandmaster,Google
Kmcode,,,Japan,Tokyo,2434,2490,grandmaster,grandmaster,University of Toronto
fruwajacybyk,Maciek,Gawron,Poland,Krakow,2434,2434,grandmaster,grandmaster,
bixind,Mikhail,Makarov,Russia,Dolgoprudnyy,2431,2445,grandmaster,grandmaster,Moscow IPT
johnchen902,Pochang,Chen,Taiwan,New Taipei City,2428,2581,grandmaster,grandmaster,Google
zhangguangxuan99,Guangxuan,Zhang,Singapore,Singapore,2428,2482,grandmaster,grandmaster,
I_love_tigersugar,Hanh Van,Pham,Vietnam,Hanoi,2424,2631,grandmaster,international grandmaster,HUS High School for Gifted Student
satashun,Shunya,Satake,Japan,Kyoto,2424,2782,grandmaster,international grandmaster,
latte0119,,,Japan,Kurume,2422,2673,grandmaster,international grandmaster,"National Institute of Technology,Kurume College"
camypaper,,,Japan,,2420,2420,grandmaster,grandmaster,
RedNextCentury,Joud,Zouzou,Syria,Damascus,2419,2419,grandmaster,grandmaster,Damascus University
Quang,Le Minh,Quang,Vietnam,Hưng Yên,2416,2621,grandmaster,international grandmaster,
ngochai94,Dinh,Ngoc Hai,Vietnam,,2413,2413,grandmaster,grandmaster,
pllk,Antti,Laaksonen,Finland,Helsinki,2412,2430,grandmaster,grandmaster,University of Helsinki
cchao,Chen-Hao,Chang,Taiwan,Taichung,2411,2502,grandmaster,grandmaster,National Taiwan U
sokokaleb,Pusaka Kaleb,Setyabudi,Indonesia,Jakarta,2410,2410,grandmaster,grandmaster,
Rafbill,Rafaël,Bocquet,France,,2409,2988,grandmaster,international grandmaster,
gongy,Richard,Gong,Australia,Sydney,2409,2409,grandmaster,grandmaster,MIT
mateusz,Mateusz,Puczel,Poland,Białystok,2405,2471,grandmaster,grandmaster,
pranjal.ssh,Pranjal,Shankhdhar,India,Kharagpur,2403,2403,grandmaster,grandmaster,Indian Institute of Technology Kharagpur
yancouto,Yan,Couto,Brazil,São Paulo,2401,2497,grandmaster,grandmaster,University of São Paulo
bicsi,Lucian,Bicsi,Romania,Suceava,2400,2741,grandmaster,international grandmaster,University of Bucharest
Necromancer,Eucliwood,Hellscythe,China,Shanghai,2393,2393,international master,international master,Shanghai University
fsouza,Felipe,Souza,Brazil,,2383,2724,international master,international grandmaster,
pacu,Dhruv,Rohatgi,United States,,2383,2594,international master,grandmaster,USACO
alecsyde,Atanu,Chakraborty,India,Kanpur,2375,2578,international master,grandmaster,IIT Kanpur
smallling,Haoyu,Ling,China,Shanghai,2375,2457,international master,grandmaster,Shanghai Jiao Tong University
aaaaajack,Jyun-Jie,Liao,Taiwan,Taichung,2372,2655,international master,international grandmaster,National Chiao Tung University
chemthan,Trung,Nguyen,Vietnam,Hanoi,2368,2688,international master,international grandmaster,CHV
Philae,Ragnar,Groot Koerkamp,Switzerland,Zurich,2366,2366,international master,international master,
ufo,Ruizhe,Zhang,China,Fuzhou,2360,2495,international master,grandmaster,FZYZ OI Group
lythanh,Thanh,Le,Vietnam,,2359,2359,international master,international master,
ayaze,Muhammad Ayaz,Dzulfikar,Indonesia,Bontang,2353,2478,international master,grandmaster,Universitas Indonesia
pekempey,,,Japan,,2353,2528,international master,grandmaster,
zscc,Zou,Shicheng,China,Nanjing,2346,2417,international master,grandmaster,Nanjing University
gvaibhav21,Vaibhav,Gosain,India,Dehra Dūn,2343,2371,international master,international master,IIT Roorkee
alexbabalau,,,Romania,Timișoara,2339,2446,international master,grandmaster,Liceul Grigore Moisil
creatnx,Hoang Dai,Pham,Vietnam,,2339,2339,international master,international master,FPT University
ericxu0,Eric,Xu,United States,Torrance,2338,2338,international master,international master,Stanford University
Sampson,Chun Yin Sampson,Lee,Hong Kong,Hong Kong,2336,2604,international master,international grandmaster,CUHK
JayYe,Huijie,Ye,China,Hangzhou,2330,2360,international master,international master,Zhejiang Sci-Tech University
gustav,Gustav,Matula,Croatia,Zagreb,2325,2364,international master,international master,FER Zagreb
sd0061,Xuanang,Zhao,China,Shanghai,2325,2782,international master,international grandmaster,Beihang University
Baklazan,Eduard,Batmendijn,Slovakia,Stará Ľubovňa,2324,2434,international master,grandmaster,KSP Slovakia
I_love_Hoang_Yen,,,Vietnam,,2322,2625,international master,international grandmaster,Hudson River Trading
SakurakoujiRuna,,,China,Shanghai,2322,2503,international master,grandmaster,Fudan University
percywtc,Percy,Wong,Hong Kong,,2320,2441,international master,grandmaster,CUHK
StarCuriosity,,,Russia,Moscow,2314,2381,international master,international master,
atetubou,Takuto,Ikuta,Japan,Tokyo,2314,2432,international master,grandmaster,
paulwang,Paul,Wang,Taiwan,Kaohsiung City,2314,2638,international master,international grandmaster,National Taiwan U
sharph,Topi,Talvitie,Finland,Helsinki,2314,2463,international master,grandmaster,University of Helsinki
mbrc,Mriganka,Basu Roy Chowdhury,India,Kolkata,2312,2312,international master,international master,UC Berkeley
IMAN_GH,Iman,Gholami,Iran,Tehran,2311,2456,international master,grandmaster,
akashdeep,Akashdeep,Nain,India,Bengaluru,2305,2450,international master,grandmaster,Google
satyaki3794,Satyaki,Upadhyay,India,Kolkata,2304,2354,international master,international master,Google
Orenji.Sora,Yutong,Yang,China,Chengdu,2299,2299,master,master,UESTC
lych123,lihao,nan,China,Hangzhou,2297,2361,master,international master,Hangzhou Dianzi U
hohomu,Alex,Poon,Hong Kong,Hong Kong,2295,2493,master,grandmaster,CUHK
RNS_JKS,XianJin,Xu,China,Shenyang,2294,2331,master,international master,Shenyang Wenzhou Technology
edorundo,,,United States,,2291,2437,master,grandmaster,University of Central Florida
Solaris,,,Poland,Wrocław,2285,2458,master,grandmaster,University of Wrocław
azneyes,Andy,Huang,Canada,,2281,2394,master,international master,Google
athin,Ammar Fathin,Sabili,Indonesia,,2275,2362,master,international master,Universitas Indonesia
SLLN,Oliver,Nisumaa,Estonia,Tallinn,2273,2367,master,international master,University of Tartu
iSea,,,China,Beijing,2272,2272,master,master,Google
Diego1149,Diego,Gutierrez Yepiz,Mexico,Monterrey,2269,2269,master,master,ITESM Campus Monterrey
-Wave-,Václav,Volhejn,Czechia,Prague,2268,2527,master,grandmaster,ETH Zurich
Milanin,Aleksandr,Milanin,Russia,Simferopol,2267,2601,master,international grandmaster,Microsoft
negativebplusorminus,Calvin,Lee,United States,New York,2266,2480,master,grandmaster,USACO
johnathan79717,Jonathan,Hao,Taiwan,Taipei,2264,2358,master,international master,Facebook
radoslav11,Radoslav,Dimitrov,Bulgaria,Plovdiv,2262,2590,master,grandmaster,University of Oxford
Sakura,,,China,Shanghai,2261,2357,master,international master,Shanghai Jiao Tong University
ngfam_kongu,F,F,Vietnam,Buon Ma Thuot,2261,2518,master,grandmaster,ITMO University
arthur.nascimento,Arthur,Nascimento,Brazil,São Paulo,2259,2539,master,grandmaster,University of São Paulo
kimiyuki,,,Japan,Kobe,2257,2389,master,international master,
hugeh0ge,Taro,Yamada,,,2256,2369,master,international master,
minh141198,Phan Duc Nhat,Minh,Vietnam,Hanoi,2256,2383,master,international master,HUS High School for Gifted Student
INVWVZ,Mehrad,Zamani,Germany,Saarbrücken,2255,2255,master,master,Universität des Saarlandes
BSBandme,Yilun,Chong,China,Tianjin,2250,2505,master,grandmaster,Nankai University
flashmt,Nguyen,Nguyen,Vietnam,Ho Chi Minh City,2250,2598,master,grandmaster,
xzj1998,,,,,2250,2250,master,master,
SeyedParsa,Seyed Parsa,Mirtaheri,Iran,Tehran,2247,2362,master,international master,Sharif FUT
wilyin,,,China,Chengdu,2246,2246,master,master,UESTC
chenmark,Mark,Chen,United States,,2245,2290,master,master,USACO
muratt,,,Türkiye,,2245,2732,master,international grandmaster,
ToTLeS,Ali,Shafiee,Iran,Tehran,2244,2800,master,international grandmaster,Allame Helli
sn23581,Sadia,,Bangladesh,Dhaka,2244,2244,master,master,BUET
guille,Guillem,Godoy,Spain,Barcelona,2243,2397,master,international master,Universitat Politècnica de Catalunya
malcolm,Dima,Gorbunov,Russia,Moscow,2238,2581,master,grandmaster,pinely
Fadeaway,ZhuoLin,Yang,China,Shanghai,2237,2237,master,master,Shanghai Jiao Tong University
kalimm,Erdem,Kirez,Türkiye,,2237,2607,master,international grandmaster,
dyukha,Dmitrii,Avdiukhin,United States,Chicago,2232,2265,master,master,Northwestern University
Sisu,Mikko,Sysikaski,Finland,Helsinki,2230,2445,master,grandmaster,University of Helsinki
Mikester,Mihai,Nitu,Romania,Craiova,2229,2531,master,grandmaster,University of Bucharest
animeshf,Animesh,Fatehpuria,Taiwan,Taipei,2226,2226,master,master,Georgia Institute of Technology
keyvankhademi,keyvan,khademi,Canada,Kelowna,2224,2308,master,international master,UBC
zshi,,,China,,2222,2482,master,grandmaster,
bardek,,,Poland,Wrocław,2221,2492,master,grandmaster,University of Wrocław
LLI_E_P_JI_O_K,Oleg,Vasilenko,Russia,Chelyabinsk,2219,2348,master,international master,
akulsareen,Akul,Sareen,India,Bengaluru,2219,2437,master,grandmaster,
Cauchy_Function,,,,,2218,2218,master,master,
noxe,,,China,Beijing,2216,2216,master,master,
James,chen,gf,China,Chengdu,2215,2401,master,grandmaster,UESTC
VastoLorde95,Aditya,Paliwal,India,Mumbai,2215,2228,master,master,IIIT Bangalore
sidhant,Sidhant,Bansal,India,Delhi,2211,2211,master,master,National University of Singapore
Morphy,Alei,Reyes,Peru,Cajamarca,2210,2210,master,master,AlhepSoft
doubility,,,,,2210,2312,master,international master,South China University of Technology
Whalanator,Peter,Whalan,Australia,Melbourne,2209,2328,master,international master,
ExfJoe,Wenyuan,Gao,China,Fuzhou,2207,2454,master,grandmaster,Tsinghua University
Tyg3R,,,Czechia,,2207,2233,master,master,CTU in Prague
liao772002,,,China,Chengdu,2206,2206,master,master,UESTC
azukun,,,Russia,,2203,2533,master,grandmaster,
TimonKnigge,Timon,Knigge,Netherlands,,2202,2528,master,grandmaster,Jane Street
aurinegro,Nicolas,Alvarez,Argentina,Bahía Blanca,2202,2436,master,grandmaster,Universidad Nacional del Sur
Nanaya,,,,,2201,2272,master,master,
RetiredAmrMahmoud,Amr,Mahmoud,Egypt,Alexandria,2201,2400,master,grandmaster,Google
kllp,,,,,2186,2270,master,master,
rantd,,,Japan,Tokyo,2183,2195,master,master,The University of Tokyo
ikbal,Ikbal,Kazar,Türkiye,Ankara,2181,2528,master,grandmaster,
joey2005,Yan,Liu,Canada,Kitchener,2180,2244,master,master,Google
tanyuqian,,,,,2180,2180,master,master,Shanghai Jiao Tong University
135678942570,tianle,tan,China,Beijing,2178,2327,master,international master,Bytedance
besher,M.Besher,Massri,Slovenia,Ljubljana,2174,2174,master,master,
Charming_Chen,Chen,Charming,China,,2173,2181,master,master,Zhangping No.1 High School
My_First_Lady,Haoming,Lu,China,Shanghai,2173,2245,master,master,Shanghai Jiao Tong University
Rafiki53,,,Poland,,2173,2264,master,master,University of Wrocław
TsunamiNoLetGo,Ahmed,Ossama,Egypt,Cairo,2173,2409,master,grandmaster,"Faculty of Engineering, Ain Shams University"
lexuanan,,,,,2170,2440,master,grandmaster,
nasadigital,David,Serafimov,North Macedonia,Skopje,2170,2277,master,master,
.I.,Andres,Unt,Estonia,Tartu,2164,2584,master,grandmaster,
PattS,Pattara,Sukprasert,Thailand,Bangkok,2164,2318,master,international master,Northwestern University
new_doubleh,Huang,He,China,,2156,2192,master,master,
ttiplea,Tudor,Tiplea,Romania,Sighetu Marmaţiei,2154,2240,master,master,University of Cambridge
SameerGulati,Sameer,Gulati,India,Delhi,2151,2322,master,international master,Google
_LAD_,,,,,2150,2164,master,master,
victorsenam,Victor Sena,Molero,Brazil,São Paulo,2149,2213,master,master,University of São Paulo
Mindstorm,,,Poland,Lublin,2148,2246,master,master,University of Warsaw
Nezzar,,,Hong Kong,Shatin,2148,2712,master,international grandmaster,CUHK
huantwofat,,,China,Beijing,2145,2147,master,master,Beijing Institute of Technology
hzwer,Zhewei,Huang,China,Fuzhou,2145,2230,master,master,Peking University
PrashantM,Prashant,Mahesh,India,Chennai,2143,2314,master,international master,Google
ed1d1a8d,Tony,Wang,United States,,2142,2274,master,master,MIT
tumut,,,Serbia,,2141,2141,master,master,
MathCrusader,,,Canada,Lethbridge,2140,2318,master,international master,
lostRating,Yao,Li,China,Shanghai,2140,2363,master,international master,Shanghai Jiao Tong University
sahilgrover,,,,,2139,2194,master,master,
niquefa_diego,Diego Said,Niquefa Velasquez,Colombia,Bogotá,2138,2376,master,international master,Universidad Nacional de Colombia
InheritG,Haiyu,Zhao,China,,2137,2163,master,master,Beihang University
JohnPaulII,,,Poland,,2137,2375,master,international master,
zhangzj,zijian,zhang,China,Changsha,2136,2198,master,master,Yali Middle School
Jimanbanashi,,,Singapore,Singapore,2134,2528,master,grandmaster,NEWSIS
harrypotter192,Sai,Sandeep,India,Mumbai,2131,2318,master,international master,IIT Bombay
Luqman,Luqman Arifin,Siswanto,Singapore,,2128,2149,master,master,Institut Teknologi Bandung
zaj,Michał,Zając,Poland,Krakow,2126,2126,master,master,Jagiellonian University
ZJiaQ,zhuang,jiaqi,China,Jinhua,2125,2189,master,master,Zhejiang Normal University
mexmans,Mansur,Kutybayev,Kazakhstan,Almaty,2125,2516,master,grandmaster,Almaty IITU
niike0goood,,,China,Fuzhou,2124,2259,master,master,Affiliated High School of Fujian Normal University
lavin,Zhaoyi,Zhang,China,Guangzhou,2123,2302,master,international master,
missAsuzy,Tackhee,Lee,South Korea,Seoul,2120,2152,master,master,Yonsei University
Landertxu,Leander,Bouquets,Spain,Barcelona,2119,2301,master,international master,Universitat Politècnica de Catalunya
Infinity25,Zhibo,Wang,China,Hangzhou,2117,2132,master,master,Beijing JiaoTong University
Michael,Michael,Levin,Russia,Moscow,2117,2366,master,international master,Yandex
-Morass-,,,Czechia,Prague,2116,2116,master,master,
Butane,,,,,2116,2116,master,master,
Ioana,Ioana-Maria,Tamas,Romania,Bucharest,2115,2115,master,master,
uhateme,Ritesh,Singla,India,New Delhi,2115,2124,master,master,Google
jki14,ZHE,WANG,China,Chongqing,2113,2113,master,master,Chongqing University
Qoogle,Jun,Qing,China,Chengdu,2112,2133,master,master,UESTC
arjundabra,arjun,dabra,India,Pilāni,2111,2111,master,master,"BITS, Pilani"
ykaya,Yasin,Kaya,Türkiye,Istanbul,2111,2215,master,master,Bogazici University
ondrah,Ondrej,Hubsch,Czechia,Prague,2107,2225,master,master,Charles University in Prague
KhaledKEE,Khaled,Zetamoo KEE,Egypt,Al Mansurah,2106,2326,master,international master,FCIS Ain Shams University
scipianus,Ciprian,Olariu,Romania,Vaslui,2106,2224,master,master,University of Bucharest
nitegazer,Celestine,Lau,Singapore,Singapore,2105,2139,master,master,Carnegie Mellon University
hiThere23,Tran Minh,Hieu,Vietnam,Hanoi,2102,2193,master,master,Hanoi University of Science and Technology
ipaljak,Ivan,Paljak,Croatia,Varaždin,2101,2234,master,master,Blockhouse Technology
xwchow,,,Australia,Melbourne,2101,2105,master,master,Monash University
whalyzh,,,,,2093,2093,candidate master,candidate master,
touristv2,Error,500,Vietnam,Ho Chi Minh City,2090,2217,candidate master,master,PTNK
PhamQuangHuy,,,Vietnam,,2089,2089,candidate master,candidate master,
WCG,Chun,Wu,United States,Ann Arbor,2087,2386,candidate master,international master,University of Michigan
keivan,keivan,alizadeh vahid,Iran,Tehran,2086,2275,candidate master,master,Sharif FUT
dnvtmf,,,China,,2084,2252,candidate master,master,UESTC
Chen_ChaoRui,ChaoRui,Chen,China,Fuzhou,2079,2308,candidate master,international master,Renmin University of China
hiyot,Jie,Liu,China,Beijing,2077,2134,candidate master,master,Beijing University of Posts and Telecommunications
rminuv372,zhenyang,dai,China,Beijing,2069,2222,candidate master,master,ACM_DIY
dancho,Yordan,Chaparov,Bulgaria,Yambol,2065,2434,candidate master,grandmaster,Imperial College London
NoWoDeYo,,,Canada,Toronto,2064,2079,candidate master,candidate master,
CrazyCow,,,China,,2061,2061,candidate master,candidate master,3FarmersTowerRush
Juniorandrade,Júnior,Andrade,Brazil,Pouso Alegre,2061,2061,candidate master,candidate master,Amazon
Death_Knight_DK,Rongqian,Jia,China,Beijing,2059,2129,candidate master,master,Beijing Institute of Technology
liuxiansheng,,,,,2057,2088,candidate master,candidate master,
uikos,,,,,2054,2173,candidate master,master,
IgorAkhmetov,Igor,Akhmetov,,,2053,2375,candidate master,international master,JetBrains
Al3ks1002,Alex,Cociorva,Romania,Cluj-Napoca,2052,2150,candidate master,master,Babeș-Bolyai University
Hasan0540,Hasan,Alhimish,Jordan,Amman,2051,2393,candidate master,international master,Google
SaDDaS,SADra,DAShti,Iran,Tehran,2051,2051,candidate master,candidate master,Salam
grandhi,,,,,2050,2050,candidate master,candidate master,
ha1vanka,Ivan,Ganev,Bulgaria,Shumen,2048,2065,candidate master,candidate master,School AB
sas4eka,Ilya,Sashcheka,Netherlands,Amsterdam,2045,2336,candidate master,international master,IMC financial markets
tloinuy,Tony,Liu,United States,,2045,2281,candidate master,master,
wanbo,wan,bo,China,Hangzhou,2043,2186,candidate master,master,Zhejiang University
anubhav94,Anubhav,Bindlish,India,New Delhi,2042,2124,candidate master,master,Facebook
Noureldin,Nour,,,,2040,2288,candidate master,master,
acerlawson,,,China,Shenzhen,2035,2035,candidate master,candidate master,UESTC
Amir.bh,Amir,Bitaraf Haghighi,Netherlands,Amsterdam,2033,2033,candidate master,candidate master,Booking.com
conglingdanpai,,,,,2028,2206,candidate master,master,
lixintong,,,,,2027,2059,candidate master,candidate master,
anudeep2011,Anudeep,Nekkanti,India,Visakhapatnam,2023,2168,candidate master,master,ANITS
fleimgruber,Florian,Leimgruber,Austria,,2023,2209,candidate master,master,
Woo,,,,,2022,2084,candidate master,candidate master,
himanshujaju,,,,,2021,2030,candidate master,candidate master,
sping128,Siwakorn,Srisakaokul,Thailand,Bangkok,2021,2226,candidate master,master,University of Illinois at Urbana-Champaign
mhadih,mohammad hadi,hojjat,Iran,Tehran,2015,2147,candidate master,master,University of Tehran
WhatTheFua,Anan,Schuett,Germany,Karlsruhe,2014,2157,candidate master,master,MWITs
nbybyyby,,,China,,2014,2014,candidate master,candidate master,University of Science and Technology Beijing
DigiMath,,,,,2012,2012,candidate master,candidate master,
StoneCold_,Anuj,Yadav,India,,2011,2098,candidate master,candidate master,"BITS, Pilani"
Kirishima,,,,,2008,2053,candidate master,candidate master,
Chitoge_Kirisaki,,,,,2007,2115,candidate master,master,
hongjun-7,Hongjun,Jang,South Korea,,2003,2035,candidate master,candidate master,Samsung Research
johnjq,Jonathan,Queiroz,Brazil,Salvador,2003,2096,candidate master,candidate master,Federal University of Bahia
Bugday,Mehmet Furkan,Bugday,Türkiye,Ankara,2002,2002,candidate master,candidate master,
nicolas.pe.92,,,,,1991,2011,candidate master,candidate master,
shilov,Vadim,Shilov,Russia,Perm,1991,2192,candidate master,master,Perm NRPU
wyxourlove,Yixian,wang,China,Hangzhou,1990,2072,candidate master,candidate master,eleme
MuratKhayrulin,Murat,Khairulin,Russia,Saratov,1989,2065,candidate master,candidate master,Yandex
ntopia,Seongwon,Park,South Korea,,1989,2083,candidate master,candidate master,Seoul National University
3z_sky,,,China,,1987,2064,candidate master,candidate master,
Balajiganapathi,Balajiganapathi,S,India,Bengaluru,1986,2363,candidate master,international master,CodeDrills
lucifer2709,Shiv,Dhingra,India,Mathura,1985,1985,candidate master,candidate master,IIIT Allahabad
dojiboy9,Deon,Nicholas,Canada,Waterloo,1984,2396,candidate master,international master,University of Waterloo
DylanJiang,Dylan,JIANG,China,Hangzhou,1983,1991,candidate master,candidate master,Alibaba.Inc
numbertheorist17,,,,,1982,2112,candidate master,master,
duyboy135,Duy,Nguyen,Vietnam,Hanoi,1981,2467,candidate master,grandmaster,Drexel University
Garo9521,Edgar,Santiago,Mexico,Mexico City,1978,1978,candidate master,candidate master,Escuela Superior de Cómputo
aniket20,Aniket,Marlapalle,India,Warangal,1978,2058,candidate master,candidate master,NIT Warangal
determinism,Yunus,Aydin,Türkiye,Istanbul,1976,2003,candidate master,candidate master,Uskudar American Academy
AkshajK,Akshaj,Kadaveru,United States,Fairfax,1974,2288,candidate master,master,MIT
inutard,,,Canada,Vancouver,1974,1982,candidate master,candidate master,UBC
ucfpt,,,,,1973,1973,candidate master,candidate master,
bluemmb,Mohammad,Eftekhari,Iran,Tabriz,1972,2020,candidate master,candidate master,Urmia University
codexile,,,,,1972,1972,candidate master,candidate master,
m.raszyk,Martin,Raszyk,Czechia,,1972,2223,candidate master,master,
kabell,,,Slovakia,Bánovce nad Bebravou,1971,2069,candidate master,candidate master,KSP Slovakia
meintoo,kush,khandelwal,India,Allahabad,1971,2001,candidate master,candidate master,"MNNIT, Allahabad"
Zailton,Zailton,Calheiros,Brazil,Natal,1969,2162,candidate master,master,Universidade Federal do Rio Grande do Norte
bertho_coder,rm,tonmoy,Bangladesh,Dhaka,1968,2154,candidate master,master,University of Dhaka
zhsh,Zh,Sh,Australia,,1968,2279,candidate master,master,
2360,,,Micronesia,,1967,2005,candidate master,candidate master,
linpaws,Swapnil,Garg,United States,Sunnyvale,1967,2257,candidate master,master,USACO
Azat_Yusupov,Azat,Yusupov,Uzbekistan,Urgench,1966,2071,candidate master,candidate master,TUIT Urgench Branch
MarioYC,Mario,Ynocente Castro,Peru,Lima,1966,2235,candidate master,master,Universidad Nacional de Ingeniería
ITDOI,HamidReza,Hedayati,Iran,Tehran,1964,2184,candidate master,master,Sharif FUT
Adhambek,Adham,Toshkanov,Uzbekistan,Tashkent,1963,1963,candidate master,candidate master,Green White Solutions
balakrishnan,Balakrishnan,Varadarajan,United States,Sunnyvale,1963,2274,candidate master,master,
spetsnaz,,,Estonia,Tallinn,1959,1977,candidate master,candidate master,
Bera,Bera,Sogut,Canada,Montreal,1956,2012,candidate master,candidate master,McGill University
Whopper,Tomasz,Garbus,Poland,Gdynia,1956,2185,candidate master,master,III LO Gdynia
PlayLikeNeverB4,George,Mărcuș,Romania,Timișoara,1952,2260,candidate master,master,West University of Timisoara
rishicomplex,Rishi,Mehta,United States,,1950,1950,candidate master,candidate master,
sampriti,Sampriti,Panda,United States,Philadelphia,1949,2042,candidate master,candidate master,
Ringod,,,,,1948,2022,candidate master,candidate master,
9mmlitswe,9mm,,Taiwan,Taipei,1947,2040,candidate master,candidate master,DLConf.
techwiz911,Shriram,Rahatgaonkar,India,Hyderabad,1947,1951,candidate master,candidate master,IIIT Hyderabad
xiper,,,China,Leshan,1947,2034,candidate master,candidate master,UESTC
TheTerminalGuy,Satwant,Rana,India,,1944,2043,candidate master,candidate master,
AhmadFathiElRuby,Ahmad,Fathi,Egypt,,1943,1943,candidate master,candidate master,FCIS Ain Shams University
microtony,Tony,Wong,Hong Kong,Hong Kong,1943,2401,candidate master,grandmaster,Google
dpaleka,Daniel,Paleka,Croatia,Zadar,1942,2252,candidate master,master,ETH Zurich
thiagocarvp,Thiago,,Brazil,,1942,2015,candidate master,candidate master,Universidade Federal de Itajubá
anthonyhkf,,,,,1941,2118,candidate master,master,
wRabbits_AlMag,Alex,Stakh,Ukraine,Vinnytsia,1941,2067,candidate master,candidate master,Microsoft
ordyh,,,Poland,,1940,2149,candidate master,master,
zetamoo,Mohamed Salama,Halim,Egypt,Cairo,1940,2383,candidate master,international master,FCIS Ain Shams University
Messi,Yeskendir,Sultanov,Kazakhstan,Almaty,1938,1992,candidate master,candidate master,Fizmat Almaty
abhaygarg,,,India,New Delhi,1936,1936,candidate master,candidate master,"Netaji Subhas Institute of Technology, Delhi"
shubhamvijay,Shubham,Vijayvargiya,India,Hyderabad,1934,2015,candidate master,candidate master,IIIT Hyderabad
Trasier,Yuxiang,Zeng,China,Beijing,1931,2023,candidate master,candidate master,Beihang University
Silent_coder,Rashedul Hasan,Rijul,Bangladesh,Dhaka,1930,2044,candidate master,candidate master,University of Dhaka
shobe,Andrei,Stanciu,Romania,Bucharest,1928,2049,candidate master,candidate master,ICHB
shdut,,,,,1926,2133,candidate master,master,
_piyush,,,United States,Mountain View,1925,1925,candidate master,candidate master,Google
venkat82,Venkateswara Rao,Ch,India,Mumbai,1924,1967,candidate master,candidate master,IIT Bombay
HandIeNeeded,Cant tell,You,Japan,,1922,2107,candidate master,master,
sleepyhunt,,,China,Wenzhou,1921,1921,candidate master,candidate master,
mayoko,,,Japan,,1920,1920,candidate master,candidate master,
akat,Valentin,Borisov,Bulgaria,,1919,2050,candidate master,candidate master,
ibra,Ibragim,Ismailov,United States,Bellevue,1918,2161,candidate master,master,Microsoft
cyk2011,Yukang,Chen,China,Wenzhou,1916,2078,candidate master,candidate master,Fudan University
Leonid,,,Lithuania,,1915,2196,candidate master,master,
sadhwaniyash6,Yash,Sadhwan,India,Hyderabad,1915,2107,candidate master,master,Microsoft
ArtDitel,Artem,Verkhoglyadov,,,1914,2253,candidate master,master,pinely
LWMAN,,,,,1908,1908,candidate master,candidate master,
hsnprsd,Ehsan,Poursaeed,Iran,Tehran,1907,2018,candidate master,candidate master,Allame Helli
J-C,Sakibul,Mowla,Bangladesh,Chittagong,1905,1907,candidate master,candidate master,Shahjalal University of Science and Technology
Carups,Nikolay,Kuzivanov,Russia,Tomsk,1904,2247,candidate master,master,Tomsk PU
nherceg,,,Croatia,,1904,2114,candidate master,master,
daga,,Daga,India,Roorkee,1902,1907,candidate master,candidate master,IIT Roorkee
manu1311,Manu,Jain,India,Ghaziabad,1902,2016,candidate master,candidate master,IIIT Hyderabad
HappyPerson,Jordan,,Mexico,,1896,1994,expert,candidate master,
MojtabaSh,Mojtaba,Shahbazi,Iran,Tehran,1891,2110,expert,master,University of Tehran
SoulSilver,Gay,vl,Vietnam,Ho Chi Minh City,1879,2054,expert,candidate master,
hiukim,,,Hong Kong,,1879,2141,expert,master,
Pepe.Chess,Hussain,Kara Fallah,Syria,Latakia,1877,2367,expert,international master,WISE
lgarcia,Luis,Garcia,Venezuela,Barquisimeto,1877,1965,expert,candidate master,Universidad Centroccidental Lisandro Alvarado
kyuridenamida,Kazuma,Mikami,Japan,Osaka,1873,2308,expert,international master,Osaka University
rxms111,,,,,1873,1904,expert,candidate master,
new_page001,,,,,1867,1979,expert,candidate master,
ATofighi,AliReza,Tofighi Mohammadi,Iran,Yazd,1864,2048,expert,candidate master,Sharif FUT
saurabhverma,Saurabh,Verma,India,Bhopal,1863,2130,expert,master,IIT Roorkee
kona,,,China,,1862,2098,expert,candidate master,
Lint,Lintong,Li,China,,1859,1974,expert,candidate master,
CurbStomp,Mahesh,Mishra,India,Bengaluru,1858,1921,expert,candidate master,Google
randomstr,,,,,1858,2129,expert,master,
sagarkaniche,Sagar,Kaniche,India,Hyderabad,1850,1959,expert,candidate master,IIT Hyderabad
ahm0011994,,,,,1840,2020,expert,candidate master,Wuhan University of Science and Technology
Baby_Steps,,,Egypt,,1835,2027,expert,candidate master,FCI-CU
farnasirim,Mohammad,Nasirifar,Iran,Tehran,1828,1971,expert,candidate master,Shahid Beheshti University
samiemad,Sami,EMAD,Syria,,1828,1944,expert,candidate master,tishreen university
SandorGarcia,Sandor,Garcia,Cuba,Havana,1824,2223,expert,master,University of Havana
choice,,,Antarctica,McMurdo Station,1817,2175,expert,master,
2013300262,Jia,Zhao,China,,1802,2231,expert,master,
espr1t,Alexander,Georgiev,Bulgaria,Sofia,1802,2355,expert,international master,Sofia University
amankedia1994,Aman,Kedia,India,Roorkee,1797,2191,expert,master,IIT Roorkee
RomeoFantastik,Andrei,Chiriac,Romania,Vaslui,1788,2155,expert,master,Liceul Stefan Procopiu Vaslui
Labib666,Labib,Rashid,Bangladesh,Dhaka,1784,1988,expert,candidate master,North South University
GeKa,,,Ukraine,Lviv,1781,2193,expert,master,Lviv-Code
tsiki,,,Finland,,1775,2032,expert,candidate master,Aalto University
rednivrug15,Gurvinder,Singh,India,Bengaluru,1771,2023,expert,candidate master,NITK Surathkal
NourElRashidy,Nour,El-Rashidy,Egypt,Cairo,1770,2093,expert,candidate master,FCIS Ain Shams University
WildUtah,Brian,,United States,Salt Lake City,1762,2127,expert,master,Speaking Bees Company
M_H_M,Mohamad Hasan,Mousavi,Iran,Tehran,1759,2009,expert,candidate master,Allame Helli
auguste42,Auguste,Olivry,France,,1759,1916,expert,candidate master,
FoolForCS,Siddhant,Sharan,India,Varanasi,1758,1951,expert,candidate master,IIT BHU Varanasi
Manny,Alibek,Manabayev,Kazakhstan,Almaty,1753,1907,expert,candidate master,Nazarbayev University
stuno,Stanislav,Ivanov,Bulgaria,,1752,1901,expert,candidate master,Hyperscience
aeremin,Alexey,Eremin,Switzerland,Zurich,1748,2232,expert,master,Google
karanaggarwal,Karan,Aggarwal,India,New Delhi,1734,2294,expert,master,IIIT Hyderabad
fifiman,,,Serbia,Belgrade,1726,1902,expert,candidate master,
PTNK130919966,ManhTien,NguyenHoang,Vietnam,Ho Chi Minh City,1710,1989,expert,candidate master,
DmitriyH,Dmitriy,Khodyrev,,,1709,2072,expert,candidate master,
i.trofimow,,,Russia,Moscow,1706,2069,expert,candidate master,
_Eren_,Eren,Altunoglu,Türkiye,Istanbul,1702,2026,expert,candidate master,
P_Nyagolov,Petar,Nyagolov,Bulgaria,Rousse,1660,2243,expert,master,MG Baba Tonka Ruse
NeverSayNever,,,,,1652,2003,expert,candidate master,
bratek20,Bartosz,Rudzki,Poland,Wrocław,1648,1952,expert,candidate master,Uniwersytet Wrocławski
clafcm,,,India,,1646,1906,expert,candidate master,
fauzdar65,Abhinav,Faujdar,India,Noida,1645,2105,expert,master,
mukel,Alfonso²,Peterssen,Switzerland,Zurich,1637,2162,expert,master,Oracle Labs
AU.Bahosain,Abdullah,Bahosain,Jordan,Amman,1626,2028,expert,candidate master,Hiasat fan-club
luke0201,Luke,Lee,South Korea,Suwon,1621,2055,expert,candidate master,Ajou University
BIT-silence,Xiaomeng,Yang,United States,Sunnyvale,1611,2133,expert,master,Facebook
fushar,Ashar,Fuadi,Indonesia,,1543,2219,specialist,master,
1101_,Liang,Sheng,China,Hangzhou,1482,1972,specialist,candidate master,Zhejiang University
NelsonMondialu,Gemene,Narcis,Romania,Vaslui,1481,1957,specialist,candidate master,University of Bucharest
BigWhiteRabbit,Layne,Huang,China,Guangzhou,1323,1973,pupil,candidate master,SCAU
