handle,first_name,last_name,country,city,rating,max_rating,rank,max_rank,organization
Bnahmad23,Ahmad,Naser,Jordan,Zarqa,1972,1990,candidate master,candidate master,University of Jordan
Ahmed_Ashraf_f,Ahmed,Ashraf,Egypt,Sohag,1916,1916,candidate master,candidate master,sohag university
Pa_sha,Pasha,,Ukraine,Mukacheve,1791,1972,expert,candidate master,Charles University in Prague
i_liek_cheezits,,,United States,,1761,1761,expert,expert,Paul Yoo Fan Club
arnavra3,Arnav,Andem,India,Hyderabad,1760,1760,expert,expert,IIT Patna
6666_segment_tree,Neel,Tandel,India,Valsād,1755,1755,expert,expert,DA-IICT
MisterCupid,,,India,,1723,1762,expert,expert,
linearspace,,,Russia,Moscow,1721,1747,expert,expert,unskilled
Youssef_Elwazzan,Youssef,Elwazzan,Egypt,Alexandria,1715,1715,expert,expert,AAST Arab Academy
bnmanubharadwaj,Manu,Bharadwaj BN,India,,1714,1714,expert,expert,
Sandman10,,,United States,Los Angeles,1709,1748,expert,expert,Jiangly Fan Club
pedrolino,,,Brazil,Curitiba,1707,1707,expert,expert,Federal University of Paraná
Maks_Voiteh,,,,,1705,1705,expert,expert,
fisher199,Cause anyways the only way,,Costa Rica,Alajuela,1703,1703,expert,expert,Instituto Tecnologico De Costa Rica
NexTopper,You cant put a limit on anything.,"The more you dream,the further you get",Bangladesh,Comilla,1697,1697,expert,expert,"Islamic University,Bangladesh"
Nour_alali2000,,,,,1691,1691,expert,expert,
sovunia,Bobojonova,Mehrona,Tajikistan,Khujand,1687,1687,expert,expert,Physics and Mathematics lyceum #1 by M.Osimi
Matveyko,Matvey,Sologub,Russia,Saint Petersburg,1684,1754,expert,expert,ITMO University
poat,Behruz,Nazirjon,Tajikistan,Dushanbe,1683,1683,expert,expert,ElectiCode
coderbd,Dutch,Dijkstra,Hong Kong,Hong Kong,1680,2006,expert,candidate master,
sk9698,,,,,1679,1679,expert,expert,
otiko_lagadze,otiko,lagadze,Georgia,Kutaisi,1673,1673,expert,expert,"Kutaisi, AiaSoft"
ChirkovM,Michael,Chirkov,Russia,Yaroslavl,1672,1679,expert,expert,YarSU
HuTao_Oya_OyaOya,,,,,1669,1669,expert,expert,
ideservebetter,:),,,,1669,1683,expert,expert,
tridipta1912,Tridipta,Mishra,India,Siliguri,1669,1669,expert,expert,IIT Roorkee
Mohamed_M.M.R,,,Egypt,Banī Suwayf,1668,1693,expert,expert,Azhar University
heavenly_principles,Unknown God,,,,1667,1667,expert,expert,Tevyat
i3mr125,Omar,Mahfouz,Egypt,Giza,1666,1666,expert,expert,FCI-Cairo university
mercury6,Hardik,Garg,India,Haridwar,1665,1665,expert,expert,IIT Delhi
Julea,,,India,Patna,1658,1658,expert,expert,IIIT Bangalore
Ghos007,,,,,1651,1651,expert,expert,BEZDAR
MrBruceWayne,,,Russia,,1648,1648,expert,expert,Bat-Family
baboby,Abdullah,Barakat,Jordan,Amman,1644,1644,expert,expert,PSUT
EzzEldeen_Ali,Ezz Eldeen,Ali,Egypt,Qina,1636,1650,expert,expert,Fci south valley university
asterisk11,Rithvik,Konidena,India,Hyderabad,1635,1635,expert,expert,IIT Patna
mirzoprojects,Mirzobahodur,Rahmatov,Tajikistan,Khujand,1635,1667,expert,expert,Physics and Mathematics lyceum #1 by M.Osimi
mohit_here,,,India,,1635,1686,expert,expert,IIT Delhi
schrodeR,Aaryan,Kuntal,India,Bharatpur,1634,1634,expert,expert,IIIT Allahabad
zachman99323,,,,,1633,1653,expert,expert,
DDato,,,Kazakhstan,,1631,1631,expert,expert,Justin Cyber
sohailkazi,Sohail,Kazi,India,Guwahati,1631,1631,expert,expert,NIT Silchar
Thunnus,,,Palau,,1628,1656,expert,expert,osmanbaran fan club
kauperwood,,,,,1626,1771,expert,expert,YarSU
ak_alt07,,,,,1623,1623,expert,expert,
Morsan,Ibrahim,Fostok,Syria,Damascus,1622,1622,expert,expert,SOI
Rimuru,,,,,1622,1622,expert,expert,IIIT Lucknow
HADIA_ABD,HADIA,ABDULKAREM,Syria,Hama,1621,1621,expert,expert,"IT Faculity, Al-Baath University"
Adham_Ibrahim,Adham,202201929,Egypt,Giza,1620,1675,expert,expert,FCIS-october 6 university
Kushagra_18,Kushagra,Sharma,India,Alwar,1619,1619,expert,expert,Indian Institute of Technology Ropar
M1chael_Petrov,,,Russia,Nizhny Novgorod,1619,1775,expert,expert,NRNU MEPhI
vbutenko,Vladislav,Butenko,Russia,Stavropol,1619,1669,expert,expert,
ydv_m_k,Mukhram,Yadav,India,Varanasi,1619,1648,expert,expert,IIT-BHU Varanasi
alpha1215,,,India,Allahabad,1618,1691,expert,expert,MANIT Hateclub
Miraculous_100,Rama,Kabbani,Syria,Aleppo,1614,1614,expert,expert,Aleppo University
OmarAboutaleb77,,,Egypt,,1612,1624,expert,expert,UCSB
shreyk,Shreyansh,Kuntal,India,Bulandshahr,1609,1648,expert,expert,MSP IITR
ParsaFarin,Parsa,Farin Mehr,Iran,Tehran,1608,1608,expert,expert,AE high school
Ss1TNFS,,,,,1607,1620,expert,expert,
MR_NoSolution,Omar,Yehia,Egypt,Cairo,1606,1606,expert,expert,Higher Technological Institute  10th Of Ramadan
verstrapp_1,Vishal,,,,1606,1606,expert,expert,
PalD,Dmitry,Palysaev,Russia,Moscow,1604,1656,expert,expert,
justlm,,,Russia,,1604,1604,expert,expert,unskilled
rampkroctzzc,,,,,1604,1604,expert,expert,
FHH2004,Francisco,Hernandez,Mexico,San Luis Potosí City,1601,1601,expert,expert,Universidad Autonoma SLP
s3yoonpark,Seyoon,Park,United Kingdom,London,1600,1628,expert,expert,
wot_blitz,,,Uzbekistan,Tashkent,1600,1600,expert,expert,
do4z,Swapnil,Pandey,India,Kanpur,1593,1674,specialist,expert,IET Lucknow
National-Vanilla7605,Aryan,phad,India,Nashik,1592,1592,specialist,specialist,IIT Patna
Rashed.23,MD. RASHEDUL,ISLAM,Bangladesh,Sylhet,1591,1591,specialist,specialist,Shahjalal University of Science and Technology
HaisTous,Vladislav,Pikun,Belarus,Svyetlahorsk,1590,1590,specialist,specialist,Computer Center
roshanVerma,Roshan,Kumar Verma,India,Lucknow,1590,1812,specialist,expert,IIT Patna
Miku_miao,,,,,1586,1751,specialist,expert,
noobcoder696969,Kush,Mazumdar,India,Bhilai,1586,1586,specialist,specialist,"Indian Statistical Institute , Bangalore"
yunjie,Jason,0QUTuuFUwZjxK7SSXDmX,Canada,Montreal,1585,1585,specialist,specialist,McGill University
calebmartim,Caleb,,Brazil,Brasília,1583,1679,specialist,expert,University of Brasilia
copyPasteCoder,,,,,1579,1644,specialist,expert,
123_QWEasd,,,,,1576,1594,specialist,specialist,
Hasspo,,,Russia,Tomsk,1574,1580,specialist,specialist,"Tomsk, MAEI № 4"
Utsav_Kasvala,Utsav,Kasvala,India,Surat,1574,1574,specialist,specialist,Motilal Nehru National Institue of Technology
sushmit2022,,,,,1570,1570,specialist,specialist,
abhi_06,,,,,1568,1568,specialist,specialist,
fernandezpalomojosue,Josué,Fernández Palomo,Cuba,Santiago de Cuba,1567,1669,specialist,expert,Universidad de Oriente
-vlzar-,,,Russia,Krasnodar,1564,1691,specialist,expert,Red Moon
macaquedev,,,United Kingdom,,1562,1713,specialist,expert,
M.Thaer,Mohamed,Thaer,Egypt,Cairo,1556,1615,specialist,expert,BFCAI Benha University
Mahf,,,Mauritania,Nouakchott,1555,1556,specialist,specialist,
FadyRafat,Fady,Rafat,Egypt,Cairo,1554,1777,specialist,expert,FCIS Ain Shams University
sauravkr485,saurav,kumar,India,Delhi,1550,1561,specialist,specialist,Delhi Technological University
nOtAmEeR-_-,ameer,jamal,Palestinian Territory,Ramallah,1547,1547,specialist,specialist,birzeit University
omennn,,,,,1546,1562,specialist,specialist,
Harraaak,Mohammad,Hussein,Syria,Latakia,1542,1618,specialist,expert,tishreen university
ratinggobrrrrr,,,Egypt,,1542,1716,specialist,expert,
eugenechka.boyko.2_0-0,,,,,1538,1652,specialist,expert,
kareem_Bizreh,Kareem,Bizreh,Syria,Damascus,1538,1538,specialist,specialist,Yaman-Eyad Fan Club
619,,,,,1536,1770,specialist,expert,arnavra3 fan club
A1ternate,,,,,1535,1535,specialist,specialist,
E-rK,Emir Recep,Kuzu,Türkiye,Izmir,1534,1570,specialist,specialist,
Snack_Lover-77,cheeku,,,,1533,1533,specialist,specialist,Autism University
verdantgmd,,,,,1531,1531,specialist,specialist,
Gerges_Hany,Gerges,Hany,Egypt,Ismailia,1529,1529,specialist,specialist,Suez Canal University
Omar__Fawzy,Omar Mohamed,Fawzy,Egypt,Qina,1528,1809,specialist,expert,Fci south valley university
stuwupidwjbu,,,,,1526,1526,specialist,specialist,
Eiad_Ahmed,,,Egypt,Cairo,1523,1531,specialist,specialist,FCIS Ain Shams University
susybaka,,,,,1523,1526,specialist,specialist,
p1x3lph4nt0m,,,Antarctica,,1518,1530,specialist,specialist,
yoyo0869,Yuvraj,Verma,India,Chandigarh,1516,1617,specialist,expert,IIT Patna
KemoCode,Karim,El Mosalamy,Egypt,Cairo,1513,1642,specialist,expert,German University in Cairo
Ahmed_sensei,Ahmed,Reda,Palestinian Territory,,1512,1512,specialist,specialist,Meow
redquasar,,,,,1512,1641,specialist,expert,
parth.agarwal,,,India,Hāpur,1511,1511,specialist,specialist,IIT BHU Varanasi
De_Lesseps,How many secrets  are there in corners and how,many remains in people,Egypt,Al Fayyum,1508,1621,specialist,expert,Computers and Information Fayoum university
H_R_K,Hridoy,nandi,Bangladesh,Dhaka,1508,1546,specialist,specialist,AUST
Mou_malenkij_Deutschland,,,Germany,,1507,1538,specialist,specialist,deadinside✓emo✓drain✓epileptic✓paranoid✓toxic✓
_AnshumanSingh,Anshuman,Singh,India,Bikaner,1507,1604,specialist,expert,
crazyinsane,,,,,1504,1559,specialist,specialist,
spampots,,,,,1503,1503,specialist,specialist,
antonov1lya,Ilya,Antonov,Russia,Nizhny Novgorod,1502,1645,specialist,expert,NRU HSE - Nizhny Novgorod
mathiterafy,,JnQe0ElEmAKQ0aJNvkAo,,,1502,1538,specialist,specialist,
nice12,,,,,1502,1502,specialist,specialist,
Ansh0216,Ansh,Agrawal,India,Nainital,1497,1497,specialist,specialist,IIIT Lucknow
Mhmd_Bakr,Mohamed,Bakr,Egypt,Kafr ash Shaykh,1496,1632,specialist,expert,FCI Kafrelsheikh University
pCode14,,,Canada,,1496,1496,specialist,specialist,
AG-88301,,,United Kingdom,,1495,1554,specialist,specialist,
gouravts,,,,,1495,1506,specialist,specialist,
shubhran1718,Shubhranshu,Mishra,India,Allahabad,1495,1563,specialist,specialist,Motilal Nehru National Institue of Technology
Nick444,,,Ukraine,Donetsk,1490,1490,specialist,specialist,UPML KNU
baraa.ahmed.awad10,,,,,1490,1490,specialist,specialist,
gnarhack,,,,,1489,1489,specialist,specialist,
Osama_S10,‪Osama,Sabry‬‏,Egypt,Qina,1487,1754,specialist,expert,Fci south valley university
Alikhder7,Ali,khder,Syria,Homs,1482,1549,specialist,specialist,"IT Faculity, Al-Baath University"
Wevton,,,Brazil,Goiânia,1481,1481,specialist,specialist,UFG - Universidade Feredal de Goias
Kakkart16,Tushar,Kakkar,India,Kichha,1480,1684,specialist,expert,ajay kumar garg engineering college
Ahmed_El_Gendy,Ahmed,El Gendy,Egypt,Port Said,1479,1545,specialist,specialist,Port Said University
_FFT_,Morty,Smith,,,1479,1551,specialist,specialist,Dimension 79⊢⊇V
tanishchugh05,Tanish,Chugh,India,Sangrur,1479,1520,specialist,specialist,"IIT BHU , Varanasi"
wejih,,,Tunisia,Tunis,1478,1531,specialist,specialist,ENSI
Anuar-B-005-26,Anuar,Bissenov,Kazakhstan,Aqtöbe,1477,1606,specialist,expert,Aktobe KTL
araga,Arpit,Agarwal,India,Haridwar,1477,1477,specialist,specialist,IIT Patna
Drago,Youssef,Ahmed,Palestinian Territory,,1475,1475,specialist,specialist,
Lucifer489,Lokesh,Singla,India,Ludhiana,1475,1606,specialist,expert,
osama_bq,,,Bangladesh,Dhaka,1475,1542,specialist,specialist,East West University
kiato_kid_2008,Adeeb,Obedo,Syria,Aleppo,1473,1649,specialist,expert,SOI
tickbird,,,,,1471,1479,specialist,specialist,
Fatem_Samy,,,Palestinian Territory,Gaza,1464,1464,specialist,specialist,Minya University
Mysterious_X,Rishi,Jha,India,Delhi,1464,1642,specialist,expert,bhagwan parshuram institute of technology
Supersidd,Siddharth,Damle,India,Pune,1464,1542,specialist,specialist,BITS Pilani Goa Campus
Anfeco,,,,,1462,1570,specialist,specialist,
Mohammed84Farouk,Mohammed,Farouk,Egypt,Cairo,1462,1556,specialist,specialist,"Faculty of Engineering, Ain Shams University"
noxious_tab,,,,,1462,1462,specialist,specialist,Leonard Euler fan-club
El_Farag,Mohamedan,Farag,Egypt,Port Said,1458,1493,specialist,specialist,Suez Canal University
shubhz2406,shubhanshu,sharma,India,Bhopal,1458,1508,specialist,specialist,"SGSITS,Indore"
Khattaab,Mostafa,Khattab,Palestinian Territory,Gaza,1457,1565,specialist,specialist,Modern Academy
anshul_169,Anshul,Singh,Tonga,,1456,1580,specialist,specialist,IIIT Allahabad
Roll_Num_44,Raihanul,Islam,Bangladesh,Dhaka,1455,1455,specialist,specialist,American International University Bangladesh
tester6609,Anupam,Konwar,India,,1455,1455,specialist,specialist,NIT Silchar
0xEssam,,,,,1454,1655,specialist,expert,Faculty of Engineering at Shoubra
Wiaam_SA,Wiaam,Salem,Syria,Damascus,1451,1451,specialist,specialist,Damascus University ITE
Mirx,,,Argentina,Córdoba,1449,1449,specialist,specialist,FaMAF
Nayper,Angello,Pisfil,Peru,Lima,1449,1449,specialist,specialist,Universidad Nacional de Ingeniería
defender_087,ROHIT,SINGH,India,Allahabad,1448,1448,specialist,specialist,PW Institute of Innovation
sociophobic,,,,,1448,1448,specialist,specialist,
Salfi_Sabit,,,Bangladesh,Dhaka,1447,1500,specialist,specialist,University of Information Technology and Sciences
zapolsky.mi,,,,,1446,1446,specialist,specialist,
Moamen-111,Moamen,Mohammed,Egypt,Tanta,1445,1445,specialist,specialist,Egyptian E-Learning University
XtraByte,Seif,Said weld khalet Faker,South Korea,Seoul,1445,1445,specialist,specialist,ENSI
v1shal,Vishal,Suthar,India,Jodhpur,1445,1481,specialist,specialist,"Army Institute Of Technology (AIT), Pune"
Singoe,,,Peru,Lima,1441,1543,specialist,specialist,Universidad Peruana de Ciencias Aplicadas
Turkmeniscoldish,Ziad,Ismaili Alaoui,United Kingdom,York,1438,1482,specialist,specialist,University of York
baloon8,,,,,1438,1438,specialist,specialist,
UniqueMurad,,,,,1437,1467,specialist,specialist,
Megalosaurus.,E4CY0T7OB16Y6LA,,,,1436,1436,specialist,specialist,
Ad1let,Someone,You Scared of,Kazakhstan,Aktau,1435,1784,specialist,expert,ba 4aliwaik wws
Sekai02,Luis Alejandro,Arteaga,Cuba,Matanzas,1434,1434,specialist,specialist,University of Havana
pcm_op,Sahil,Gupta,India,Ghaziabad,1432,1432,specialist,specialist,IIIT Delhi
samSamy,,,,,1432,1515,specialist,specialist,
smilence,,,,,1432,1498,specialist,specialist,
anas_ahmad7950,,,,,1431,1508,specialist,specialist,
nonii,,,,,1431,1514,specialist,specialist,AshrafYousry Fan Club
Aditya73737,,,India,,1430,1430,specialist,specialist,IIIT Allahabad
MightyStorm,,,Russia,Sochi,1429,1583,specialist,specialist,Higher School of Economics
Heisenberg2020,,,,,1427,1452,specialist,specialist,
patilmanishkishor,Manish,Patil,India,Jalgaon,1427,1427,specialist,specialist,NIT Trichy
u1nder3taker,Sayidazim,Rajabov,Russia,Moscow,1426,1426,specialist,specialist,Aqeq Fan Club
MangoDango,,,,,1424,1424,specialist,specialist,
AhmedLaithy,,,,,1423,1423,specialist,specialist,
Ami_Nul,Aminul,Haque,Bangladesh,Sylhet,1422,1496,specialist,specialist,Chittagong University of Eng and Tech
Mamun064,Al,Mamun,Bangladesh,Dhaka,1422,1422,specialist,specialist,BSMRSTU
RakibulIslam,Md. Rakibul,Islam,Bangladesh,Barisal,1422,1693,specialist,expert,East West University
atharvadp,Atharva,Deopujari,India,Mumbai,1420,1420,specialist,specialist,
shubham22488,,,,,1419,1419,specialist,specialist,
mohamedhesham,Mohamed,Hesham,Egypt,Port Said,1418,1418,specialist,specialist,Port Said University
Archer.blaze,,,,,1417,1522,specialist,specialist,
Nonamer,,,,,1416,1631,specialist,expert,
oneautumnleaf_,,,Russia,Moscow,1414,1534,specialist,specialist,horny
deadlock_58,,,,,1413,1413,specialist,specialist,
justalex,Alekh,Srivastava,India,Allahabad,1413,1413,specialist,specialist,
Chal1k,Nurym,Estai,Kazakhstan,Qulsary,1412,1444,specialist,specialist,I love MO Algorithm
MaherAl-nouri,Maher,Al-nouri,Syria,Damascus,1411,1419,specialist,specialist,"IT Faculity, Al-Baath University"
i_m_speeeeed,Yatharth,Yash,India,Jamnagar,1411,1431,specialist,specialist,
rn_das_2004,Ritesh N,Das,India,Kolkata,1410,1544,specialist,specialist,IIIT Allahabad
bhatte_here,,,,,1407,1524,specialist,specialist,
sujal22514,Sujal,Suri,,,1407,1533,specialist,specialist,IIIT-DELHI
fekys,,,China,Guangzhou,1406,1450,specialist,specialist,Zhyga-Dryga
ChiyoYuki_if,Yuki,etlgNn7w3vGGaN5PmkSK,China,Shanghai,1404,1497,specialist,specialist,East China Normal University
Rajaji69,,,,,1404,1404,specialist,specialist,IIIT UNA
b3dsh,Mahmoud,Abdulmawlaa,Palestinian Territory,Gaza,1404,1609,specialist,expert,Faculty of Engineering - Mansoura University
jaded_guy,meowsosan,,,,1404,1404,specialist,specialist,
rmz,,,Jordan,Amman,1404,1543,specialist,specialist,kilani's basement
MR.JO,Youssef,Nasser,Egypt,Giza,1403,1443,specialist,specialist,FCI-Cairo university
Shishir_11,,,,,1403,1403,specialist,specialist,
Zoz,Ezzat,Walid,Egypt,Al Fayyum,1403,1600,specialist,expert,Computers and Information Fayoum university
yousef_fadl_ragab_01,Yousef,Fadl,Egypt,Minya,1403,1457,specialist,specialist,Minya University
Baby_Bird,Aleksandr,Gogotov,Russia,Saint Petersburg,1402,1421,specialist,specialist,Saint-Petersburg SU
Ad4rsh,,,,,1401,1401,specialist,specialist,
mkshh,,,,,1401,1401,specialist,specialist,mkshh hate club
A7med_Sayed,AHMED,Sayed,Egypt,Qina,1400,1400,specialist,specialist,Fci south valley university
DarthPlagg,,,Poland,Warsaw,1400,1400,specialist,specialist,
AceofSpades_06,Siddharth,Kantu,India,Hyderabad,1398,1452,pupil,specialist,IIT Hyderabad
The_Andrey,,,Russia,Taganrog,1398,1398,pupil,pupil,
GuestForAWhile,,,,,1397,1477,pupil,specialist,
sary-bala,,,,,1397,1526,pupil,specialist,
PipRa,Habibur,Rahman,Bangladesh,Jamālpur,1396,1396,pupil,pupil,University Of Rajshahi
abd-alrzaq,abd alrzaq,najieb,Syria,Damascus,1396,1485,pupil,specialist,Yaman-Eyad Fan Club
shivamshaw23,"if you dont know, im very dumb,",,,,1396,1396,pupil,pupil,IIT Kanpur
melterex,Ilya,Aleksandrov,Russia,Tomsk,1394,1394,pupil,pupil,Lyceum TPU
shriganesh83,Shriganesh,Bhide,India,Mumbai,1394,1619,pupil,expert,IIIT KOTTAYAM
ARIF_30,Ariful,Islam,Bangladesh,Brahmanbaria ,1393,1568,pupil,specialist,University Of Rajshahi
Dragon_Codes_N,Jaafar,Almjersah,Syria,Latakia,1393,1481,pupil,specialist,SOI
Akshat7142,,,,,1391,1400,pupil,specialist,Maulana Azad National Institute of Technology
MostafaSayed.R,Mostafa,Sayed,Egypt,Sohag,1390,1427,pupil,specialist,Assiut University
suff_erer,,,,,1388,1407,pupil,specialist,
Mostafa__Fouad,Mostafa,Mahmoud,Palestinian Territory,Gaza,1387,1473,pupil,specialist,Faculty Of Computer Science El Shorouk Academy
Akshay_Adak_289,Akshay,Adak,India,Tamlūk,1384,1456,pupil,specialist,NIT Jamshedpur
tonmoy6052,Tonmoy,Shaha,Bangladesh,,1380,1531,pupil,specialist,Rajshahi University of Engineering and Technology
_Faineant,,,Bangladesh,,1378,1531,pupil,specialist,"Islamic University,Bangladesh"
harshagr0110,Harsh,Agarwal,India,Ranchi,1378,1378,pupil,pupil,NIT Jamshedpur
Sayed_Mostafa,Sayed_,Mostafa,Egypt,Assiut,1375,1420,pupil,specialist,FCI Assiut University
Yasser_1,Yasser,Amr,Egypt,Cairo,1375,1403,pupil,specialist,FCIS Ain Shams University
FaresMagd,Fares,Magd Elamir,Egypt,Cairo,1374,1439,pupil,specialist,Faculty of Sciences Cairo university
Kenpacchi11_,,,India,Vidisha,1374,1467,pupil,specialist,
odduck41,Leo,Dymchenko,Russia,,1373,1373,pupil,pupil,disgraceful people
Sherlocked_Potter,Abhishek,Dash,Bangladesh,Sylhet,1369,1521,pupil,specialist,Shahjalal  University Of Science And Technology
Md._Tanbirul_Islam,Md. Tanbirul,Islam,Bangladesh,Dhaka,1368,1416,pupil,specialist,Jagannath University
Ice_cream_A,Alikhan,Omarkhan,Kazakhstan,Zhangaözen,1367,1479,pupil,specialist,Zhanaozen BIL
MohamedRamadan10,,,Egypt,Cairo,1367,1373,pupil,pupil,FCIS Ain Shams University
Your_Hands_Clean,Yehya_Msouty _It only takes one negative,"comment to kill a dream, Remember that next time.",Syria,Aleppo,1366,1637,pupil,expert,Aleppo University
GrayNextCentury,Zeyad,Rafat,Palestinian Territory,,1365,1535,pupil,specialist,FCI_Zagazig University
nobelm,,,,,1364,1464,pupil,specialist,
varnit_03,,,,,1364,1401,pupil,specialist,IIIT Bangalore
AnkitGurwan,Ankir,Gurwan,India,Sardulgarh,1363,1376,pupil,pupil,IIT Guwahati
MinaMagdy1,Mina,Magdy,Egypt,Al Mansurah,1363,1383,pupil,pupil,
Tarek_Abo_Ammar,Tarek,Abo Ammar,Syria,As Suwaydah,1363,1394,pupil,pupil,"IT Faculty, Al-Baath University"
krishuuu_p,Krishna,Pahariya,India,Jhānsi,1363,1445,pupil,specialist,IIT Roorkee
vatzahellmen,,,,,1363,1526,pupil,specialist,
QAQ_114514,,7SN2BCEgYRd70vP78C02,,,1360,1360,pupil,pupil,
AdhamElsaady,Adham,Elsaady,Egypt,Tanta,1359,1475,pupil,specialist,FCIS Mansoura University
S00N,,,Syria,,1358,1508,pupil,specialist,
GlenRios,,,Cuba,Havana,1357,1393,pupil,pupil,Universidad de la Habana
N0fal,Mumen,Anbar,Palestinian Territory,Ramallah,1357,1451,pupil,specialist,MohammadHijaz Fan Club
AvanSingh,Avan,Singh,India,Mirzāpur,1356,1461,pupil,specialist,
Hardcoder03,,,Germany,Ramsau,1352,1459,pupil,specialist,
Qrnqrncntst,,,,,1351,1351,pupil,pupil,W skill issue
TiMiX123,,,Russia,Innopolis,1350,1403,pupil,specialist,PMC Redan
SerajOmar,Seraj,Omar,Palestinian Territory,Tulkarm,1349,1349,pupil,pupil,PTUK
ok12,,,,,1349,1408,pupil,specialist,
Abo_Elsho2,,,,,1346,1350,pupil,pupil,FCI-Cairo university
RohithReddy,Rohith Reddy,Gangam,India,Mumbai,1346,1760,pupil,expert,IIT Bombay
devanshag,Devansh,Agrawal,India,Jaipur,1346,1437,pupil,specialist,IIT Kanpur
Royboy01,Bibek,Das,Bangladesh,Sylhet,1343,1547,pupil,specialist,Metropolitan University
Ashot27,,,,,1342,1342,pupil,pupil,
MR_MIND,,,Tunisia,Kasserine,1342,1493,pupil,specialist,ENSI
Special_Grade_Sorcerer,Mohammed ward,Kayali,Syria,Aleppo,1340,1429,pupil,specialist,(Aleppo)University
singhgamer579,,,,,1340,1466,pupil,specialist,
Zahar2008,,,Russia,Saransk,1337,1431,pupil,specialist,
gargvbb,,,,,1333,1333,pupil,pupil,
prakhar7472pk,Prakhar,Anand,India,Basti,1333,1650,pupil,expert,NIT Silchar
ShaFeiii,Mahmoud,Elshafei,Palestinian Territory,Gaza,1329,1426,pupil,specialist,FCI_Zagazig University
maariam2120,Mariam,Wael Ibrahem,Egypt,Sohag,1328,1419,pupil,specialist,AshrafYousry Fan Club
Le_Louch007,Zahinul,Haque,Bangladesh,Dhaka,1327,1327,pupil,pupil,AUST
Enovax,,,Egypt,,1325,1331,pupil,pupil,German University in Cairo
mariiamil08,,,Russia,Moscow,1325,1390,pupil,pupil,School CPM
Recursive-Thinker,Safwat,Bilal,Syria,Aleppo,1324,1410,pupil,specialist,Aleppo University
vuivethoima,Dang,Phuc An Khang,Vietnam,Ho Chi Minh City,1324,1326,pupil,pupil,HCM-UMT
Aliiii,ali,khaled,Egypt,Cairo,1322,1394,pupil,pupil,Ain Shams University
Abdo_Hussain,,,,,1321,1544,pupil,specialist,
Michael.Corleone,Don,Michael,Egypt,Banī Suwayf,1321,1385,pupil,pupil,FCAI - BSU
StReLoK-,Dastan,Baekes,Kazakhstan,Oral,1321,1421,pupil,specialist,rakim's fan
HereWeGoAgain69,,,,,1319,1418,pupil,specialist,
Hassiiboo_Fake,,,,,1318,1449,pupil,specialist,
Dan-yal,,,Bangladesh,Netrakona,1317,1356,pupil,pupil,Daffodil International University
ThunderSpear,,,India,Lucknow,1316,1447,pupil,specialist,"BIRLA INSTITUTE OF TECHNOLOGY,  MESRA"
shif_ux,,,,,1316,1375,pupil,pupil,
Fourier_Transform,,,,,1315,1535,pupil,specialist,
yashgupta4763,Yash,Gupta,India,Ludhiana,1315,1460,pupil,specialist,IIIT Allahabad
Ahmed_Faraj,Ahmed,Faraj,Egypt,Port Said,1314,1314,pupil,pupil,Suez Canal University
GaurShubham,Shubham,Gaur,India,Kanpur,1313,1313,pupil,pupil,"Indian Institute of Information Technology, Ranchi"
Savais,,,,,1313,1347,pupil,pupil,
Haydar1186,,,,,1312,1358,pupil,pupil,
movlan4,Movlan,Amanov,Azerbaijan,,1312,1371,pupil,pupil,Barish's Heart
Soad21,Soad,Mahmud,Bangladesh,Dhaka,1310,1400,pupil,specialist,Bangladesh University of Business and Technology
UNKNOWwNnN,,,,,1310,1312,pupil,pupil,
prasoonkushwaha,,,India,Varanasi,1310,1386,pupil,pupil,
sudhanshu_ranjan,,,,,1310,1395,pupil,pupil,
abhisheky969,ABHISHEK,YADAV,India,Varanasi,1309,1317,pupil,pupil,Madan Mohan Malaviya University of Technology
Beta_3,,,Egypt,Cairo,1308,1389,pupil,pupil,Faculty Of Computer Science El Shorouk Academy
ankit37saha,ankit,saha,India,Kharagpur,1308,1351,pupil,pupil,IIT Kharagpur
x27pert,eXodia The Forbidden One,,Japan,,1308,1460,pupil,specialist,ENSI
AmirTYR,,,Iran,,1307,1337,pupil,pupil,
Hephaestus_X,,,,,1306,1309,pupil,pupil,
omar_3laa_alden,omar,alaa alden,Syria,Damascus,1306,1320,pupil,pupil,Damascus -University ITE
ghandy,omar,mamdouh,Egypt,Cairo,1305,1307,pupil,pupil,FCIS Ain Shams University
_Fahim_Al_Islam_,Fahim,Al Islam,Bangladesh,Narsingdi,1304,1514,pupil,specialist,University Of Rajshahi
singharpit2492,Arpit,Singh,India,Sītāpur,1303,1390,pupil,pupil,IIT Roorkee
Extraordnrly_MEDIOCRE,,,,,1302,1302,pupil,pupil,
b_a_d_m_a_n,,,,,1300,1370,pupil,pupil,
Aly_Asaad,Aly,Asaad,Egypt,Cairo,1298,1298,pupil,pupil,MTI university
whitepalace,,,India,Chennai,1298,1487,pupil,specialist,Fidelity
GoetiaVia,,,,,1295,1372,pupil,pupil,geometry lovers
1435730,,,,,1294,1702,pupil,expert,
Anonymous_HF,Ibnul Abrar Shahriar,Seam,Bangladesh,Khulna,1294,1355,pupil,pupil,Khulna University
Daniyal.a,,,,,1292,1313,pupil,pupil,
injxshn,,,,,1292,1551,pupil,specialist,
KIMJONGOOF,Aaryaman,Bhattacharya,India,Mumbai,1291,1307,pupil,pupil,"BIRLA INSTITUTE OF TECHNOLOGY,  MESRA"
Uakkes,Uali,Sopygali,Kazakhstan,Almaty,1291,1427,pupil,specialist,KBTU
Big_Rice,,,,,1290,1290,pupil,pupil,
ZigZwangoo,,,,,1289,1289,pupil,pupil,
lauhemahfus,Lauhe Mahfus,Labib,Bangladesh,Dhaka,1289,1411,pupil,specialist,East West University
Mohamed_Yasser,,,Egypt,,1288,1385,pupil,pupil,FEE-Faculty of Electronic Engineering
3B3ATY,,,,,1287,1371,pupil,pupil,
heowk,,,Russia,Sevastopol,1286,1390,pupil,pupil,
novice15,,,,,1286,1286,pupil,pupil,
saiTeja3011,,,,,1286,1356,pupil,pupil,"Vellore Institute of Technology, Chennai"
StellarSpecter,,,,,1285,1285,pupil,pupil,
souza-marcos,,,Brazil,Belo Horizonte,1285,1366,pupil,pupil,Universidade Federal de Minas Gerais
Ranco,,,Syria,Homs,1284,1576,pupil,specialist,"IT Faculity, Al-Baath University"
vinayakzutshi,Vinayak,Zutshi,India,Delhi,1282,1363,pupil,pupil,IIT Delhi
Rasel,Shamim Ahammad,Rasel,Bangladesh,Dhaka,1281,1532,pupil,specialist,"Begum Rokeya University, Rangpur"
khumayunabduraupov,a boy who lived,,Uzbekistan,Tashkent,1281,1354,pupil,pupil,Maqsud Baxriddinov Fan Club
morishitaai,,,,,1281,1281,pupil,pupil,
SHADOW088,SANJIDUR RAHMAN,PRANTOR,Bangladesh,,1280,1346,pupil,pupil,KUET
comp_nerd,,,,,1280,1387,pupil,pupil,"Faculty of Engineering, Ain Shams University"
Alirezzza,,,,,1279,1279,pupil,pupil,
Kaitak,Naveen,Solanki,India,Delhi,1277,1296,pupil,pupil,
Usif_El_Adly,Usif,El Adly,Egypt,Cairo,1275,1275,pupil,pupil,FCIS Ain Shams University
_NonSense_,,,Syria,,1275,1313,pupil,pupil,"IT Faculity, Al-Baath University"
mohanad_sharif_17,,,Syria,,1275,1344,pupil,pupil,
hamzalkayyali,Hamza,Al Kayyali,Jordan,Amman,1274,1274,pupil,pupil,PSUT
omsinghhbtu,Om Singh,Baghel,India,Lucknow,1274,1314,pupil,pupil,"Harcourt Butler Technical University, Kanpur"
saraffa,,,India,,1274,1391,pupil,pupil,
HosSam23,Hossam Al-din,Mourad,Egypt,Sohag,1272,1376,pupil,pupil,AshrafYousry Fan Club
sunnampraveenkumar06,,,,,1272,1346,pupil,pupil,(IIT) ISM DHANBAD
Mostafa-Mansour,Mostafa,Mansour,Egypt,Ashmūn,1270,1332,pupil,pupil,Menofia University
Rabbi_hasan162,Rabbi,Hasan,Bangladesh,Dhaka,1270,1291,pupil,pupil,Bangladesh University of Business and Technology
anxiar,,,,,1270,1338,pupil,pupil,
OmarBouat,Omar,Bouattour,Tunisia,Sfax,1269,1269,pupil,pupil,faculté des sciences de sfax
linkyless,Lester,Arencibia,,,1269,1412,pupil,specialist,
vanta5n,pepsisoдa,(??),,,1267,1277,pupil,pupil,
ChayanG,Chayan,Ghosh,India,Baidyabati,1266,1342,pupil,pupil,Techno Main Salt Lake
sammas24,,,Uruguay,Maldonado,1266,1270,pupil,pupil,
Abdulrahman,Abdulrahman,Hussain,Palestinian Territory,Gaza,1264,1289,pupil,pupil,Luxor University
Candidate24,,,,,1264,1463,pupil,specialist,
Ahmed_Abdelghany,Ahmed,Alaa,Egypt,Cairo,1263,1263,pupil,pupil,Galala University GU
Darth_Farhad,Farhadul,Islam,Bangladesh,Sandwīp,1263,1263,pupil,pupil,International Islamic University Chittagong
Mafia.Q,Dr.Baraa,Hjazy,Palestinian Territory,Tulkarm,1263,1348,pupil,pupil,PTUK
M_T_R,Yousef,Ebraheem,Egypt,Banhā,1262,1262,pupil,pupil,"BFCAI , Benha University"
Hex1729,Gaurav,Manwani,India,Indore,1261,1502,pupil,specialist,IIT Kanpur
secret__1,Mohammed,Nasser,Egypt,Zagazig,1261,1308,pupil,pupil,Suez Canal University
swatishivam23,Swati Shivam,Upadhyay,India,Adra,1261,1304,pupil,pupil,
Help_ImUnderTheWateh,Moorish,idol,,,1260,1260,pupil,pupil,
Omargad,omar,gad,Egypt,Assiut,1259,1575,pupil,specialist,Assiut University
Badranium,,,,,1258,1487,pupil,specialist,
Light_1419,,,India,,1257,1373,pupil,pupil,
Safwanalahdab,mohammed safwan,alahdab,Syria,Homs,1257,1276,pupil,pupil,(AUST) University
luishgh,Luis,Higino,Brazil,Divinópolis,1256,1256,pupil,pupil,Universidade Federal de Minas Gerais
pagol,,,Bangladesh,,1256,1328,pupil,pupil,United International University
Yas.en,Yasen,fouda,Egypt,Tanta,1254,1274,pupil,pupil,BFCAI Benha University
Faissel,VFTJHDHHDQ,Mokhaimer,Egypt,,1253,1277,pupil,pupil,EOI
Abdulla-Ualiyev-008-2028,,,Italy,Naples,1251,1251,pupil,pupil,GangStar
kd_rush,Daniyar,Kidrasov,Russia,Ufa,1250,1250,pupil,pupil,GBOU RILI
okaycoder_927,Pooja,Gawade,India,Mumbai,1250,1304,pupil,pupil,
Ahmed_Sofi,,,Egypt,Al Fayyum,1249,1249,pupil,pupil,
Xcodemaniac,Shubham,Agrawal,India,Ahmedabad,1247,1328,pupil,pupil,IIT Roorkee
Yasin_MalekAlaie,,,,,1246,1246,pupil,pupil,
Yildiz59,Heba,Mustafa ⁠☆,Palestinian Territory,,1245,1280,pupil,pupil,PTUK
osama_sakr,Osama,Sakr,Egypt,,1245,1375,pupil,pupil,
tan_wan,,,,,1245,1246,pupil,pupil,IIIT Jabalpur
A_man007,Aman,Singh,India,Pune,1244,1244,pupil,pupil,
Intracon,,,,,1244,1263,pupil,pupil,
Antriksh07,Antriksh,Singh,,,1243,1270,pupil,pupil,
himanshu_ver,Himanshu,Verma,India,Gorakhpur,1242,1242,pupil,pupil,Madan Mohan Malaviya University of Technology
Abo-Omar,Mohamed,Abo-Omar,Palestinian Territory,,1241,1241,pupil,pupil,Menofia University
TheILICH,,,Kazakhstan,Almaty,1241,1435,pupil,specialist,SDU (Suleyman Demirel University)
jha_rishi,,,India,,1241,1337,pupil,pupil,NIT Raipur
maaz.i7,Maaz,Khan,India,Aligarh,1240,1240,pupil,pupil,BITS Pilani Goa Campus
serag_mohema,Joudy,Hossam,Egypt,Cairo,1240,1245,pupil,pupil,FCIS Ain Shams University
shanto_roy,,,,,1240,1240,pupil,pupil,
Juler,Erwin,Lopez,Mexico,León,1236,1283,pupil,pupil,Universidad Panamericana
Pythonja10,,,Russia,Soligalich,1236,1236,pupil,pupil,
Y-Baker,Youssef,Ahmed,Egypt,Cairo,1235,1300,pupil,pupil,faculty of electronic engineering
nitishjaiswal611289,Nitish,Jaiswal,India,Varanasi,1235,1253,pupil,pupil,IIT Roorkee
Mayur_coder,,,,,1234,1446,pupil,specialist,IIIT Lucknow
S1amese,Fenghao,Li,China,Changsha,1232,1416,pupil,specialist,Jiangly Fan Club
_Tenacious_19,ANSUMAN,MOHAPATRA,India,Bhubaneswar,1232,1232,pupil,pupil,
is_it_possible123,,,,,1232,1239,pupil,pupil,
aniket_3001,Aniket,Gupta,India,Delhi,1231,1266,pupil,pupil,IIIT Delhi
Yagyesh_Anshul,,,,,1230,1253,pupil,pupil,
panahikaftarbaz,,,Iran,,1230,1243,pupil,pupil,
Makar1k,Sergey,Makarov,Russia,Samara,1229,1356,pupil,pupil,Samara Technical Lyceum Korolev
MrMoon,Mohammad,Ibrahim Abu-Amara,Jordan,Amman,1228,1819,pupil,expert,PSUT
leandro_pina,,,,,1228,1300,pupil,pupil,
Shivanshu_9,Shivanshu,Pathak,India,,1227,1293,pupil,pupil,NIT Allahabad
Abdelr7man.Nasr,NASR,,Palestinian Territory,Gaza,1225,1289,pupil,pupil,Menofia University
C_Shanto,Shanto,Roy,Bangladesh,Thākurgaon,1224,1353,pupil,pupil,Shahjalal  University Of Science And Technology
Loaa,Alaa,Mohammed,Egypt,Tanta,1224,1235,pupil,pupil,FCI TANTA UNIVERSITY
Nayperlamp,Angello,Pisfil,,,1224,1501,pupil,specialist,
Talha_Taseen,Talha,Taseen,Bangladesh,,1224,1224,pupil,pupil,
Ghaith_zakaria,,,,,1223,1223,pupil,pupil,
Rofyda_Elghadban,,,Egypt,Port Said,1223,1223,pupil,pupil,FCI at suez canal university
Shattajit-,Shattajit,,Bangladesh,Dhaka,1223,1423,pupil,specialist,Jagannath University
barvay,,,,,1222,1334,pupil,pupil,
Amir_Jafari,Amir,Jafari,Iran,Tehran,1221,1359,pupil,pupil,Iran University of Science And Technology
omraki216746,,,,,1221,1302,pupil,pupil,
meetjpatel017,Meet,Patel,India,Daman,1220,1328,pupil,pupil,LNMIIT
codemohitpra2103,,,India,Jabalpur,1219,1219,pupil,pupil,"Gyan Ganga College Of Technology, Jabalpur"
hunter_exe,,,,,1219,1254,pupil,pupil,
KRIK_Soleh,Soleh,KRIK,Russia,Moscow,1217,1217,pupil,pupil,ElectiCode
Rimjhim_17205,,,,,1217,1263,pupil,pupil,
Zakeer,,,Palestinian Territory,Gaza,1217,1338,pupil,pupil,Fci south valley university
ifti-210041111,Md,Ifti Akkas,Bangladesh,Dhaka,1216,1216,pupil,pupil,Islamic University of Technology
MaroMaxor,Marwan,Mohamed,Egypt,Alexandria,1215,1320,pupil,pupil,Alexandria National University
pyoro,Alejandro,Guajardo,Mexico,Monterrey,1215,1440,pupil,specialist,ITESM Campus Monterrey
Islam_Ratlyulu,Islam,Ratlyulu,Kazakhstan,Taraz,1214,1219,pupil,pupil,Isko brasan
Nikita_mulyar,Nikita,Mulyar,Russia,Moscow,1214,1214,pupil,pupil,"Moscow, Lyceum 2nd School"
OmikAcharya,Omik,Acharya,,,1214,1316,pupil,pupil,"K. J. Somaiya College of Engineering, Mumbai"
Haroun_brh.ar,Haroun,Barhoumi,Tunisia,Tunis,1213,1213,pupil,pupil,Enit
Hana05,Hana,Moustafa,Egypt,Port Said,1212,1212,pupil,pupil,
Moe.Montaser,Mohammed,Montaser,Egypt,Assiut,1211,1211,pupil,pupil,Sphinx University
Xbalanque,Keertan,Arora,United States,Oklahoma,1211,1211,pupil,pupil,IIT Bombay
codewithabhishek,,,,,1211,1211,pupil,pupil,
kaustav_sh,,,,,1210,1210,pupil,pupil,
DARKDEVILISM,,,,,1209,1220,pupil,pupil,
Tareef45,Ashraful,Islam,Bangladesh,Chittagong,1208,1208,pupil,pupil,International Islamic University Chittagong
saisathwikneelam,,,,,1208,1208,pupil,pupil,
B7AIRY,Mohamed,Elbhairy,Egypt,Port Said,1206,1206,pupil,pupil,Port Said University
IamShadowFighter,,,,,1206,1206,pupil,pupil,
M.Abdalkreem,,,Egypt,,1206,1313,pupil,pupil,
Muhammad_Nofal,My future has been on my mind alot lately‚,i pray God makes a way for me.,Egypt,Al Qanāţir al Khayrīyah,1205,1205,pupil,pupil,"ASU-Ain shams University , faculty of science"
Muhammad_Tahasan_Yo_Yo,Tahasan Chowdhury Shakib,,Bangladesh,Chittagong,1205,1205,pupil,pupil,Chittagong University of Eng and Tech
Som3a-Mo,Esmail,Mohamed,,,1205,1205,pupil,pupil,
its_just_if,Momen,Mraish,Syria,Damascus,1204,1224,pupil,pupil,Damascus University - CAE
surf_excel_,Someone from,CSE,Bangladesh,Rangpur City,1204,1204,pupil,pupil,Bangladesh University of Professionals(BUP)
Debug-Dynamo,,,,,1202,1202,pupil,pupil,
Morselllprimo,,,Russia,Nizhnekamsk,1201,1324,pupil,pupil,Aqeq Fan Club
ElayV1313,Elay,Verdiyev,Azerbaijan,Baku,1200,1316,pupil,pupil,FRITL
Taher_jr,Ahmed,Taher,Egypt,Banhā,1200,1408,pupil,specialist,Obour Institutes
ErdemFurkan,Furkan Erdem,,Türkiye,Diyarbakır,1199,1369,newbie,pupil,Cumhuriyet Fen Lisesi
Menna_fathy_gadalla,"take it competition,not game:)",,,,1199,1217,newbie,pupil,Abdelaleem Ahmed fan club
shubhamphpefy,shubhamphpefy,,India,Mumbai,1198,1328,newbie,pupil,IIT Delhi
psm9352,,,,,1196,1311,newbie,pupil,Troposphere
Lincredible,,,Syria,Homs,1195,1384,newbie,pupil,"IT Faculity, Al-Baath University"
Barmen,,,Japan,Tokyo,1193,1197,newbie,newbie,
3bdo.Sleem,,,,,1192,1192,newbie,newbie,
hrishabhpatel09,Hrishabh,Patel,India,Rewa,1191,1208,newbie,pupil,IIT(ISM) DHANBAD
Tanish5Nov,Phewwww,Phewwww,India,Delhi,1190,1353,newbie,pupil,
AnshumanX304,,,,,1189,1424,newbie,specialist,
ridarfx,,,Bulgaria,Varna,1189,1189,newbie,newbie,
Rohit3_,Rohit,Gupta,India,Nagpur,1188,1333,newbie,pupil,Shri Ramdeobaba college of engineering
Shawky_XR,Ahmed,Shawky,Egypt,Port Said,1188,1188,newbie,newbie,Suez Canal University
Zkrallah,,,,,1188,1211,newbie,pupil,
Jinstein,,,,,1186,1203,newbie,pupil,IPEIEM
ma369,,,Egypt,Al Fayyum,1186,1406,newbie,specialist,Computers and Information Fayoum university
kiba02,,,,,1185,1217,newbie,pupil,
rafelcastrill23d23,Rafael,Castrillón Endo,Colombia,Florencia,1183,1183,newbie,newbie,Universidad de la Amazonia
Vedansh_Shrivastava,Vedansh,Shrivastava,India,Jabalpur,1182,1182,newbie,newbie,"SGSITS,Indore"
SKcodes,,,,,1179,1179,newbie,newbie,
Ayla.15,Ayla,Alraas,Syria,Homs,1178,1229,newbie,pupil,AlBaath University
tg490,Tarun,Gupta,India,Delhi,1177,1227,newbie,pupil,IIT Delhi
pfiruzovna,Parvina,Firuzovna,Uzbekistan,Bukhara,1174,1174,newbie,newbie,"Bukhara, Jondor IM"
_Shero,,,,,1173,1297,newbie,pupil,
chetanandmeher1282004,Chetanand,Meher,India,Bargarh,1169,1169,newbie,newbie,NIT Rourkela
gourav100110,"Remember,mazaa journey mein jyaada hai,",manzil main utna nahi.... Gourav,India,Ranchi,1169,1246,newbie,pupil,National Institute of Technology Raipur
ojasvitripathi,,,India,Kanpur,1169,1275,newbie,pupil,IIT BHU Varanasi
Vung_vang,,,,,1168,1215,newbie,pupil,
saadkhurshidqureshi,Saad,Khurshid Qurashi,Pakistan,Islamabad,1166,1227,newbie,pupil,GIKI
__Panther,Do or,Die!,United States,New York,1162,1162,newbie,newbie,Gennady Korotkevich Fan Club
bean4589,,,,,1162,1331,newbie,pupil,University of Alberta
CatchMe_,,,Bangladesh,Dhaka,1161,1275,newbie,pupil,NITER
Fer_dous,,,,,1161,1225,newbie,pupil,
amankashyap4321,AMAN,,India,Ghaziabad,1160,1160,newbie,newbie,KIET GROUP OF INSITUTIONS
this_3ssa,Mostafa,Essa,Egypt,,1159,1159,newbie,newbie,
god_complex,,,,,1158,1193,newbie,newbie,
0khaled0,Khaled,Elgml,Egypt,Giza,1157,1242,newbie,pupil,
kinchit_goyal,,,,,1157,1268,newbie,pupil,
Qw04_Dragoknight,Harry,Kim,Russia,Moscow,1156,1370,newbie,pupil,
Ropraite,"and im on the grind for this cake,",imma get it or die trying,,,1156,1196,newbie,newbie,
ThePhenomenonBNA,,,,,1156,1273,newbie,pupil,
rajat_shubhra,Rajat Shubhra,Kumawat,India,Jaipur,1154,1154,newbie,newbie,KIIT University
Mohammed_Elgamal,‪Mohamed,Elgamel‬‏,Egypt,,1153,1250,newbie,pupil,BFCAI Benha University
aikensi,,,Russia,,1152,1152,newbie,newbie,
waKey_waKey,Pedro,Piaia,Brazil,Chapecó,1152,1463,newbie,specialist,UFFS
Habash,Mohammad,Alhabash,Syria,Damascus,1149,1329,newbie,pupil,Damascus University
Reterko,Ilia,Lukatskii,Russia,Moscow,1149,1353,newbie,pupil,Higher School of Economics
Naitik_jain,,,India,,1147,1227,newbie,pupil,
AhmedElGayar,,,Egypt,Al Mansurah,1145,1246,newbie,pupil,FCIS Mansoura University
AdityaGupta55,,,,,1141,1389,newbie,pupil,
Shaido,,,,,1141,1275,newbie,pupil,school 1502 Energy
Anant2961,Anant,Joshi,India,Roorkee,1140,1286,newbie,pupil,UEM Jaipur
Abdalla_Ayman1,,,,,1139,1214,newbie,pupil,
Arnav17,Arnav,Kumar,India,Ranchi,1137,1234,newbie,pupil,"BIRLA INSTITUTE OF TECHNOLOGY,  MESRA"
IV_ACKERMAN,,,Egypt,,1136,1237,newbie,pupil,Hana Fan Club
dp177,Daksh,Patel,India,Jaipur,1136,1196,newbie,newbie,LNMIIT
interactivemath,,,United States,,1136,1136,newbie,newbie,
smy009,,,,,1136,1240,newbie,pupil,
Kirito.o,,,,,1135,1135,newbie,newbie,jordan university of science and technology
bedosafan957,Abdallah,Safan,Egypt,Cairo,1135,1368,newbie,pupil,Cairo University - Faculty of Engineering
Ayush3532,Ayush,Verma,India,Roorkee,1131,1219,newbie,pupil,"Indian Institute of Technology, Roorkee"
superman44,,,,,1130,1296,newbie,pupil,
hko,Fahd,Aldrawsha,Syria,Homs,1127,1208,newbie,pupil,AUST
satya123456789,,,,,1126,1133,newbie,newbie,
arkadipghara,,,,,1124,1143,newbie,newbie,
Ny0n,,,India,,1122,1292,newbie,pupil,IISER Bhopal
akzytr,,,United Kingdom,,1122,1380,newbie,pupil,Number Theory Fan Club
theleywin,PabloGomez,,Cuba,Havana,1121,1146,newbie,newbie,Universidad de la Habana
KetanS08,,,,,1120,1139,newbie,newbie,
Qzxell,Axel,,Peru,Puno,1120,1253,newbie,pupil,Universidad Nacional de Ingeniería
_recipr0cal_,,,India,,1119,1166,newbie,newbie,IIT Patna
asadcoder,,Asad,India,Mumbai,1119,1125,newbie,newbie,Jiangly Fan Club
goel_ansh,,,,,1119,1257,newbie,pupil,
mukoozm,,,,,1119,1119,newbie,newbie,
mrrajendra,,,,,1117,1117,newbie,newbie,
PrashantKumar2003,,,,,1116,1122,newbie,newbie,
mehrishi,Aman,Mehrishi,India,Jaipur,1116,1186,newbie,newbie,"BITS Pilani, Pilani campus"
Ayushkrdubey04,,,,,1115,1215,newbie,pupil,
Elset_El-D3do3a,,,,,1115,1131,newbie,newbie,
Ranjan_2288,Deepak,Ranjan,India,Patna,1115,1115,newbie,newbie,"IIT BHU, Varanasi"
nohope,One day Im gonna fly away,One day when heaven calls my name,,,1115,1115,newbie,newbie,No Expectations or Whatsoever
archit55,Archit Kumar,Gupta,India,,1110,1258,newbie,pupil,IIT Kanpur
abhi_14gyan,,,India,,1109,1182,newbie,newbie,
yousef1162003,,,,,1108,1198,newbie,newbie,
INTJ-A,,,Egypt,Cairo,1107,1170,newbie,newbie,
Mahmoud_Elnagar,Mahmoud,Elnagar,Egypt,Al Fayyum,1107,1231,newbie,pupil,Computers and Information Fayoum university
ahmadtamim69,Ahmad,Tamim,Palestinian Territory,Jenin,1107,1107,newbie,newbie,An-najah university
Amr_Fadel,,,,,1106,1196,newbie,newbie,
Noalkomi,Nooreldeen,Alkomi,Jordan,Amman,1105,1105,newbie,newbie,PSUT
luisDeveloper,,,,,1104,1104,newbie,newbie,
B.Haki,,,,,1101,1206,newbie,pupil,ENSTAB
SCO_TT,,,Austria,Vienna,1101,1101,newbie,newbie,**Classfied**
m7mdfox,,,,,1101,1134,newbie,newbie,
Maryam_abdelhady_,Maryam,Muhmd,Egypt,Shibīn al Kawm,1100,1120,newbie,newbie,Menofia University
chotonbarmon3,,,Bangladesh,,1100,1184,newbie,newbie,Jessore University of Science and Technology
yash_siwach,Yash,Siwach,India,Hisar,1100,1126,newbie,newbie,Haryana
Aly_Ibrahim,Aly,Ibrahim,Palestinian Territory,Gaza,1097,1097,newbie,newbie,AAST Arab Academy
MUSTAFA_MOHAMED,Mostafa,Mohamed Mostafa,Egypt,Minya,1094,1432,newbie,specialist,Minya University
Ahmadmaged24,,,Egypt,,1092,1092,newbie,newbie,Faculty of Engineering Helwan University
atreyabordoloi,,,,,1092,1092,newbie,newbie,
FarBetter,Rokunujjman,Rokun,Bangladesh,,1091,1096,newbie,newbie,Shahjalal  University Of Science And Technology
JigSaW__,Mohamad,Alabdalla,Syria,Hama,1091,1334,newbie,pupil,(AUST) University
shamima.ananna,,,Bangladesh,Dhaka,1091,1184,newbie,newbie,East West University
Sara_elsayed,,,Egypt,,1090,1090,newbie,newbie,El_Menofia university
ahmedalaa10ahm,Ahmed,Alaa,Egypt,Cairo,1090,1090,newbie,newbie,FCIS Ain Shams University
Sn0w_Fall,,,,,1089,1186,newbie,newbie,
Problem-killer,,,,,1088,1091,newbie,newbie,FCIS Mansoura University
is-this-Minio,Amr,mamdouh,Egypt,Minya,1088,1088,newbie,newbie,"Arab Academy for Science Technology, South Valley"
itsprathamj5,,,,,1088,1129,newbie,newbie,
Dafna45,,,,,1086,1118,newbie,newbie,
Jugardy_pp,duh,,,,1085,1256,newbie,pupil,
Prateek077,Prateek,Pandey,India,Bānsi,1085,1152,newbie,newbie,NIT Jamshedpur
yash1234yrh,,,,,1084,1113,newbie,newbie,
Mohamed_2905,Mohammed,Sayed,Egypt,Qina,1083,1083,newbie,newbie,Fci south valley university
daneil892,Daniel,Munuico,Peru,Puno,1083,1444,newbie,specialist,Universidad Nacional de Ingeniería
3blatif,,,Palestinian Territory,Gaza,1079,1087,newbie,newbie,
aman_singh123,Aman,Singh,India,Allahabad,1078,1323,newbie,pupil,IIT(ISM) DHANABAD
Mohamed2002_meow,Mohamed_,Eid_Masoud,Egypt,Assiut,1077,1187,newbie,newbie,#**Assiut University**
RifatAlHasan1,Mehedi Hasan,Rifat,Bangladesh,Dhaka,1075,1125,newbie,newbie,
SAllY__GAmal,sally,gamal,Egypt,Cairo,1072,1149,newbie,newbie,Obour Institutes
Grinder_69,,,,,1070,1078,newbie,newbie,
SG_14,,,,,1069,1069,newbie,newbie,
yamr18212,,,,,1069,1118,newbie,newbie,
mee01,,,Bangladesh,Dhaka,1068,1120,newbie,newbie,
hitthheerree,Thor,Odinson,Palestinian Territory,East Jerusalem,1067,1397,newbie,pupil,Al-Hashemeih Secondary Boys school
Akhandp10,,,,,1066,1066,newbie,newbie,
__Taohid,Taohid,,Bangladesh,Barisal,1065,1112,newbie,newbie,
arnav03op,Arnav,Gupta,India,Lucknow,1065,1107,newbie,newbie,Dayananda Sagar College Of Engineering
El_Hefnawy,Amr,Mohamed,Egypt,Tanta,1064,1064,newbie,newbie,"Faculty of Engineering, Tanta University"
-Temp-,,,,,1063,1063,newbie,newbie,
anekdot,https:t.meanekdotirusssskiymedved,https:t.meanekdotirusssskiymedved,Kenya,Mombasa,1063,1063,newbie,newbie,anekdotirusssskiymedved
itsAbhishek,Abhishek,Patel,India,Allahabad,1063,1168,newbie,newbie,NIT Jamshedpur
subhrat,,,,,1063,1063,newbie,newbie,
IzzyAbello,Isidro,Abelló,Cuba,Havana,1059,1107,newbie,newbie,Havana University
cat_coder,,,,,1059,1118,newbie,newbie,
dlee60,David,Lee,United States,New York,1057,1057,newbie,newbie,Stuyvesant HS
swaroopkumar123,Swaroop,Kumar,India,,1054,1147,newbie,newbie,
jo_mahmoud,,,,,1053,1053,newbie,newbie,
brawl_hacker3000,,,Antarctica,,1051,1104,newbie,newbie,
T.I.EVA,EVA,,Bangladesh,Chittagong,1049,1276,newbie,pupil,International Islamic University Chittagong
mayankjain2624,Mayank,Jain,India,Lalitpur,1046,1113,newbie,newbie,PDPM IIITDM JABALPUR
el3ctr0-8yt3,Ahmed,Ali,Pakistan,Karachi,1044,1134,newbie,newbie,Habib University
Black_Ant,Amitav Barman,Pranto,Bangladesh,Dhaka,1041,1076,newbie,newbie,Bangladesh University of Professionals(BUP)
Vladislav_Gnatuk,Vladislav,Gnatuk,Russia,Ivanovo,1040,1134,newbie,newbie,MBU DO CRDO
ankit469352,,,,,1037,1037,newbie,newbie,
DavidGoggins,Just,Man,Western Sahara,,1036,1117,newbie,newbie,SportProg Pinsk
Subhodip_86,,,,,1036,1036,newbie,newbie,
gurusainathreddy33,Sainath reddy,Karnati,India,Kadapa,1035,1035,newbie,newbie,(IIT) ISM DHANBAD
CoffeeMan47,Jossue,Arteche,Cuba,Havana,1033,1089,newbie,newbie,Universidad de la Habana
dkbillion,Deepak,Kumar,India,Delhi,1033,1033,newbie,newbie,Netaji Subhas University of Technology
sokkang,Gabriel,Yarleque Ramos,Peru,Lima,1032,1124,newbie,newbie,Universidad Nacional de Ingeniería
Bilal_Alasha,Bilal,Alasha,Syria,Damascus,1031,1031,newbie,newbie,Syrian Virtual University
Never_Learned,,,,,1031,1125,newbie,newbie,
Eng.Ramadan_Mohamed,Ramadan,Mohamed,Egypt,Assiut,1027,1027,newbie,newbie,Assiut University
inamyadav23,Enam,,India,Bareilly,1027,1047,newbie,newbie,"MNNIT, Allahabad"
AhmedBR,,,Tunisia,,1026,1056,newbie,newbie,
Solomzz,Eslam,Nasser,Egypt,Aswān,1026,1133,newbie,newbie,"Arab Academy for Science Technology, South Valley"
Raging_Shashank,"Hell yeah,",I am a noob,India,,1023,1171,newbie,newbie,
kefirnik,,,Russia,Moscow,1019,1043,newbie,newbie,
pritilatadea_,Pritilata,Dea,Bangladesh,Dhaka,1018,1018,newbie,newbie,East West University
arman_61,,,,,1016,1016,newbie,newbie,
benslamaoussama1919,Oussama,Ben Slama,Tunisia,Monastir,1016,1031,newbie,newbie,ISIMM
falsegen1288,,,,,1010,1032,newbie,newbie,
NumberFive,,,,,1008,1008,newbie,newbie,Jiangly Fan Club
mayank0_3,Mayank,,India,,1008,1020,newbie,newbie,
shalini_10080,,,,,1008,1169,newbie,newbie,
usama12,Usama,Bin Mahbub,Bangladesh,Sylhet,1008,1008,newbie,newbie,
Mahid,Mahid ul,Islam,Bangladesh,Dhaka,1007,1120,newbie,newbie,Institute of Science and Technology
chadmridultyagi13,,,,,1006,1190,newbie,newbie,
ReaperXD67,Aman,Kumar,India,Bengaluru,1005,1028,newbie,newbie,Scaler School of Technology
Mohamedalaa100,Mohamed,Alaa,Egypt,Alexandria,1003,1130,newbie,newbie,Alexandria University - FCDS
jay001k,,,,,1002,1011,newbie,newbie,
ALI7ADEL,,,Egypt,,998,998,newbie,newbie,AI-MenoufiaUniversity
Asmaa_Elsayed,,,Egypt,Al Fayyum,998,1034,newbie,newbie,
Coffee_747,,,,,998,998,newbie,newbie,
filopateer_10,filopateer,shaker,Egypt,,998,1045,newbie,newbie,Higher Technological Institute  10th Of Ramadan
ajay9330,,,,,996,1010,newbie,newbie,
Mahmudunnabi_Fahim,Mahmudunnabi,Fahim,Bangladesh,Dhaka,995,1106,newbie,newbie,Mawlana Bhashani Science and Technology University
Sarthakzzzzz,Sarthak,Pujari,India,Aurangābād,995,995,newbie,newbie,Modern Education Society's College of Engineering
arifinrafi,,,,,993,1030,newbie,newbie,Islamic University of Technology
fakhri_eddine,fakhri eddine,mahfoudh,Tunisia,Monastir,990,1073,newbie,newbie,ENSI
kunaly6,Kunal,..,India,Garhwa,990,1099,newbie,newbie,IIT Indore
localcoder,,,,,990,1363,newbie,pupil,
Saeed_Ahamed,,,Bangladesh,Sylhet,989,1006,newbie,newbie,Shahjalal  University Of Science And Technology
DIPTO777,,,Bangladesh,Chittagong,988,988,newbie,newbie,
MustafaMohamed26,Mustafa,Mohamed,Egypt,Alexandria,987,998,newbie,newbie,Alexandria National University
Ethical_Mahit,Al-Muktadir Islam,Mahit,Bangladesh,Dhaka,986,1099,newbie,newbie,United International University
FastInvSqrt,,,Peru,Lima,986,1054,newbie,newbie,Universidad Peruana de Ciencias Aplicadas
_travis_bickle,,,,,985,985,newbie,newbie,
Ziad-taher8545,Beware of a man who came back from the dead,,Egypt,Qalyub,983,1138,newbie,newbie,BFCAI Benha University
siam_basher,,,,,982,1009,newbie,newbie,
Tanji_Nishi,Tanjida,Nishita,Bangladesh,Dhaka,981,1016,newbie,newbie,Bangladesh University of Business and Technology.
second_fan,,,,,981,1026,newbie,newbie,
Ayush_codes123,,,,,980,980,newbie,newbie,
_PhoeniX_C,Chiranjeev,,India,Hisar,980,980,newbie,newbie,IIT Roorkee (IITR)
rishi_agarwal,Rishi,Agarwal,India,Bengaluru,977,1048,newbie,newbie,RV college of engineering
yashpart2,,,,,977,1031,newbie,newbie,
Chad._.saagar,,,India,Patna,976,976,newbie,newbie,IIT Patna
Moaz4Moaz,Moaz,Mahmoud,Egypt,Cairo,975,1229,newbie,pupil,The British University in Egypt
sahiltomar100303,Sahil,Singh Tomar,India,Delhi,974,1196,newbie,newbie,"Maharaja Agrasen Institute Of Technology, 103"
tamimaa0,Maruf Hossain,Tamim,Bangladesh,,974,1139,newbie,newbie,United International University
TheAnonymousAMGR,MD.Asad Ullah Al,Galib,Bangladesh,Comilla,973,1252,newbie,pupil,Noakhali Science and Technology University
rouzy,,,,,973,995,newbie,newbie,
Aryankd_11,,,India,Ranchi,972,1017,newbie,newbie,"BIRLA INSTITUTE OF TECHNOLOGY,  MESRA"
rahi088,,,,,972,1019,newbie,newbie,
fakhri_05,,,Jordan,,971,971,newbie,newbie,
Tony_Garg,,,,,970,971,newbie,newbie,
alexia_martinez,Alessia,Martinez,Mexico,Uriangato,968,1365,newbie,pupil,ITSUR
JorgeMartinez,,,Mexico,Mazatlán,967,1020,newbie,newbie,Facultad de Informática Maz
mennaelgharabawii,Menna,Ashraf,Egypt,Zagazig,964,987,newbie,newbie,FCI - Zagazig University
abhishekrmaurya2020,,,,,961,961,newbie,newbie,
arafat03,Arafat,Hasan,Bangladesh,Dhaka,961,1072,newbie,newbie,Military Institute of Science and Technology
absarali004,Absar,Ali,India,Bhubaneswar,960,1011,newbie,newbie,KIIT University
mike228666,Misha,,Germany,Berlin,960,960,newbie,newbie,
ShazidMashrafi,Shazid,Mashrafi,Bangladesh,Mymensingh,959,1170,newbie,newbie,Jatiya Kabi Kazi Nazrul Islam University
fathy66,Youssef,Fathy,Egypt,Cairo,959,959,newbie,newbie,Higher Technological Institute  10th Of Ramadan
marufkhansiddiqui,MARUF,KHAN,Bangladesh,Chittagong,953,1052,newbie,newbie,International Islamic University Chittagong
vaibhavsharma24824,,,,,953,1048,newbie,newbie,
Code_GPT,,,,,952,1019,newbie,newbie,
nitin24,NITIN,SOMANI,India,Gwalior,949,1036,newbie,newbie,
Bojji_King,,,Syria,Homs,948,948,newbie,newbie,AlBaath University
Golla_Nilu,redwan,niloy,Bangladesh,Sylhet,948,958,newbie,newbie,"Shahjalal University Of Science and Technology,"
PaRaBoY69,Aminul,Haque,Bangladesh,Sylhet,948,1228,newbie,pupil,
Yara_Matter,Yara,Ahmed,Palestinian Territory,Gaza,948,948,newbie,newbie,Menoufia University
hhhhhhyx,,,,,948,970,newbie,newbie,
wajdi4,,,,,948,1093,newbie,newbie,
Virubhai,,,,,947,959,newbie,newbie,
_Hz,,,,,947,1041,newbie,newbie,
rafiwho,Md. Uodoy Hossan,Rafi,Bangladesh,Dhaka,947,1265,newbie,pupil,Daffodil International University
Mauricio_Cruz,,,Cuba,Santa Clara,946,1060,newbie,newbie,IPVCE Ernesto Guevara
abdolevi,Abdelrhman,Ahmed Abdelmonem,Egypt,Alexandria,946,946,newbie,newbie,Alexandria University - FCDS
bhimanshu7274,,,,,945,1053,newbie,newbie,
parrth20,Parth,Bandwal,India,Ujjain,945,959,newbie,newbie,indian institute of information technology lucknow
robin12062003,,,,,945,1014,newbie,newbie,
aakri0,Aakrisht,,India,Mumbai,943,973,newbie,newbie,
CodeMonsterShu,Mursalin,Shuvo,Bangladesh,Dhaka,942,989,newbie,newbie,Govt laboratory  college
sum_cry,,,Russia,Moscow,941,941,newbie,newbie,"ASU-Ain shams University , faculty of science"
AhmadAbbass,Ahmad,Abbas,Lebanon,Beirut,940,1050,newbie,newbie,American Univeristy of Beirut
p_e_r_d_i_t_a,,,,,940,940,newbie,newbie,"Dept. of CSE, IUBAT"
Clev00,,,,,939,971,newbie,newbie,
SamueI,Samuel,,United Kingdom,,939,1041,newbie,newbie,
H____________H,,,,,934,1137,newbie,newbie,
Hridoyy,G.M NASIR,UDDIN,Bangladesh,Rajshahi,933,933,newbie,newbie,University Of Rajshahi
animan0810,Aniket,Dhar,India,Singrauli,933,1010,newbie,newbie,KIIT University
c0de-Wizard,Mohamed,Younes,Egypt,Cairo,932,1014,newbie,newbie,Arab Academy for Science Technology
lone_wolf_oo7,,,,,931,1065,newbie,newbie,
Isho_k,,,,,929,1039,newbie,newbie,
pranayCR7,Amor,,,,928,1061,newbie,newbie,
sho_ip,,,,,924,924,newbie,newbie,
_back_dated_,,,,,923,923,newbie,newbie,
dhiru.4211,DRJ,,India,Mathura,923,1045,newbie,newbie,
dermale,,,Kazakhstan,Aqtöbe,921,1013,newbie,newbie,KBTU
lolo876,,,Syria,Homs,920,920,newbie,newbie,
sohaib2004,,,,,920,1042,newbie,newbie,
Amr_obeidat,Amr,Obeidat,Jordan,Irbid,919,983,newbie,newbie,jordan university of science and technology
cGCgC,,,,,919,1008,newbie,newbie,(AUST) University
Wygraniec,,,Poland,,918,918,newbie,newbie,"Łódź, PLOPŁ"
ABdoa_lrahman95,Abdo alrahman,Khedr,Egypt,Damanhur,917,945,newbie,newbie,Faculty OF Engineering Alexandria University
M-Elkhateeb,Mohamed,Mamdouh Elkhateeb,,,916,916,newbie,newbie,
NikN555,,,,,916,949,newbie,newbie,
sanaos,sana,oyon alsood,Syria,Homs,916,999,newbie,newbie,
yazanmahfooz,Yazan,Mahfooz,Syria,Damascus,916,957,newbie,newbie,Damascus -University ITE
alinaelizova,alina,elizova,Russia,Dolgoprudnyy,914,914,newbie,newbie,horny
-_shady_-,Shady,Amr,Egypt,Cairo,912,1021,newbie,newbie,
suheb_ahmed,Suheb,Ahmed,Bangladesh,Sylhet,912,1060,newbie,newbie,Metropolitan University
Yugiiii,,,,,911,1047,newbie,newbie,
karan54,karan,kumar,India,Hubli,911,917,newbie,newbie,IIT Dharwad
shahd_rabea,,,Egypt,Al Fayyum,909,909,newbie,newbie,Ahram Canadian University
Moayad.Jam,Moayad,Jamous,Syria,Homs,908,993,newbie,newbie,"IT Faculity, Al-Baath University"
Hashwanth.Alla,,,,,907,920,newbie,newbie,
Ishwar_2911,,,,,907,945,newbie,newbie,
Menna_Hitham,,,Egypt,Giza,907,951,newbie,newbie,"Helwan University, Faculty of Computer Science"
ENG.Hussam.Issa.,,,Syria,Aleppo,906,906,newbie,newbie,
Nouran33,Nouran,Emad,Egypt,Minya,906,1017,newbie,newbie,FCI  Minya University
S_J07,,,,,906,1073,newbie,newbie,
mahamza596,hamza,sayed,Egypt,Assiut,906,985,newbie,newbie,AGS for languages
Mohamed_ayman11,,,Egypt,Giza,905,981,newbie,newbie,Ahram Canadian University
and1x.,,,Japan,Tokyo,905,905,newbie,newbie,
arnob2806,Arnob,Sarker,Bangladesh,Dhaka,903,951,newbie,newbie,Brac University
lengok,,,,,903,903,newbie,newbie,
ahmed_shrif1112,ahme_shrif,,,,901,955,newbie,newbie,"Faculty of Engineering, Alexandria University"
senurah,Senura,Hesara,Sri Lanka,Colombo,901,913,newbie,newbie,"IIT, Sri Lanka"
AliDragon-01,Ali,,Saudi Arabia,,899,899,newbie,newbie,
nothing_bro,wow,wow,,,898,1003,newbie,newbie,
priyanshubansal12,Priyanshu,Bansal,India,Delhi,898,929,newbie,newbie,Jiangly Fan Club
Farah_M,Farah Ayaydah,,Palestinian Territory,Hebron,897,897,newbie,newbie,
chauhanbikash789,Bikash,Chauhan,Nepal,,897,897,newbie,newbie,
reham127,reham,karam,Egypt,Sohag,897,910,newbie,newbie,Egyptian E-Learning University
Mujahid12313019,MUHAMAAD,MUJAHID,Bangladesh,Khulna,896,896,newbie,newbie,"CSE, KUET"
Tawfiq_wahed,tawfiq bin,wahed,Bangladesh,Chittagong,896,922,newbie,newbie,Shahjalal  University Of Science And Technology
solarspell,Naman,,India,Chennai,896,945,newbie,newbie,Jiangly Fan Club
zyad_mansour,,,,,896,941,newbie,newbie,
Sindbad_32,,,,,894,894,newbie,newbie,
yos_yef,Yosef,,Syria,Homs,894,942,newbie,newbie,
Suhrit.g,Suhrit,Ghimire,Nepal,,893,958,newbie,newbie,Delhi Technological University
rakesh0305,,,,,893,934,newbie,newbie,
Alcortezz,Al,Cortezz,Iran,Tehran,892,911,newbie,newbie,AE high school
Raima17,,,,,892,892,newbie,newbie,
SHirsh_CH,,,,,892,1050,newbie,newbie,
akshantgoyal1103,,,,,890,1355,newbie,pupil,
_YOSOF,,,Egypt,Cairo,889,960,newbie,newbie,MTI university
violetE,,,,,889,889,newbie,newbie,
TGA,Ismail,Mohamed,Egypt,Zagazig,888,941,newbie,newbie,
Besy,,,,,887,988,newbie,newbie,
ROCKET.,Mohamed,Khaled,Egypt,,885,885,newbie,newbie,"Faculty of Engineering, Ain Shams University"
_AlaminAlamin,,,,,885,1037,newbie,newbie,
Highty,,,,,884,889,newbie,newbie,
afaf-_-shahen12,afaf,shahen,Syria,Homs,884,942,newbie,newbie,AlBaath University
amany_elfiky,,,Egypt,,884,994,newbie,newbie,AI-MenoufiaUniversity
Esraa_Ahmed20,Esraa,Ahmed,Egypt,,883,883,newbie,newbie,Ahram Canadian University
dixityogesh2004,,,,,882,990,newbie,newbie,
Jimmy2663,Karan,Jadhav,India,Ahmednagar,881,1020,newbie,newbie,IIT Indore
yagyeshkumar70,,,,,880,895,newbie,newbie,
CoffeePoweredCompiler,Abdelrahman,M. Alnagar,Egypt,Alexandria,879,912,newbie,newbie,Alexandria National University
himanshu.045,Himanshu,Yadav,India,,876,967,newbie,newbie,"Harcourt Butler Technical University, Kanpur"
mhbXII,,,,,876,1021,newbie,newbie,
rijvanpinjari,Rijvan,Pinjari,India,Nashik,875,875,newbie,newbie,
Rehab_,,,,,873,945,newbie,newbie,
filexx,,,,,868,918,newbie,newbie,
Deadlift_guy_0010,,,,,867,989,newbie,newbie,
oubaijaber2005,oubai,jaber,Syria,Damascus,866,904,newbie,newbie,Damascus -University ITE
jojo13,Jubair,hossain,Bangladesh,Dhaka,865,871,newbie,newbie,"Islamic University,Bangladesh"
siuuucr_7,,,,,865,1065,newbie,newbie,
deviliitian912,va_aryan_15,,India,Bānda,864,975,newbie,newbie,"IIT ISM , Dhanbad"
ishmeet04,,,,,860,912,newbie,newbie,
swe_tamim,,,,,860,860,newbie,newbie,
RoshanJha23,,,,,858,982,newbie,newbie,
bhavitha123,Bhavitha,M,India,,858,909,newbie,newbie,VIT-AP
akjhaa1508,ABHIJEET,KUMAR,India,Patna,857,913,newbie,newbie,Galgotias University
ElRorro,Rodrigo,Miguel,Argentina,La Plata,855,1410,newbie,specialist,UTN FRLP
Hagertarraf15,Hager,Tarraf,Egypt,Minya,855,937,newbie,newbie,Minya University
pranaysinganalli,,,,,855,1081,newbie,newbie,
Abulfotouh,Abdelrahman,M. Aboulfotouh,Palestinian Territory,Gaza,851,931,newbie,newbie,FEE-Faculty of Electronic Engineering
Haidar_1,,,Saudi Arabia,,851,851,newbie,newbie,
Halleys,Arnav,Chhabra,,,851,851,newbie,newbie,
Saiful241,,,,,851,905,newbie,newbie,
bushraa9,,,,,851,924,newbie,newbie,
sAmp0n,Sayed Al,Mamun,Bangladesh,Sylhet,851,861,newbie,newbie,Zero Gravity
subratadas,Subrata,Das,Bangladesh,Lakshmīpur,851,964,newbie,newbie,AUST
Ackermanii,Mario,Ashraf,Egypt,Minya,850,850,newbie,newbie,FCI  Minya University
ahmedfarouk20,Ahmed,Farouk,Egypt,Cairo,849,870,newbie,newbie,Obour High institute
rashh,Rashad,Isayev,Azerbaijan,,848,848,newbie,newbie,ADA University
Hasan22_1,,,,,846,871,newbie,newbie,
Asmaa_ahmadd,Asmaa,Ahmad,Palestinian Territory,Qalqilyah,845,861,newbie,newbie,
s2021331029,,,,,843,843,newbie,newbie,
Tungsten_Bulb,,,,,842,842,newbie,newbie,
lucky10000,_Milk,Rice,Bangladesh,Dhaka,839,975,newbie,newbie,
yousefafifimo,,,,,839,870,newbie,newbie,
ParthAgrawal1967,,,,,838,988,newbie,newbie,
Abka1rino,,,,,837,837,newbie,newbie,
Hi-,,,,,837,837,newbie,newbie,
M.I.Abrar,,,Bangladesh,Sylhet,837,855,newbie,newbie,"Leading University, Sylhet"
vkcup01,,,,,837,1368,newbie,pupil,
Ab8d,Abdulrahman,Dado,Syria,Damascus,836,836,newbie,newbie,Damascus -University ITE
Ammarsami__,,,,,836,836,newbie,newbie,
roaammdoh71,Roaa,Mamdoh,Egypt,Cairo,835,977,newbie,newbie,
DurovChild52,,,,,834,834,newbie,newbie,s0meh0pen
zezo_777,Abdelaziz,Ahmed,Egypt,,834,834,newbie,newbie,BIS - Faculty of commerce - Helwan university
Ahmad_wais,Ahmad,Wais,Syria,Homs,833,967,newbie,newbie,"IT Faculity, Al-Baath University"
_bytebybit0121,,,,,832,848,newbie,newbie,
noyonkazi,kaji imdadul,haque,Bangladesh,Dhaka,830,830,newbie,newbie,Green University Of Bangladesh
Bishal_Narzary125,Bishal,Narzary,,,829,829,newbie,newbie,
Salma_Abdulaziz1,Salma,Abdelaziz,Egypt,Qina,829,829,newbie,newbie,Egyption E-learning University
ALREADYF,,,,,827,841,newbie,newbie,
anindo2004,Anindo,Choudhury,India,Kolkata,826,833,newbie,newbie,
vanshjain_88,,,,,826,826,newbie,newbie,
Beatus_5,,,,,825,825,newbie,newbie,
Kanna22,,,,,825,825,newbie,newbie,
mohamed_7X,Bet Make sense mehs keda,!!,Egypt,Munūf,825,860,newbie,newbie,Egyptian E-Learning University
xWyrm,moved,,,,823,952,newbie,newbie,
wantus,,,,,822,1008,newbie,newbie,
clau22,,,,,820,820,newbie,newbie,
Mostafa12367,,,,,819,871,newbie,newbie,
__mikasa_ackerman__,,,,,815,888,newbie,newbie,
dogriderr,,,,,815,1078,newbie,newbie,
AYAyoussef2004,Aya youssef,Mohamed,Egypt,Alexandria,814,899,newbie,newbie,FCDS - Alexandria university
Lailaaaa,Laila,Hader,Egypt,Al Fayyum,814,814,newbie,newbie,Computers and Information Fayoum university
Saver2002,,,,,814,915,newbie,newbie,
Jeanpier,,,,,812,812,newbie,newbie,
MoJad19,mohammad,Gad,Egypt,Sohag,811,811,newbie,newbie,Egyptian E-Learning University
Mohamed_Ali_AboElHareth,,,,,808,870,newbie,newbie,
Nishu_panda1.0,Nishu,Anwar,Bangladesh,Dhaka,808,808,newbie,newbie,Bangladesh University of Business and Technology
okiabb,,,,,808,808,newbie,newbie,
harjass.gambhir,,,,,806,806,newbie,newbie,
Ali_griffin,,,,,804,848,newbie,newbie,
Eng.Ahmed_sobhy,Ahmed,Sobhy,Egypt,,803,803,newbie,newbie,Menofia University
aryanagarwal04,,,,,803,803,newbie,newbie,
Kau_23,,,,,802,916,newbie,newbie,
RRR7,Roman,K0Hb,Russia,Saint Petersburg,801,896,newbie,newbie,Anti Alex239
p0wer,,,,,801,801,newbie,newbie,
rawansamer,,,,,799,801,newbie,newbie,
M_Othman,Mohamed,Othman,Egypt,,798,798,newbie,newbie,FCI - Menofia university
dphoenix3662,,,,,797,915,newbie,newbie,
YaminG,Yamin,Ghazal,Jordan,Amman,795,919,newbie,newbie,PSUT
www.mohamedws2004,mohamed,waleed,Egypt,Port Said,795,795,newbie,newbie,
008-Zhangirkhan-A-2028,Zhangirkhan,Abugaliev,Kazakhstan,Atyrau,794,945,newbie,newbie,infolab
Sambal-Kopf,,,,,794,794,newbie,newbie,
yousef70,,,Egypt,,794,849,newbie,newbie,Thebes Academy
nujraPandya,,,India,,793,793,newbie,newbie,IIIT Delhi
Nightstalker_,,,,,792,792,newbie,newbie,
ARSalman23,Abdur Rahman,Salman,Bangladesh,Sylhet,790,915,newbie,newbie,Metropolitan University
S_Raha,Soubhagya,Raha,India,Bārāsat,790,790,newbie,newbie,IIT Kanpur
Shinobu_Kocho_,,,,,788,788,newbie,newbie,
DDipu,Dipu,Das,Bangladesh,Sylhet,787,787,newbie,newbie,Rtm-AKTU
insigne215,,,,,787,903,newbie,newbie,
vaibhavsetiya,Vaibhav,Setiya,India,Karnāl,787,1098,newbie,newbie,
dishantrai69,,,,,786,786,newbie,newbie,NIT Allahabad
keshob016,,,,,783,806,newbie,newbie,Rtm-AKTU
Arifulhasanadil11,Adil,Khan,Bangladesh,Chittagong,782,883,newbie,newbie,International Islamic University Chittagong
TOFFII,Ahmed,Tawfik,Egypt,Tanta,782,782,newbie,newbie,"Faculty of Engineering, Tanta University"
srish_nfs,,Srishty,Bangladesh,Dhaka,782,827,newbie,newbie,Rajshahi University of Engineering and Technology
as10aarav,,,India,,781,1193,newbie,newbie,Dark Side of the Moon
coderXcoder.6002,Amruth,Tetakali,India,Visakhapatnam,780,780,newbie,newbie,IIT Roorkee
mohamdfares,Mohamed,Faris,Egypt,,780,918,newbie,newbie,Obour High institute
vbty20,Vigoraj,Basumatary,India,,780,841,newbie,newbie,NIT Silchar
Accepted___1,,,Egypt,Alexandria,779,829,newbie,newbie,Alexandria University - FCDS
Judybachury,,,,,779,846,newbie,newbie,(AUST) University
its_iman99,,,,,779,1090,newbie,newbie,
OmarMohammad,Omar,Mohammad,Egypt,Giza,778,817,newbie,newbie,FCI-Cairo university
hamas2005,Hamas,Tulib,Egypt,Cairo,778,778,newbie,newbie,ACU-faculty of computer science Helwan  university
Asmhan_Faried,Asmhan,Fared,Egypt,Assiut,777,777,newbie,newbie,New Assiut Technology
itzmeclay,,,India,Jamshedpur,775,775,newbie,newbie,"BIRLA INSTITUTE OF TECHNOLOGY,  MESRA"
singh75,,,,,774,1121,newbie,newbie,
bprk52524,,,,,772,772,newbie,newbie,
JoseLuisQ,,,,,771,771,newbie,newbie,
z01279766405d,ziad,abdallh,Egypt,Banī Suwayf,770,770,newbie,newbie,
ranjesalkazak02,Ranjes,ALkazak,Syria,An Nabk,767,793,newbie,newbie,University of Kalamoon
shedwyfight,,,,,766,927,newbie,newbie,
zenabali,,,Syria,Damascus,766,890,newbie,newbie,HIAST
E-sir,,,,,765,954,newbie,newbie,
Baraa_Diab,Baraa,Diab,Syria,Aleppo,764,813,newbie,newbie,Aleppo University
pranitnarayan27,,,India,Madhubani,764,764,newbie,newbie,
salma2005,,,,,761,761,newbie,newbie,
vravoson,,,France,Paris,761,761,newbie,newbie,
AbrarisOP,Abrar,Ahmad Chy,Bangladesh,Chittagong,760,802,newbie,newbie,AUST
fatema_234,,,,,760,871,newbie,newbie,
tertospacko,,,,,760,895,newbie,newbie,
cs2mosa,,,,,756,756,newbie,newbie,
sohilla,sohila,gamal,Egypt,Cairo,756,782,newbie,newbie,"ASU-Ain shams University , faculty of science"
abhay_001,Abhay Pratap,Singh,India,Kanpur,754,854,newbie,newbie,SRM Institute of science and technology
Abdallah110,,,,,752,939,newbie,newbie,Nile University
_Sakoo_,salma,wael,Egypt,,752,835,newbie,newbie,Obour High institute
shreelekha,shree,,,,751,811,newbie,newbie,
meme-kh,AMAL,KHALIL,Syria,Tartous,749,790,newbie,newbie,Al Baath University.
sveta.buslova,,,,,749,998,newbie,newbie,Хейт клуб Geo_Is_Bad
Nada_Ezzat20,,,,,742,742,newbie,newbie,
al.mutasim.ballih,Al-Mutasim,-zayed,Palestinian Territory,Jenin,732,732,newbie,newbie,
Mostafa_Mohamed_Mohamed,,,,,731,731,newbie,newbie,
Ibrahim.Sabbir,Ibrahim,Sabbir,Bangladesh,Pābna,729,1409,newbie,specialist,Pabna University of Science and Technology
aliSoft,,,,,728,728,newbie,newbie,
Death_Programmer110,Masum,Reza,Bangladesh,,727,1046,newbie,newbie,
theonlyblackmamba,,,,,727,965,newbie,newbie,
Anonymous8942,,,,,726,954,newbie,newbie,
Bayan-Alkhuder,,,,,726,897,newbie,newbie,
Jooo_472,Youssef,Osama,Egypt,,724,845,newbie,newbie,Arab open university(Egypt)
dalaaalabdullah5,,,Syria,Salamiyah,721,878,newbie,newbie,AUST
M.Canon,,,,,720,720,newbie,newbie,
samahany132005,,,,,720,720,newbie,newbie,Ahram Canadian University
orzducky,peking duck,on top,China,Jilin City,717,717,newbie,newbie,ducky fan club
xM7mDv,,,,,716,883,newbie,newbie,
akshat23063,nujraPandya,,,,714,714,newbie,newbie,IIIT Delhi
ialy24405,,,,,712,712,newbie,newbie,
TAKI666,,,,,711,711,newbie,newbie,
Mazen_Othman,Mazen,Othman,Egypt,Cairo,708,876,newbie,newbie,Faculty of computer science Future Academy
akhilkashyap16,Akhil,Ivaturi,,,708,828,newbie,newbie,
hritambhar,,,,,706,706,newbie,newbie,
69eloChess,,,,,698,698,newbie,newbie,
karanjjadhav2663,,,,,694,841,newbie,newbie,
shimantoshaha99,,,,,693,809,newbie,newbie,
ybdalhkym669,,,,,692,872,newbie,newbie,
S_h_o_p_n_i_l_0_0_1,Easir Arafat,Shopnil,Bangladesh,Khulna,691,914,newbie,newbie,BSMRSTU
Udnfahim,Fahim,Uddin,Bangladesh,Dhaka,691,905,newbie,newbie,Southeast University
AhmedMohamed_25,,,Egypt,,689,897,newbie,newbie,
_Hisoka,..,..,,,684,1010,newbie,newbie,
Josuah19,,,Peru,,683,980,newbie,newbie,
derelict,,,,,682,682,newbie,newbie,
moomarsaid608,Mohammed,Omar,,,680,862,newbie,newbie,ISCS October 6 University
shvld,,,Azerbaijan,Sumqayit,679,831,newbie,newbie,
raghad18,Raghad,,Palestinian Territory,Tulkarm,676,748,newbie,newbie,PTUK
Mo7amedAbady,,,,,675,799,newbie,newbie,Obour High institute
abdallayhya77,Abdalla,Yhya,Palestinian Territory,,673,839,newbie,newbie,Alexandria University - FCDS
__snowy__,"A noob,",out of nowhere,,,672,788,newbie,newbie,
coskunwinner,,,Türkiye,Bursa,672,849,newbie,newbie,Tofaş Fen Lisesi
DallashSmurfSmurf,,,,,669,669,newbie,newbie,
AR_ratul,Abdur,Rahman,Bangladesh,Dhaka,661,864,newbie,newbie,
Chishti123,Golam,Muin-U-Ddin Chishti,Bangladesh,Dhaka,661,791,newbie,newbie,North South University
VeNoM_09,,,,,660,660,newbie,newbie,
hand-kerchief,,,,,657,977,newbie,newbie,
shiny_333,,,,,656,656,newbie,newbie,
Hussien.Habeeb7,,,Egypt,Shibīn al Kawm,655,915,newbie,newbie,Menofia University
Tej200,Tej Prakash,Oraon,India,Lohārdaga,652,789,newbie,newbie,(IIT) ISM DHANBAD
Islam2022331091,,,,,646,884,newbie,newbie,
cedric_here,,,,,646,978,newbie,newbie,
Zanderz17,,,,,643,643,newbie,newbie,
abdelrahmamsobhy244,,,,,643,861,newbie,newbie,
emanfathii,eman,fathi,Egypt,Al Khānkah,642,800,newbie,newbie,Obour High institute
Rabbi-02,Rabbi,Hasan,Bangladesh,Dhaka,639,946,newbie,newbie,Bangladesh University of Business and Technology
sarah_khraisat,sarah,khraisat,Jordan,Amman,637,837,newbie,newbie,University of Jordan
Shikamaaru_Nara,,,,,635,784,newbie,newbie,Bangladesh University of Professionals(BUP)
thais.almeida,,,,,631,631,newbie,newbie,
JumayevJavohir,Javohir,Jumayev,Uzbekistan,Qiziltepa,628,921,newbie,newbie,
Martina_Mamdouh,,,,,620,800,newbie,newbie,
someone76,,,,,615,615,newbie,newbie,
iparigoel,,,,,613,613,newbie,newbie,
hayder22,,,,,612,612,newbie,newbie,California State University
saurabh227,,,,,610,610,newbie,newbie,
holmes_221B,aya,abu taha,Jordan,Amman,608,608,newbie,newbie,Jerash University
Mahfooz_,,,,,603,603,newbie,newbie,
Nishkala,,,,,603,893,newbie,newbie,
satya_narayana,,,,,603,603,newbie,newbie,
wiiiihehehaw,,,,,600,600,newbie,newbie,
EthanW,,,,,598,598,newbie,newbie,
S4K4K1D4R10,,,,,596,596,newbie,newbie,
Cyantill2023,,,,,592,592,newbie,newbie,
Nadia_207,,,,,591,762,newbie,newbie,
alshehabeaya14,Aya,Al_shehabi,Syria,Aleppo,591,801,newbie,newbie,(Aleppo)University
OSAMA_KHAN,Muhammad Osama,Khan,Pakistan,Lahore,587,907,newbie,newbie,PUCIT
yassmeneng6,Yasmin,Aslaman,Egypt,Sohag,587,587,newbie,newbie,EELU sohag university
SalmaHatem_,Salma,Hatem,Egypt,Al Mansurah,578,819,newbie,newbie,Coach Academy PST
bijoybayazid,,,,,577,577,newbie,newbie,
Harsha_25_7,,,,,573,811,newbie,newbie,
J_O_E_22,Youssef,Hegab,Egypt,Giza,568,568,newbie,newbie,Arab open university(Egypt)
teradadacodes,Tanmay,Jain,India,Alwar,549,801,newbie,newbie,IIT Roorkee
Talazakkour7,,,,,537,753,newbie,newbie,(AUST) University
abdussalam16,,,,,535,821,newbie,newbie,
___JACK___,,,,,527,527,newbie,newbie,
Shadyii,,,,,519,820,newbie,newbie,
AirFantom,,,,,488,488,newbie,newbie,
maher00110,Maher,Aboushi,Palestinian Territory,Tulkarm,483,790,newbie,newbie,
manshi_0612,,,,,463,463,newbie,newbie,
ahmedsany7673,,,Bangladesh,Dhaka,456,954,newbie,newbie,Bangladesh University of Business and Technology
shivam2005,,,,,451,451,newbie,newbie,
saahilgupta2,,,,,440,440,newbie,newbie,
Amank_12,,,,,409,409,newbie,newbie,
himanshnegi2001,,,,,405,405,newbie,newbie,
hasanmahin,Hasan,Mahin,Bangladesh,Dhaka,402,886,newbie,newbie,
codetestmo,,,,,386,386,newbie,newbie,
Gabro15,,,,,377,377,newbie,newbie,
H.J.C,,,,,364,364,newbie,newbie,
NomoreGeo_13,,,,,364,364,newbie,newbie,
Shafayet_Hossain7,,,Bangladesh,Chittagong,363,363,newbie,newbie,Noakhali Science and Technology University
sawsanelseba3y,Sawsan,Elsebaey,Egypt,Tanta,360,360,newbie,newbie,FCI TANTA UNIVERSITY
rahiagarwal,,,,,357,357,newbie,newbie,
Aro9836,,,,,355,355,newbie,newbie,
Joseluis1,JoseLuis,Q,Peru,Cusco,355,355,newbie,newbie,
fatmaa_ahmed_,,,,,355,355,newbie,newbie,
nm5270653,,,,,355,355,newbie,newbie,
Abhi3015,,,,,351,351,newbie,newbie,
Youssef-Rady,,,,,345,345,newbie,newbie,
pro_coder2.0,,,,,256,1184,newbie,newbie,
Anne_without_TLE,Habiba Abdelhady,(hidden alt acc),,,-29,1073,newbie,newbie,
