handle,first_name,last_name,country,city,rating,max_rating,rank,max_rank,organization
tourist,Gennady,Korotkevich,Belarus,Gomel,3757,3979,legendary grandmaster,legendary grandmaster,ITMO University
jiangly,Lingyu,Jiang,China,Chongqing,3647,3859,legendary grandmaster,legendary grandmaster,Jiangly Fan Club
cnnfls_csy,Siyuan,Cheng,China,Nanjing,3569,3690,legendary grandmaster,legendary grandmaster,Nanjing Foreign Language School
DearMargaret,Midaho,,Taiwan,Taipei,3545,3545,legendary grandmaster,legendary grandmaster,
Radewoosh,Mateusz,Radecki,Poland,Warsaw,3509,3759,legendary grandmaster,legendary grandmaster,University of Warsaw
ecnerwala,Andrew,He,United States,Cupertino,3486,3668,legendary grandmaster,legendary grandmaster,MIT
gyh20,,,China,Chongqing,3447,3447,legendary grandmaster,legendary grandmaster,Chongqing Bashu Middle School
gamegame,Harris,Leung,Hong Kong,,3394,3402,legendary grandmaster,legendary grandmaster,University of Oxford
djq_cpp,Jiangqi,Dai,China,Nanjing,3368,3486,legendary grandmaster,legendary grandmaster,Jiangly Fan Club
maroonrk,Riku,Kawasaki,Japan,Tokyo,3347,3650,legendary grandmaster,legendary grandmaster,The University of Tokyo
ksun48,Kevin,Sun,Canada,,3332,3654,legendary grandmaster,legendary grandmaster,MIT
hos.lyric,Yui,Hosaka,Japan,Tokyo,3318,3338,legendary grandmaster,legendary grandmaster,Rabbit House
Rewinding,Mingyang,Deng,China,Beijing,3308,3659,legendary grandmaster,legendary grandmaster,Jiangly Fan Club
Petr,Petr,Mitrichev,Switzerland,Zurich,3298,3597,legendary grandmaster,legendary grandmaster,Google
BurnedChicken,Chung-Chun,Huang,Taiwan,,3255,3255,legendary grandmaster,legendary grandmaster,National Taiwan University
ugly2333,Yixin,Chen,China,Nanjing,3235,3296,legendary grandmaster,legendary grandmaster,Nanjing University of Posts and Telecommunications
Golovanov399,Alexander,Golovanov,Russia,Kazan’,3222,3303,legendary grandmaster,legendary grandmaster,Moscow IPT
potato167,,,Japan,,3209,3209,legendary grandmaster,legendary grandmaster,Tokyo Institute of Technology
Alice_foo_foo,,,China,Hangzhou,3203,3242,legendary grandmaster,legendary grandmaster,Hangzhou No.2 High School
AoLiGei,,,,,3199,3199,legendary grandmaster,legendary grandmaster,
qazswedx2,Shaoxuan,Tang,China,Linyi,3172,3198,legendary grandmaster,legendary grandmaster,
QuietBeautifulThoughts,,,China,,3146,3262,legendary grandmaster,legendary grandmaster,Jiangly Fan Club
353cerega,Sergei,Zolotarev,,,3133,3153,legendary grandmaster,legendary grandmaster,
noimi,Kentaro,Matsushita,Japan,Tokyo,3127,3353,legendary grandmaster,legendary grandmaster,The University of Tokyo
Elegia,,,China,Beijing,3109,3177,legendary grandmaster,legendary grandmaster,The Affiliated High School of Peking University
QAQAutoMaton,Kai,Luo,China,Changsha,3098,3428,legendary grandmaster,legendary grandmaster,Jiangly Fan Club
Ormlis,Fedor,Romashov,Russia,Barnaul,3095,3410,legendary grandmaster,legendary grandmaster,Higher School of Economics
Isonan,Yang,Hu,China,Hangzhou,3091,3344,legendary grandmaster,legendary grandmaster,Hangzhou No.2 High School
ko_osaga,Jaehyun,Koo,South Korea,,3083,3500,legendary grandmaster,legendary grandmaster,MIT
skip2004,,,China,Beijing,3075,3075,legendary grandmaster,legendary grandmaster,Jiangly Fan Club
blackyuki,,,Japan,,3070,3070,legendary grandmaster,legendary grandmaster,
AlternatingCurrent,z,xb,China,,3047,3047,legendary grandmaster,legendary grandmaster,Nanjing Jinling High School Hexi Compus
MagicSpark,Xinran,Li,Antarctica,,3047,3047,legendary grandmaster,legendary grandmaster,JohnVictor fan club
crazy_sea,,,China,Zhongshan,3045,3045,legendary grandmaster,legendary grandmaster,Sun Yat-Sen Memorial Middle School
gisp_zjz,,,China,Nanjing,3033,3213,legendary grandmaster,legendary grandmaster,Nanjing University
tute7627,,,Japan,,3022,3044,legendary grandmaster,legendary grandmaster,
sjcsjcsjc,Jiacheng,Shi,China,Nanjing,3011,3011,legendary grandmaster,legendary grandmaster,Nanjing Jinling High School Hexi Compus
yzc2005,Zichuan,Ye,China,Hangzhou,3006,3071,legendary grandmaster,legendary grandmaster,Peking University
Kubic,,,China,,3004,3004,legendary grandmaster,legendary grandmaster,
SSRS_,,,Japan,,2984,3181,international grandmaster,legendary grandmaster,
Xylenox,,,United States,,2972,2972,international grandmaster,international grandmaster,University of Central Florida
hitonanode,Ryotaro,Sato,Japan,Tokyo,2957,3182,international grandmaster,legendary grandmaster,"MC Digital, Inc."
TLEwpdus,Jeyeon,Si,South Korea,Seoul,2956,3036,international grandmaster,legendary grandmaster,Seoul National University
heno239,,,Japan,,2947,3385,international grandmaster,legendary grandmaster,Kyoto University
IZONE,,,South Korea,Seoul,2945,3055,international grandmaster,legendary grandmaster,WIZ*ONE
Flamire,,,,,2932,2980,international grandmaster,international grandmaster,Fengling
huangzirui,Zirui,Huang,China,Changsha,2923,2923,international grandmaster,international grandmaster,Yali Middle School
Maksim1744,Maksim,Gorokhovskii,Russia,Moscow,2902,3376,international grandmaster,legendary grandmaster,Higher School of Economics
Rubikun,,,Japan,,2891,3033,international grandmaster,legendary grandmaster,Blessing Software
mango_lassi,Antti,Roeyskoe,Switzerland,Zurich,2888,3089,international grandmaster,legendary grandmaster,ETH Zurich
Sugar_fan,Yaowei,Lyu,China,,2886,3023,international grandmaster,legendary grandmaster,Universal Cup
20333333333,,,China,Shanghai,2875,2970,international grandmaster,international grandmaster,
Melusine,,,China,Zhijiang,2874,2874,international grandmaster,international grandmaster,Zhijiang University
Egor,Egor,Kulikov,Germany,Munich,2870,3235,international grandmaster,legendary grandmaster,JetBrains
Adam_GS,Adam,Gasienica-Samek,Poland,Warsaw,2858,2858,international grandmaster,international grandmaster,"Warszawa, XIV LO Staszica"
neal,Neal,Wu,United States,,2855,3147,international grandmaster,legendary grandmaster,USACO
kotatsugame,,,Japan,,2854,3094,international grandmaster,legendary grandmaster,Tohoku University
A-SOUL_Bella,,,China,Zhijiang,2852,3008,international grandmaster,legendary grandmaster,A-SOUL_Official
xuanxuan001,,,China,Beijing,2852,2852,international grandmaster,international grandmaster,Capital Normal University High School
dfcmd,DFC,MD,China,Shaoxing,2849,2890,international grandmaster,international grandmaster,Shaoxing No.1 High School
jiangly_fan,Xun,He,China,Hangzhou,2844,3069,international grandmaster,legendary grandmaster,Zhejiang University
MagicalFlower,Luotian,Huang,China,Beijing,2840,3069,international grandmaster,legendary grandmaster,RDFZ
feecIe6418,Luo,Siyuan,China,Chongqing,2840,2987,international grandmaster,international grandmaster,Peking University
Gary2005,,,China,Yangzhou,2829,2829,international grandmaster,international grandmaster,Tsinghua University
dlalswp25,Minje,Lee,South Korea,,2829,2993,international grandmaster,international grandmaster,Seoul National University
Wailydest,Roman,Yanushevskyi,Ukraine,Kyiv,2825,2825,international grandmaster,international grandmaster,Miasteczko Studenckie AGH
sansen,,,Japan,,2822,2827,international grandmaster,international grandmaster,
teraqqq,Alexander,Babin,Russia,Krasnoyarsk,2818,2818,international grandmaster,international grandmaster,Zhyga-Dryga
risujiroh,,,Japan,,2814,2857,international grandmaster,international grandmaster,
Tlatoani,Danny,Mittal,Mexico,Monterrey,2805,2892,international grandmaster,international grandmaster,MIT
elycx,,,China,Beijing,2804,2880,international grandmaster,international grandmaster,Beijing National Day School
basic_string,Yifei,Pan,China,Xi'an,2801,2884,international grandmaster,international grandmaster,MS attached to NPU
Sana,,,,,2800,2917,international grandmaster,international grandmaster,Twice
voidmax,Vladimir,Romanov,Russia,Moscow,2797,2797,international grandmaster,international grandmaster,pinely
Endagorion,Mikhail,Tikhomirov,Netherlands,Amsterdam,2794,3313,international grandmaster,legendary grandmaster,pinely
Sulfox,"Sooke (used name),",Fennecus zerda,China,,2791,2833,international grandmaster,international grandmaster,Northeastern University
newbie_wrz,,,Antarctica,,2790,2790,international grandmaster,international grandmaster,Nanjing Jinling High School Hexi Compus
daubi,Alexey,Vasilyev,Russia,Moscow,2786,2843,international grandmaster,international grandmaster,Allvik06 hate-club
Roundgod,Chunyang,Wang,China,Nanjing,2780,2814,international grandmaster,international grandmaster,Nanjing University
asdsasd,,,Japan,Tokyo,2774,2788,international grandmaster,international grandmaster,
FutureGadgetLaboratory,,,,,2771,2771,international grandmaster,international grandmaster,Shanghai Jiao Tong University
PinkieRabbit,Liangzhou,Chen,China,Fuzhou,2769,2956,international grandmaster,international grandmaster,Jiangly Fan Club
Mangooste,Alexey,Mikhnenko,Russia,Moscow,2767,2853,international grandmaster,international grandmaster,Higher School of Economics
Morollcinna,,,Hong Kong,,2766,2815,international grandmaster,international grandmaster,The Hong Kong Polytechnic University
SHZhang,Hankai,Zhang,United States,,2763,2805,international grandmaster,international grandmaster,MIT
jiangbowen,bowen,jiang,China,Shanghai,2762,2799,international grandmaster,international grandmaster,wang old boss make big money
Crying,,Azusa,China,Suzhou,2761,2761,international grandmaster,international grandmaster,
Merkurev,Oleg,Merkurev,Russia,Yekaterinburg,2758,3148,international grandmaster,legendary grandmaster,Google
orz,Mikhail,Ivanov,Russia,Saint Petersburg,2757,2818,international grandmaster,international grandmaster,Saint-Petersburg SU
peltorator,Egor,Gorbachev,Germany,Saarbrücken,2755,2887,international grandmaster,international grandmaster,Universität des Saarlandes
Vercingetorix,Aleksei,Esin,Russia,Sochi,2753,3213,international grandmaster,legendary grandmaster,
kal013,Kalash,Gupta,India,New Delhi,2753,2891,international grandmaster,international grandmaster,IIT Delhi
DerekFeng,Feng,TQ,China,Wuxi,2746,2746,international grandmaster,international grandmaster,Jiangsu Xishan Senior High School
kdh9949,Donghyun,Kim,South Korea,Seoul,2739,2881,international grandmaster,international grandmaster,Seoul National University
Hazyknight,Zikuan,Huang,China,Beijing,2735,2937,international grandmaster,international grandmaster,Tsinghua University
Y25t,aba,aba,China,Shenzhen,2730,2833,international grandmaster,international grandmaster,Jiangly Fan Club
BeyondHeaven,,,,,2724,2787,international grandmaster,international grandmaster,
tokusakurai,,,Japan,,2717,2898,international grandmaster,international grandmaster,
Froggygua,Zhang,Qiuyang,China,Zhengzhou,2716,2777,international grandmaster,international grandmaster,QAQ University
balbit,22VKWB7ZOIWHNW3,Liu,Taiwan,,2715,2812,international grandmaster,international grandmaster,MIT
QwertyPi,,,Hong Kong,Hong Kong,2713,2839,international grandmaster,international grandmaster,
JettyOller,¯_(ツ)_¯,,Vietnam,,2710,2938,international grandmaster,international grandmaster,
Wuyanru,yanru,Wu,China,Xi'an,2710,2710,international grandmaster,international grandmaster,Xi'an Tieyi High School
icfan,,,,,2709,2709,international grandmaster,international grandmaster,
kektus,Kaelthas,Sunstrider,Kazakhstan,Yermentau,2708,2788,international grandmaster,international grandmaster,Tima's hata
Nyaan,,,Japan,,2706,2949,international grandmaster,international grandmaster,The University of Tokyo
chenjb,Jingbang,Chen,China,Guangzhou,2705,2735,international grandmaster,international grandmaster,Universal Cup
RinkaSnow,,,,,2702,2711,international grandmaster,international grandmaster,
Asuka,Asuka,Tanaka,China,,2701,2701,international grandmaster,international grandmaster,North Uji High School
UltiMadow,,,China,Shanghai,2695,2695,international grandmaster,international grandmaster,
PurpleCrayon,Rohin,Garg,United States,,2690,2713,international grandmaster,international grandmaster,USACO
amethyst0,Evgenii,Belykh,Russia,Velikiy Ustyug,2689,2998,international grandmaster,international grandmaster,pinely
kostia244,Kostia,Savchuk,Ukraine,Korostyshiv,2687,2809,international grandmaster,international grandmaster,
hank55663,Yu hang,Sheng,Taiwan,Taipei,2683,3064,international grandmaster,legendary grandmaster,National Central University
int65536,,,,,2683,2683,international grandmaster,international grandmaster,
Eric_hooo,,,China,,2681,2866,international grandmaster,international grandmaster,
S2speed,Sepehr,Ramezani,Iran,Mashhad,2680,2866,international grandmaster,international grandmaster,hasheminejad1
tabr,Takuki,Kurokawa,Japan,Osaka,2680,2889,international grandmaster,international grandmaster,The University of Tokyo
BilyHurington,,,China,Guangzhou,2679,2679,international grandmaster,international grandmaster,
abc864197532,,,Taiwan,Taichung,2673,2807,international grandmaster,international grandmaster,National Taiwan University
loveye,,,China,Changsha,2667,2717,international grandmaster,international grandmaster,Yali Middle School
fanache99,,,Romania,Bucharest,2664,2800,international grandmaster,international grandmaster,Tudor Vianu National High School
C.S.T.T,,,China,,2663,2663,international grandmaster,international grandmaster,Nanjing Foreign Language School
nuip,,,Japan,Tokyo,2663,2880,international grandmaster,international grandmaster,
cyh_toby,,,China,Wuhan,2659,2810,international grandmaster,international grandmaster,Wuhan No.2 High School
oleh1421,Oleh,Naver,Ukraine,Uzhhorod,2653,2996,international grandmaster,international grandmaster,Jagiellonian University
Scintilla06,An,Yan,China,Changsha,2646,2719,international grandmaster,international grandmaster,The High School Attached to HNU
voover,Maciej,Wawro,Poland,Krakow,2645,2741,international grandmaster,international grandmaster,
frame233,Yuran,Xiu,China,Hangzhou,2642,2642,international grandmaster,international grandmaster,Hangzhou No.2 High School
QwQcOrZ,Chenran,Wang,China,Shaoxing,2637,2641,international grandmaster,international grandmaster,Shaoxing No.1 High School
yuyue,YU,YUE,China,Changzhou,2637,2725,international grandmaster,international grandmaster,Changzhou Senior High School of Jiangsu Province
natofp,Łukasz,Pluta,Poland,Wrocław,2636,2736,international grandmaster,international grandmaster,University of Wrocław
penguinhacker,7U1AKI879DHOO5C,,Antarctica,,2635,2689,international grandmaster,international grandmaster,
dreamoon_love_AA,Huang,I-Wen,Taiwan,Taipei,2633,3002,international grandmaster,legendary grandmaster,AACPSCHOOL
Toxel,,,China,,2632,2901,international grandmaster,international grandmaster,Beihang University
frokaikan,,,,,2630,2630,international grandmaster,international grandmaster,Tsinghua University
meyi,,,China,Zhijiang,2630,2630,international grandmaster,international grandmaster,xiong_6 Fan Club
SirShokoladina,Vasiliy,Mokin,Russia,Saratov,2626,2990,international grandmaster,international grandmaster,Libertarians of Codeforces
skylinebaby,,,Taiwan,Taipei,2625,2625,international grandmaster,international grandmaster,National Taiwan U
KroosTheKeenGlint,ko~ko~da~yo~,,,,2623,2764,international grandmaster,international grandmaster,Rhodes Island
fengzhengwei,f,zw,China,Chongqing,2622,2773,international grandmaster,international grandmaster,Chongqing Bashu Middle School
Bench0310,Benjamin,Bajd,Slovenia,Kranj,2621,2711,international grandmaster,international grandmaster,MIT
natsugiri,Tomohiro,Oka,Japan,,2619,2960,international grandmaster,international grandmaster,
Deemo,Michael,Nematollahi,Canada,Toronto,2616,2804,international grandmaster,international grandmaster,University of Toronto
huangxiaohua,,,North Korea,Pyongyang,2616,2616,international grandmaster,international grandmaster,Harbin Engineering University
Crabby_Maskiv,,,China,Beijing,2615,2708,international grandmaster,international grandmaster,The Affiliated High School of Peking University
triple__a,,,China,,2610,2624,international grandmaster,international grandmaster,:thinking:
LuCpp,Lucas,,Germany,,2607,2607,international grandmaster,international grandmaster,Karlsruhe Institute of Technology
LXH-cat,,,Antarctica,,2604,2674,international grandmaster,international grandmaster,cxy fan club
kevinxiehk,Kevin,Xie,Hong Kong,Hong Kong,2604,2706,international grandmaster,international grandmaster,University of Cambridge
Forza_Ferrari,wym,,China,Qingdao,2598,2613,grandmaster,international grandmaster,Qingdao No.2 Middle School
Savior-of-Cross,Aeren,,South Korea,Seoul,2598,2768,grandmaster,international grandmaster,
lexiyvv,xinyu,lei,China,Nanjing,2589,2589,grandmaster,grandmaster,Nanjing Foreign Language School
qinzhaoyang,,,China,Beijing,2588,2588,grandmaster,grandmaster,The Experimental High School Attached to BNU
Kude,,,Japan,,2586,2710,grandmaster,international grandmaster,
physics0523,,,Japan,Osaka,2585,2700,grandmaster,international grandmaster,Kyoto University
stevenkplus,Steven,Hao,United States,San Jose,2585,2874,grandmaster,international grandmaster,MIT
se1ka2,,,Japan,Kyoto,2584,2675,grandmaster,international grandmaster,Kyoto University
rniya,,,Japan,,2580,2662,grandmaster,international grandmaster,The University of Tokyo
Bolshevik,,,,,2578,2767,grandmaster,international grandmaster,
gabrielwu,Gabriel,Wu,United States,Rockville,2578,2818,grandmaster,international grandmaster,Harvard University
Hisiri,,,,,2577,2630,grandmaster,international grandmaster,
al13n,Michael,Kolupaev,United States,Palo Alto,2574,2965,grandmaster,international grandmaster,Facebook
kmjp,,,Japan,,2574,2901,grandmaster,international grandmaster,
LZDQ,,,,,2572,2584,grandmaster,grandmaster,Guangzhou No.6 Middle School
rama_pang,Rama Aryasuta,Pangestu,Indonesia,Jakarta,2572,2866,grandmaster,international grandmaster,National University of Singapore
induk_v_tsiane,,,,,2571,2571,grandmaster,grandmaster,
Noam13,,,Israel,Haifa,2570,2691,grandmaster,international grandmaster,
feeder1,,,Singapore,Singapore,2570,2696,grandmaster,international grandmaster,
xzzduang,,,China,Guangzhou,2570,2570,grandmaster,grandmaster,Guangdong Experimental High School
maximumSHOT,,,Russia,Ufa,2569,2640,grandmaster,international grandmaster,ITMO University
flying,Yichen,Peng,China,Beijing,2568,2654,grandmaster,international grandmaster,RDFZ
zemen,Konstantin,Semenov,Netherlands,Amsterdam,2568,2971,grandmaster,international grandmaster,pinely
WaReTle,,,China,Nanjing,2567,2567,grandmaster,grandmaster,
xlk,Liangkou,Xiao,China,Shijiazhuang,2567,2567,grandmaster,grandmaster,SJZ NO.2 Middle School
TheScrasse,Valerio,Stancanelli,Italy,Pisa,2566,2689,grandmaster,international grandmaster,SNS
TheLostCookie,,,,,2565,2565,grandmaster,grandmaster,Jiangly Fan Club
andrei_boaca,Boaca,Andrei,Romania,Iași,2565,2565,grandmaster,grandmaster,Colegiul National Emil Racovita
Be_dos,Viacheslav,Hrushev,,,2560,2560,grandmaster,grandmaster,Higher School of Economics
BucketPotato,William,Tsin,,,2559,2592,grandmaster,grandmaster,Carnegie Mellon University
zero4338,,,,,2559,2559,grandmaster,grandmaster,B20 Fan Club
iakovlev.zakhar,Zakhar,Iakovlev,Russia,Saint Petersburg,2557,2662,grandmaster,international grandmaster,"Saint-Petersburg, PHTS"
HoshimiOWO,,,,,2556,2556,grandmaster,grandmaster,Zhejiang University of Technology
LYC.,Yuchen,Lou,China,Shaoxing,2555,2555,grandmaster,grandmaster,Shaoxing No.1 High School
18Michael,Yuli,Chen,China,Zhijiang,2553,2747,grandmaster,international grandmaster,Affiliated High School of Fujian Normal University
ElDiablo,Tanmay,Gangwar,India,Gurgaon,2551,2551,grandmaster,grandmaster,IIT Delhi
xyf007,Peter,Xiao,China,Zhuzhou,2550,2613,grandmaster,international grandmaster,Litang University
ttttan,,,Japan,,2548,2586,grandmaster,grandmaster,
as_dfsdf,Youngwoo,Park,South Korea,Hwaseong-si,2545,2609,grandmaster,international grandmaster,Gyeonggi Science High School
leaf1415,,,Japan,,2542,2727,grandmaster,international grandmaster,
minhcool,Minh,Nguyen Quang,Vietnam,Hanoi,2542,2542,grandmaster,grandmaster,HUS High School for Gifted Student
chinerist,,,,,2540,2782,grandmaster,international grandmaster,
BigBag,Matvii,Aslandukov,Ukraine,Kharkiv,2538,2864,grandmaster,international grandmaster,
Siberian,,,Russia,Moscow,2536,2584,grandmaster,grandmaster,Um_nik Training Center
xiaoziya,ZiYa,Xiao,China,Changsha,2535,2651,grandmaster,international grandmaster,Yali Middle School
pooty,Aloysius,Lim,Singapore,Singapore,2532,2592,grandmaster,grandmaster,National University of Singapore
qwerty787788,Borys,Minaiev,Ukraine,Zaporizhia,2532,3038,grandmaster,legendary grandmaster,ITMO University
Mr_Wu,,,China,Beijing,2528,2560,grandmaster,grandmaster,Beijing National Dj School
jdurie,Joseph,Durie,United States,,2528,2705,grandmaster,international grandmaster,
MonkeyKing,Monkey,King,China,Nanjing,2527,2731,grandmaster,international grandmaster,Nanjing Foreign Language School
timmyfeng,Timothy,Feng,United States,,2527,2715,grandmaster,international grandmaster,William Lin fan-club
siganai,,,Japan,,2524,2692,grandmaster,international grandmaster,The University of Tokyo
Fortin,Vladislav,Dunaev,,,2521,2555,grandmaster,grandmaster,Penza SU
LittleCube,Chi,Wang,Taiwan,Kaohsiung City,2521,2521,grandmaster,grandmaster,
fuppy,OPXAJ2CD4VPG0AT,,Japan,,2520,2675,grandmaster,international grandmaster,The University of Tokyo
Andreasyan,Samvel,Andreasyan,Armenia,Yerevan,2519,2686,grandmaster,international grandmaster,Yerevan State University
Sofapuden,Elias,Lolck,Denmark,Copenhagen,2516,2560,grandmaster,grandmaster,University of Copenhagen
TKT_YI,Tokita,Yui,Japan,Kyoto,2515,2613,grandmaster,international grandmaster,
libobil,Boris,Mihov,Bulgaria,Sofia,2512,2581,grandmaster,grandmaster,"Sofia, Olimpiici"
gzchenben,Lingyi,Chen,China,Guangzhou,2510,2654,grandmaster,international grandmaster,University of Science and Technology of China
surwdkgo,Szu-Po,Wang,Taiwan,Taipei,2510,2604,grandmaster,international grandmaster,
zeliboba,Renat,Gimadeev,Cyprus,Limassol,2510,2837,grandmaster,international grandmaster,pinely
JianfengZhu,,,China,Wuhu,2507,2759,grandmaster,international grandmaster,Anshi Dafu Middle
Elizabeth_Liones,Elizabeth,Liones,,,2505,2505,grandmaster,grandmaster,
Igorfardoc,Igor,Ivanov,,,2505,2520,grandmaster,grandmaster,
Alan_Zhao,,,China,Qingdao,2504,2504,grandmaster,grandmaster,Qingdao No.2 Middle School
baluteshih,Brian,Tsai,Taiwan,New Taipei City,2503,2611,grandmaster,international grandmaster,
mtsd,,,Japan,,2501,2879,grandmaster,international grandmaster,
themoon,Miao,Huang,China,Guangzhou,2500,2500,grandmaster,grandmaster,Guangzhou No.6 Middle School
juju527,Tianyi,Zhu,China,Changsha,2498,2580,grandmaster,grandmaster,Yali Middle School
dognotlike,,,China,Meizhou,2497,2497,grandmaster,grandmaster,TuringEdu
happyguy656,,,Antarctica,,2497,2680,grandmaster,international grandmaster,the Communist Party of China
zihouzhong,Zihou,Zhong,China,Chengdu,2497,3109,grandmaster,legendary grandmaster,Jiangly Fan Club
SanguineChameleon,Kami,Leon,Vietnam,,2496,2496,grandmaster,grandmaster,
yamunaku,,,Japan,,2496,2559,grandmaster,grandmaster,
zqyyy,,,China,Changsha,2496,2564,grandmaster,grandmaster,Changjun High School
BARBARIANNNNN,Tom,,Ghana,Accra,2495,2495,grandmaster,grandmaster,barbarian
Marckess,Abraham,Macias,Mexico,Cuautitlán,2495,2681,grandmaster,international grandmaster,Escuela Superior de Cómputo
InternetPerson10,,,Philippines,,2493,2672,grandmaster,international grandmaster,Bryceorz Fanclub
Kilani,mohammad,kilani,Jordan,Amman,2493,2676,grandmaster,international grandmaster,Belal (bond) Fan Club
chenxiaoyan,Chenxiao,Yan,China,Nanjing,2493,2866,grandmaster,international grandmaster,No.12345 Floating Island
KaphI,,,China,,2492,2497,grandmaster,grandmaster,Northwestern Polytechnical University
L7-56,,,China,,2489,2524,grandmaster,grandmaster,Chengdu Foreign Languages School
ne_deyan,,,Bulgaria,,2488,2488,grandmaster,grandmaster,Dymotata
Hyperbolic,Mia,Taylor,South Korea,,2487,2572,grandmaster,grandmaster,Taylor Series Fan Club
Nutella3000-7,,,,,2487,2524,grandmaster,grandmaster,
YLWang,Kanna Kamui,,,,2487,2572,grandmaster,grandmaster,Hangzhou No.2 High School
scanhex,Alexander,Morozov,Russia,Saint Petersburg,2486,2802,grandmaster,international grandmaster,MIT
windva,Sungho,Lee,South Korea,Seoul,2486,2630,grandmaster,international grandmaster,Gyeonggi Science High School
xuanyi,anyi,xu,China,Hangzhou,2486,2701,grandmaster,international grandmaster,Hangzhou No.2 High School
wavelets,Eric,Hsu,United States,San Jose,2485,2485,grandmaster,grandmaster,null_awe fan club
ArhN,,,China,Beijing,2483,2483,grandmaster,grandmaster,AcWing
menborong,,,South Korea,,2482,2482,grandmaster,grandmaster,POSTECH
leukocyte,,,China,Chengdu,2481,2481,grandmaster,grandmaster,UESTC
tfg,Tiago,Goncalves,Brazil,Recife,2479,2841,grandmaster,international grandmaster,やなぎなぎ fanclub
SomethingNew,Ilya,Kondakov,Serbia,Belgrade,2478,2888,grandmaster,international grandmaster,Pandapythoner Fan Club
magnus.hegdahl,Magnus,Hegdahl,Norway,,2478,2580,grandmaster,grandmaster,
neko_nyaaaaaaaaaaaaaaaaa,I am a mouse,,Laos,,2478,2614,grandmaster,international grandmaster,Kuroni Fun Club
0114346323,Kamijou,Mikoto,,,2477,2477,grandmaster,grandmaster,pbb
OIer_kzc,,,Spain,Barcelona,2477,2477,grandmaster,grandmaster,
meaningIess,,,,,2476,2538,grandmaster,grandmaster,
TeaPot,Victor,Omelyanenko,Russia,Belgorod,2475,2849,grandmaster,international grandmaster,Libertarians of Codeforces
xzc0920,,,China,Chengdu,2474,2474,grandmaster,grandmaster,Chengdu Foreign Languages School
Shik,Ting Wei,Chen,Taiwan,Taipei,2472,2973,grandmaster,international grandmaster,National Taiwan U
sstrong,Alikhan,Zimanov,Kazakhstan,Almaty,2472,2590,grandmaster,grandmaster,Higher School of Economics
Ethan_Rao,,,Canada,,2471,2638,grandmaster,international grandmaster,
sys.,Yushen,Shi,China,Xi'an,2471,2669,grandmaster,international grandmaster,MS attached to NPU
-is-this-fft-,Tähvend,Uustalu,Estonia,,2470,2645,grandmaster,international grandmaster,
Agreb,Alexandr,Grebennikov,Brazil,Rio de Janeiro,2470,2487,grandmaster,grandmaster,Instituto de Matemática Pura e Aplicada
MAOoo_Love_Molly,,,China,,2470,2643,grandmaster,international grandmaster,Beijing Normal University
SevenDusks,Chenyan,Huang,China,Hangzhou,2470,2575,grandmaster,grandmaster,Hangzhou Xuejun High School
Davoth,Alireza,Samimi,Iran,Tehran,2467,2470,grandmaster,grandmaster,Sharif FUT
Nero,Mingming,Zhang,China,,2467,2550,grandmaster,grandmaster,modu
Omer223,,,Israel,,2461,2461,grandmaster,grandmaster,
Kite_kuma,,,,,2460,2699,grandmaster,international grandmaster,
77o,,,Netherlands,,2458,2458,grandmaster,grandmaster,
Fairy_Tale,,,China,Chengdu,2457,2457,grandmaster,grandmaster,
jklepec,Josip,Klepec,Croatia,Vrbovec,2457,2523,grandmaster,grandmaster,Almothana Fan Club
H8_8Q,,whq,China,Linyi,2455,2525,grandmaster,grandmaster,
maomao90,Tia,Shi Wei,Singapore,Singapore,2453,2597,grandmaster,grandmaster,Hawker Center
zhylj,Haoyuan,Zheng,China,Xiamen,2452,2615,grandmaster,international grandmaster,Peking University
Guoyh,Yihang,Guo,China,Beijing,2451,2610,grandmaster,international grandmaster,University of Science and Technology of China
rsy,Sheyu,Ren,China,Xiamen,2451,2451,grandmaster,grandmaster,Xiamen Shuangshi Middle School of Fujian
Bakry,Mohamed,Bakry,Egypt,Alexandria,2450,2450,grandmaster,grandmaster,Vanderbilt University
AngusRitossa,Angus,Ritossa,Australia,Sydney,2449,2729,grandmaster,international grandmaster,University of New South Wales
ChrisT,Chris,Trevisan,Canada,Toronto,2449,2514,grandmaster,grandmaster,University of Waterloo
Zanite,Albert Yulius,,Indonesia,Jakarta,2447,2447,grandmaster,grandmaster,Binus University
Madball,,,Russia,Yekaterinburg,2444,2771,grandmaster,international grandmaster,
KDVinit,Vineet,Dhandharia,India,Surat,2443,2443,grandmaster,grandmaster,Indian Institute of Technology Madras
AmShZ,AmirMohamad,Shahrezaei,Iran,Tehran,2441,2603,grandmaster,international grandmaster,The Wrong Side Of Heaven
Himeno_Towa,,,Hong Kong,,2440,2440,grandmaster,grandmaster,
Zimse.,,,China,Jinan,2439,2462,grandmaster,grandmaster,High School Attached to Shandong Normal University
golikovnik,Nikita,Golikov,Russia,Saint Petersburg,2439,2614,grandmaster,international grandmaster,pengzoo
Gassa,Ivan,Kazmenko,Russia,Saint Petersburg,2438,2616,grandmaster,international grandmaster,Saint-Petersburg SU
Normie28,Nguyen,Nhat Minh,Vietnam,Hanoi,2438,2453,grandmaster,grandmaster,Normie's Club
Zhtluo,Zhongtang,Luo,,,2438,2507,grandmaster,grandmaster,Purdue University
pineapple_tree_34,APPLE,TREE 34,Greece,,2438,2517,grandmaster,grandmaster,
socpite,,,Vietnam,Hanoi,2438,2457,grandmaster,grandmaster,HUS High School for Gifted Student
JeanBombeur,,,Vatican,Vatican City,2435,2594,grandmaster,grandmaster,
notlikeduck,Notlike,Duck,United States,Pittsburgh,2435,2435,grandmaster,grandmaster,Grothendieck fanclub
est_stella,,,South Korea,Suwon,2433,2668,grandmaster,international grandmaster,KAIST
wenhao801,Wen,Hao,China,Beijing,2433,2440,grandmaster,grandmaster,Flamire Research Institute
Aleks5d,Aleksey,Upirvitskiy,Russia,Moscow,2432,2683,grandmaster,international grandmaster,
c8kbf,Ryan,Zhang,Canada,,2431,2510,grandmaster,grandmaster,jcvb fan-club
peiwenjun,,,,,2431,2545,grandmaster,grandmaster,
Flandre,Fei,Pan,China,Shenzhen,2430,2473,grandmaster,grandmaster,Wuhan University
Andreikkaa,Andrei,Kalendarov,,,2429,2429,grandmaster,grandmaster,
TripleM5da,Mohamed,Anany,Palestinian Territory,Gaza,2428,2506,grandmaster,grandmaster,FCIS Ain Shams University
zhangguangxuan99,Guangxuan,Zhang,Singapore,Singapore,2428,2482,grandmaster,grandmaster,
Dormi,Allen,Pei,Canada,Markham,2427,2606,grandmaster,international grandmaster,University of Waterloo
Everule,Aditya,Jain,India,Mumbai,2426,2610,grandmaster,international grandmaster,University of Illinois at Urbana-Champaign
hexagonwarrior,,,China,Chengdu,2425,2425,grandmaster,grandmaster,Chengdu Foreign Language School
kimoyami,,,,,2424,2424,grandmaster,grandmaster,
Meijer,Marco,Meijer,Netherlands,Loppersum,2422,2494,grandmaster,grandmaster,Harbour.Space
SoraKasugan0,Sora Kasugano,,,,2421,2435,grandmaster,grandmaster,
Sol3,Seymour,,China,Beijing,2419,2419,grandmaster,grandmaster,The Affiliated High School of Peking University
Chameleon216,,,,,2418,2418,grandmaster,grandmaster,
HpSuda,,,China,,2418,2418,grandmaster,grandmaster,
Shun_PI,,,Japan,Tokyo,2418,2581,grandmaster,grandmaster,THIRD Inc.
Tom66,Wu,Tong,China,Wuhu,2418,2418,grandmaster,grandmaster,ASDFZ
syzf2222,,,China,Changsha,2418,2476,grandmaster,grandmaster,Yali Middle School
realFZzzz,,,,,2417,2452,grandmaster,grandmaster,
Numbering,Jihoo,Lee,South Korea,Seoul,2416,2534,grandmaster,grandmaster,Seoul Science HS
hualian,,,China,Chongqing,2416,2464,grandmaster,grandmaster,xiong_6 Fan Club
Aging1986,,,China,Shanghai,2415,2415,grandmaster,grandmaster,0x3F Club
Anonymous_Noob,Yidi,,Germany,,2413,2563,grandmaster,grandmaster,Karlsruhe Institute of Technology
Brian_Hsu,,,Taiwan,Taichung,2411,2411,grandmaster,grandmaster,
MAKMED1337,Eduard,Tykhoniuk,Ukraine,,2409,2409,grandmaster,grandmaster,Jagiellonian University
Rafbill,Rafaël,Bocquet,France,,2409,2988,grandmaster,international grandmaster,
Arayi,Arayi,Khalatyan,Armenia,Yerevan,2408,2579,grandmaster,grandmaster,Arayi Fan Club
kamer,Ömer,Cerrahoğlu,Türkiye,,2407,2462,grandmaster,grandmaster,
antidisestablishment,antidisestablishmentarianism,,,,2406,2410,grandmaster,grandmaster,
zaq1xsw2tktk,Tang,Kun,China,Beijing,2406,2442,grandmaster,grandmaster,Peking University
Gapzinho,Gabriel,Pessoa,Brazil,Recife,2405,2484,grandmaster,grandmaster,UFPE
HOYITIO,,,,,2405,2405,grandmaster,grandmaster,
Obsidian,,,China,,2405,2615,grandmaster,international grandmaster,
SEGFAULTSEGFAULTSEGFAULT,Hongyi,Chen,,,2405,2405,grandmaster,grandmaster,USACO
Yurushia,,,Vietnam,,2405,2558,grandmaster,grandmaster,
mcqueencin,,,Colombia,Bogotá,2405,2405,grandmaster,grandmaster,Retired
smax,Max,Zhang,,,2405,2535,grandmaster,grandmaster,Georgia Institute of Technology
blackbird137,haoqing,Wang,China,Linyi,2404,2404,grandmaster,grandmaster,
jucason_xu,,,,,2404,2429,grandmaster,grandmaster,
IanDeHaan,Ian,DeHaan,Canada,Charlottetown,2403,2403,grandmaster,grandmaster,University of Waterloo
LastDance,Dac,Do Dinh,Vietnam,Hanoi,2403,2588,grandmaster,grandmaster,darkkcyan fanclub
__Jeffrey_22,,,,,2402,2402,grandmaster,grandmaster,
5002ryx,xyr2005,ak ioi,,,2400,2639,grandmaster,international grandmaster,Hangzhou No.2 High School
brunovsky,Bruno,Carvalho,Portugal,Porto,2400,2667,grandmaster,international grandmaster,University of Porto
mjhmjh1104,Jeonghoo,Moon,South Korea,Goyang-si,2398,2465,international master,grandmaster,Gyeonggi Science High School
snowysecret,Isaac,Chan,Hong Kong,Hong Kong,2397,2397,international master,international master,Diocesan Boys' School
SorahISA,Jhao,Fan,Taiwan,Hsinchu,2394,2436,international master,grandmaster,William Lin fan-club
sevlll777,Vsevolod,Lepeshov,Norfolk Island,Kingston,2394,2612,international master,international grandmaster,Higher School of Economics
vtb,En,Gan,China,Beijing,2392,2392,international master,international master,xiong_6 Fan Club
w0nsh,Adam,Zyzik,Poland,Opole,2392,2638,international master,international grandmaster,University of Wrocław
emthrm,,,Japan,,2391,2771,international master,international grandmaster,
devout,Yuuki,Yumesaki,China,Beijing,2389,2389,international master,international master,Tokiwadai Chuugakkou
JJLeo,Skippeder,,China,,2388,2617,international master,international grandmaster,Beihang University
PedroBigMan,Pedro,Dias,Portugal,Lisbon,2385,2427,international master,grandmaster,
AHappyPotato,Bosco,Wang,Hong Kong,Hong Kong,2383,2436,international master,grandmaster,Diocesan Boys' School
propane,Yaoyu,Pan,China,Beijing,2383,2476,international master,grandmaster,CUP Algorithm Association
jo_on,Joonhyung,Shin,South Korea,Seoul,2381,2439,international master,grandmaster,University of Chicago
Imakf,Mingchi,Zhang,China,Changsha,2379,2475,international master,grandmaster,The F.M.S in Changsha
Rafi22,Rafał,Mańczyk,Poland,Sieradz,2377,2602,international master,international grandmaster,XIV LO Wroclaw
1.618,Yinze,Rong,China,Nanjing,2376,2445,international master,grandmaster,Nanjing Foreign Language School
PurpleWonder,wobuhui,yingyu,China,Beijing,2376,2526,international master,grandmaster,Beihang University
Tyyyyyy,Tianyou,Li,China,Chengdu,2376,2376,international master,international master,Chengdu Foreign Languages School
BreezeMYqwq,,,China,,2375,2375,international master,international master,
Unlimited_zero,,,,,2373,2412,international master,grandmaster,NSFZ
Andyvanh1,Andy,van Horssen,Netherlands,Venlo,2371,2384,international master,international master,University of Oxford
Akulyat,Dmitry,Akulov,France,,2368,2702,international master,international grandmaster,Ecole Polytechnique
chemthan,Trung,Nguyen,Vietnam,Hanoi,2368,2688,international master,international grandmaster,CHV
Supermagzzz,Maxim,Kuzin,Russia,Saint Petersburg,2366,2470,international master,grandmaster,ITMO University
fr200110217102,,,China,Hangzhou,2366,2414,international master,grandmaster,Zhejiang University
Potassium,,,,,2365,2759,international master,international grandmaster,
liouzhou_101,Qisheng,Wang,Japan,Nagoya,2365,2521,international master,grandmaster,Nagoya University
DylanSmith,,,United States,Austin,2363,2391,international master,international master,yacworld
k1sara,Tolya,Ho,,,2361,2428,international master,grandmaster,Grekhobibiki
radal,Radin,Jarireh,Iran,Tehran,2360,2500,international master,grandmaster,Allame Helli
subscriber,Adam,Bardashevich,Belarus,Mazyr,2360,2977,international master,international grandmaster,ITMO University
Alexandr_TS,Alexandr,Tsaplin,Russia,Perm,2358,2408,international master,grandmaster,pinely
nishkarsh,Nishkarsh,Luthra,India,,2358,2369,international master,international master,IIT Indore
yutabi,Yunus Taha,Bingul,Türkiye,,2358,2510,international master,grandmaster,
Lawali,Ingu,Kang,South Korea,Seoul,2353,2526,international master,grandmaster,Korea University
Dreamunk,,,China,Fuzhou,2352,2410,international master,grandmaster,Affiliated High School of Fujian Normal University
SecondThread,David,Harmeyer,United States,Brookfield,2352,2675,international master,international grandmaster,Meta
arzhantsev64,,,Russia,Moscow,2352,2515,international master,grandmaster,Higher School of Economics
demoralizer,Utkarsh,Gupta,India,Varanasi,2352,2560,international master,grandmaster,IIT BHU Varanasi
kkts,,,,,2352,2352,international master,international master,
newbiewzs,,,China,,2352,2352,international master,international master,
Irmuun.Ch,Irmuun,Chinbat,Mongolia,Ulan Bator,2350,2368,international master,international master,Erkhet Erdem
foolishgoat,,,,,2350,2460,international master,grandmaster,
klimoza,Ivan,Klimov,Germany,Bremen,2344,2513,international master,grandmaster,Constructor University
lightseba,,,United States,,2344,2508,international master,grandmaster,University of Central Florida
MateoCV,,,Argentina,Alta Gracia,2340,2574,international master,grandmaster,FaMAF
_LeMur_,Levon,Muradyan,Armenia,Yerevan,2338,2437,international master,grandmaster,
Dart-Xeyter,Misha,Savvateev,Russia,Moscow,2337,2453,international master,grandmaster,"Moscow, School 179"
emofunc,,,China,,2337,2521,international master,grandmaster,
Vladithur,Vladislav,Bargatin,Antarctica,,2336,2400,international master,grandmaster,Moscow State University
cuom1999,Phuoc Dinh,Le,Vietnam,Hoi An,2336,2506,international master,grandmaster,
geruome,,,,,2336,2419,international master,grandmaster,
newbin,,,,,2336,2348,international master,international master,
wsyhb,,,,,2336,2502,international master,grandmaster,
ytkn,,,Japan,,2336,2572,international master,grandmaster,
JaroslavUrban,,,Czechia,,2335,2348,international master,international master,FIT CTU
Ynoi,Yuno,Gasai,China,,2333,2333,international master,international master,Xidian University
vinfat,,,Vietnam,,2333,2345,international master,international master,darkkcyan fanclub
nigus,,,Sweden,,2332,2743,international master,international grandmaster,
Tutis,Tautvydas,Jasiunas,Lithuania,,2331,2590,international master,grandmaster,
Igor_2017,Igor,Kruglikov,Belarus,Gomel,2329,2329,international master,international master,START programming studio
liqingyang,Au,rk51,,,2328,2328,international master,international master,The Experimental High School Attached to BNU
ansisgustavs2,Ansis Gustavs,Andersons,Latvia,,2327,2327,international master,international master,Pirmā programmēšanas skola
Dalembert,,,Nepal,,2326,2571,international master,grandmaster,
Ritwin,1NTG61B1T0HUNA5,,United States,,2326,2326,international master,international master,USACO
Xellos,Jakub,Safin,Slovakia,Michalovce,2326,2865,international master,international grandmaster,KSP Slovakia
Peti,Peter,Varga,Hungary,,2325,2519,international master,grandmaster,ELTE
Barichek,Ihor,Barenblat,Ukraine,Uzhhorod,2323,2768,international master,international grandmaster,BigBag fan club
Bungmint,Youngmin,Park,,,2321,2351,international master,international master,UC Berkeley
Valera_Grinenko,Valera,Grinenko,Ukraine,Kharkiv,2319,2404,international master,grandmaster,BigBag fan club
albatross_errantia,,,Antarctica,,2319,2326,international master,international master,University of São Paulo
little_misfortune,,,,,2319,2387,international master,international master,Higher School of Economics
AA_Surely,Behrad,Hemati,Iran,Tehran,2318,2341,international master,international master,University of Tehran
EMBailey,Evan,Bailey,United States,Richardson,2317,2427,international master,grandmaster,University of Texas at Dallas
see_wo,,,,,2317,2317,international master,international master,
afterall,mehrdad,sohrabi,Iran,Tehran,2316,2617,international master,international grandmaster,University of Waterloo
jsyz,,,,,2315,2315,international master,international master,
adamant,Oleksandr,Kulkov,Ukraine,Zaporizhia,2312,2472,international master,grandmaster,ETH Zurich
voidXD,Amir Hossein,Vahidi Tabar,Iran,Tehran,2309,2419,international master,grandmaster,Sharif FUT
rgnerdplayer,,,Taiwan,,2308,2326,international master,international master,Jiangly Fan Club
Minh,,,,,2307,2318,international master,international master,Grekhobibiki
akshaykhandelwal,,,,,2307,2307,international master,international master,
bthero,Temirlan,Baibolov,Kazakhstan,Ust-Kamenogorsk,2307,2625,international master,international grandmaster,Harbour.Space
Kizuna_AI,Not Kizuna AI,,,,2306,2306,international master,international master,
Altervoke__,,,,,2305,2305,international master,international master,
HollwoQ_Pelw,Hung,Pham,Vietnam,Hanoi,2305,2572,international master,grandmaster,Mike4235 fan club
WindFromTmw,,,,,2305,2357,international master,international master,
xxh1999,Xiaohu,Xu,China,Hangzhou,2305,2377,international master,international master,0x3F Club
anodiebird,,,,,2303,2304,international master,international master,UESTC
upobir,Md Sabbir,Rahman,Bangladesh,Dhaka,2303,2643,international master,international grandmaster,
CWB_the_most_powerful,,,China,Beijing,2302,2302,international master,international master,Beijing JiaoTong University
cjrzn,,,China,Changsha,2302,2302,international master,international master,Changjun NetBar
ptd,,,Vietnam,Hanoi,2302,2427,international master,grandmaster,HUS High School for Gifted Student
Green55,,,South Korea,,2300,2300,international master,international master,Hongik University
moe.tsuki,,,,,2300,2618,international master,international grandmaster,ARIA Company
sheercold,,,,,2300,2300,international master,international master,
turkhuu622,Turkhuu,Batbayar,Mongolia,Darhan,2300,2301,international master,international master,
i209M,wenkuo,yu,China,Shijiazhuang,2296,2306,master,international master,zpk Fan Club
juju054,Tianyi,Zhu,China,Changsha,2296,2296,master,master,DBYE-fan-club
MohammadParsaElahimanesh,Mohammad Parsa,Elahimanesh,Iran,Qom,2294,2294,master,master,Sharif University of Technology
tyr0Whiz,Apoorv,Kumar,India,Patna,2291,2401,master,grandmaster,Jiangly Fan Club
Mackerel_Pike,Youran,Sun,China,Nanjing,2287,2290,master,master,Nanjing Foreign Language School
ChthollyNotaSeniorious,Ziyue,Ge,China,Wuhu,2286,2398,master,international master,zjf fan club
Allen_3,Shujian,Yang,China,Chengdu,2284,2284,master,master,UESTC
NemanjaSo2005,Nemanja,Majski,Serbia,Sombor,2281,2281,master,master,Gimnazija Veljko Petrovic
VHTung,Tung,Vu,Vietnam,Rach Gia,2281,2281,master,master,Huynh Man Dat Highschool for the Gifted
cottoncotton,,,Japan,Fukuoka,2279,2279,master,master,
GrandTiger1729,,,Taiwan,,2278,2278,master,master,
Tringmo,,,,,2278,2299,master,master,
wyyxhjth,,,,,2278,2341,master,international master,
keep__calm,,,,,2277,2361,master,international master,kostia244 orz
Misuki,,,Taiwan,Hsinchu,2276,2370,master,international master,National Chiao Tung University
IsaacMoris,Isaac,Moris,Egypt,Cairo,2273,2359,master,international master,FCIS Ain Shams University
JackPa,,,,,2273,2395,master,international master,
MDario,,,Cuba,,2273,2330,master,international master,
Tima,Temirlan,Satylkhanov,Kazakhstan,Taldykorgan,2271,2506,master,grandmaster,Tima's hata
Yamamoto_1919,,,China,Zhijiang,2269,2312,master,international master,Zhijiang University
CRH380BL,,,China,,2268,2379,master,international master,China Railway
rainboy,"When that I was and a little tiny boy,","with hey, ho, the wind and the rain...",,,2268,2396,master,international master,kaiboy fan club
oursaco,Thomas,,United States,,2267,2400,master,grandmaster,The Masked Fools
fedez,,,Italy,,2266,2326,master,international master,
FatihSolak,Fatih,Solak,Türkiye,,2265,2265,master,master,Bahcesehir High School for Science and Technology
tem_shett,Artem,Shuliatev,Russia,Moscow,2264,2346,master,international master,Zhyga-Dryga
Edlue,Edward,Lue,United States,,2263,2332,master,international master,University of Virginia
YxqK,Huangjie,Zhao,China,Xi'an,2262,2354,master,international master,cxaphoenix fan club
iterater,Jiyuan,Yang,China,Changzhou,2262,2305,master,international master,Changzhou Senior High School of Jiangsu Province
radoslav11,Radoslav,Dimitrov,Bulgaria,Plovdiv,2262,2590,master,grandmaster,University of Oxford
_rey,Pedro,Rey,Brazil,São Paulo,2261,2261,master,master,Colégio Etapa
blyat,extortion,homicide,Russia,Moscow,2258,2453,master,grandmaster,opivm
DeadlyCritic,MohammadHossein,Paydar,Iran,Mashhad,2257,2257,master,master,KFC(Kameli fan club)
brobat,Tanveer,Singh,India,Haridwar,2257,2350,master,international master,"BITS Pilani, Pilani campus"
dittoo,ditto is occupied :(,,,,2257,2257,master,master,
jain,,,India,,2257,2257,master,master,IIT(ISM) DHANBAD
Dilute,Jingxing,Lu,China,Hangzhou,2256,2301,master,international master,Hangzhou No.2 High School
egge,Egor,Georgievskii,Montenegro,,2254,2254,master,master,
Boboge,Botu,Lyu,Switzerland,Lugano,2253,2358,master,international master,Jiangly Fan Club
DrSwad,Nayeemul Islam,Swad,Bangladesh,Barisal,2251,2251,master,master,University of Dhaka
cxy004,,,,,2251,2251,master,master,
okwedook,Mikhail,Pogodin,Russia,Korolev,2251,2517,master,grandmaster,VK
YouKn0wWho,Shahjalal,Shohag (web: shahjalalshohag.com),Bangladesh,Dhaka,2250,2412,master,grandmaster,Shahjalal University of Science and Technology
flamestorm,,,United States,,2250,2250,master,master,MIT
flashmt,Nguyen,Nguyen,Vietnam,Ho Chi Minh City,2250,2598,master,grandmaster,
OleschY,Oleg,Yuschuk,Germany,,2249,2250,master,master,
asafiul,Azat,Safiullin,Russia,Kazan’,2249,2249,master,master,Higher School of Economics
thanhchauns2,Chau,Nguyen Thanh,Vietnam,Hanoi,2249,2249,master,master,PTIT Vietnam
Deep_Kevin,Kevin,Zhao,China,Zhongshan,2247,2444,master,grandmaster,Sun Yat-Sen University
Hongzy,,,China,Hefei,2247,2474,master,grandmaster,SUSTech
vodacbaoan,Vo Dac,Bao An,Vietnam,Da Nang,2246,2261,master,master,Monogon Fan Club
muratt,,,Türkiye,,2245,2732,master,international grandmaster,
Alfeh1,Mozaddede Alfeh,Sani,Bangladesh,Noakhali,2244,2252,master,master,Shahjalal University of Science and Technology
Hakiobo,Jacob,Huebner,United States,Milwaukee,2244,2408,master,grandmaster,Milwaukee School Of Engineering
dingwanren,,,,,2244,2244,master,master,
ei133333,Anya,Forger,Japan,Hamamatsu City,2244,2500,master,grandmaster,Eden Academy
Valters07,Valters,Kalnins,Latvia,Riga,2243,2254,master,master,Pirmā programmēšanas skola
rt3,,,,,2243,2364,master,international master,
xindubawukong,Xiangyun,Ding,China,,2242,2242,master,master,
ETK.,Yifan,Kang,United States,Boston,2240,2291,master,master,Jiangly Fan Club
KillerX,Denver,Jin,China,Nanjing,2240,2628,master,international grandmaster,Nanjing Jinling High School Hexi Compus
leexzq,,,China,Chengdu,2240,2240,master,master,Chengdu Foreign Languages School
megurine,,,China,Shanghai,2240,2240,master,master,Jilin University
TrainGod,,,,,2239,2257,master,master,
atodo,Alex,Todoran,Romania,Orăştie,2238,2543,master,grandmaster,Aurel Vlaicu National College Orastie
DippleThree,Cassidy Kyler,Tan,Philippines,Davao City,2237,2237,master,master,De La Salle University Manila
cuiaoxiang,Aoxiang,Cui,China,Shanghai,2237,2553,master,grandmaster,
lucasxia01,Lucas,Xia,United States,San Jose,2234,2350,master,international master,UCLA
Frank_DD,Dingxun,Du,China,Zhongshan,2233,2330,master,international master,Tianjin University
LUL____SEPLED1305,Nitit,Jongsawatsataporn,Thailand,Bangkok,2233,2391,master,international master,University of Wisconsin-Madison
awoo,Mikhail,Piklyaev,Russia,Saratov,2233,2709,master,international grandmaster,Saratov State U
hyta4982,Yihong,Liu,China,Wuhan,2233,2376,master,international master,CCNU
lawfung,,,Taiwan,Hsinchu,2233,2375,master,international master,National Taiwan University
qjatn0120,,,South Korea,,2233,2487,master,grandmaster,POSTECH
0shwiciqwqq,Liankai,Jin,China,Beijing,2232,2398,master,international master,Beihang University
HuaJun,Hua Jun,Teow,Singapore,Singapore,2230,2531,master,grandmaster,
Haa,,,Japan,,2229,2340,master,international master,
fork,,,China,Guangzhou,2228,2335,master,international master,The Affiliated High School of SCNU
Awcotn_tct,,,China,,2227,2227,master,master,
limbo16,,,Russia,,2227,2330,master,international master,Innopolis University
MicroMaker,Sirius,Chiyono,China,,2226,2354,master,international master,Sakugabooru No.6 High School
czhang2718,Claire,Zhang,,,2225,2281,master,master,MIT
slenbol,,,China,,2225,2391,master,international master,Chengdu Foreign Languages School
hotboy2703,Ngoc Trung,Pham,Vietnam,Hanoi,2223,2314,master,international master,HUS High School for Gifted Student
Winterfrost,Siyuan,Zhao,China,Jinan,2222,2222,master,master,Godwinner AK University
yqq,,,China,,2222,2261,master,master,Tongji University
uryu,,,China,Nanjing,2221,2297,master,master,
Wielomian,Jan,,Poland,Krakow,2220,2382,master,international master,
w4p3r,Peijian,Du,China,Chongqing,2220,2578,master,grandmaster,CQ Genshin Middle School
Artem_Sukharev,Artem,Sukharev,Russia,Nizhny Novgorod,2219,2301,master,international master,Nizhny Novgorod SU
GILGAMESH,Yang,Yan,China,Guangzhou,2218,2218,master,master,USACO
Lucina,Supakorn,Kijwattanachai,Thailand,Udon Thani,2218,2327,master,international master,MWITs
dimdum,,,,,2217,2323,master,international master,
zech,,,China,,2217,2270,master,master,Wuhan University of Technology
Kira_1234,Kaustubh,Miglani,India,Delhi,2216,2512,master,grandmaster,Indian Institute of Technology Madras
oToToT,Tommy,Chiang,Taiwan,Taipei,2216,2290,master,master,Club of idiots
tyin,Yingjie,Tang,China,,2216,2216,master,master,
UnoK,Unto,Karila,Finland,,2214,2214,master,master,Aalto University
Kaling,,,,,2213,2305,master,international master,Gyeonggi Science High School
Arinoor,Arian,Noorzadeh,Iran,Tehran,2212,2212,master,master,Allame Helli 10
varunmaddipati,Varun,Maddipati,India,,2212,2212,master,master,IIT Kharagpur
Dd2dD2,DONGJAE,LEE,South Korea,Seoul,2211,2211,master,master,Korea University
Sweezy,Dmitry,Pugachev,Russia,Stavropol,2209,2220,master,master,Yandex
golions,,,France,Nice,2208,2228,master,master,University of Virginia
Borel,Borel,Emile,,,2207,2232,master,master,Jiangly Fan Club
ButterflyDew,,,China,Wuhan,2206,2374,master,international master,Wuhan University
harsh__h,Harsh,,India,Patna,2206,2227,master,master,IIT Guwahati
machine_solution,Andrey,Zaitsev,Russia,Kuybyshev,2206,2398,master,international master,
Hyogue,,,South Korea,,2205,2213,master,master,Sogang University
JhonnyZaz,Jonathan,Carrillo,Colombia,Bogotá,2205,2205,master,master,Universidad Nacional de Colombia
TonySnark,Evgeniy,Artemov,Russia,Tyumen,2205,2440,master,grandmaster,Tyumen IU
Inari,,,South Korea,,2204,2204,master,master,
Svlad_Cjelli,,,United States,,2204,2462,master,grandmaster,Google
Lain,,,,,2203,2325,master,international master,
Valaki2,,,Hungary,Budapest,2203,2269,master,master,
ajpiano,,,,,2203,2326,master,international master,
fvogel,Francois,Vogel,,,2203,2204,master,master,
zlc1114_v2,,,,,2203,2346,master,international master,
A-SOUL.Ava,Xiangwan,Du,China,Zhijiang,2202,2202,master,master,A-Soul
divanik,Daniil,Ivanik,Netherlands,Amsterdam,2202,2297,master,master,Ildar Gainullin fun-club
huangxw,,,China,Nanjing,2202,2250,master,master,Nanjing University
leo020630,,,South Korea,,2202,2302,master,international master,POSTECH
ruogu,,,China,Suzhou,2202,2311,master,international master,Suzhou High School
Tiago_Marques,Tiago,Oliveira Marques,Portugal,Porto,2201,2201,master,master,MIT
fishcathu.,MengXin,Hu,China,,2201,2367,master,international master,
magnified,Nguyen,Viet Dung,Antarctica,,2201,2501,master,grandmaster,
zacharychao,,,Taiwan,Tainan City,2201,2305,master,international master,
NegaTeeF,Babenko,Misha,United Kingdom,London,2200,2426,master,grandmaster,
XG0000,,,China,Taiyuan,2199,2199,master,master,The Affiliated High School of Shanxi University
arvindr9,Arvind,Ramaswami,Antarctica,,2199,2298,master,master,
kpeng815,Kinllen,Peng,United States,,2199,2199,master,master,Cornell University
s20b1_chernikov,,,Russia,Moscow,2199,2294,master,master,
slah007,,,South Korea,,2197,2268,master,master,
zyl19416,,,China,Chengdu,2197,2237,master,master,Chengdu Foreign Languages School
Kniaz,Sergey,Kniazevskiy,Russia,Moscow,2196,2320,master,international master,Moscow State Pedagogical University
amanbol,Amanbol,Kanatuly,Kazakhstan,Aktau,2195,2367,master,international master,KBTU
casual11,,,,,2195,2279,master,master,Stanford University
dshindov,Daniil,Shindov,Russia,Novosibirsk,2195,2220,master,master,Balls Of Steel
lddlinan,,,China,,2195,2273,master,master,
huxch135,Xincheng,Hu,,,2194,2194,master,master,Lanzhou University
Makcum888,,,Russia,Nizhny Novgorod,2192,2429,master,grandmaster,
Osama_Alkhodairy,Osama,Alkhodairy,Canada,Waterloo,2192,2280,master,master,University of Waterloo
apgpsoop,Ehan al-Yousif,,Palestinian Territory,Jabalia,2192,2210,master,master,Clash Of Clans #288LRYGYG
TranLeHiep,Tran Le,Hiep,Vietnam,Hanoi,2191,2271,master,master,Hanoi University of Science and Technology
linlincaleb,,,Taiwan,New Taipei City,2191,2255,master,master,becaidorz fan club
patou,,,,,2191,2274,master,master,
.Mahdi.,Mohammadmahdi,Khavari,Iran,Mashhad,2190,2266,master,master,hasheminejad1
BaluconisTima,Tsimafei,Baliukonis,Belarus,Vitebsk,2190,2321,master,international master,Jagiellonian University
MaddyBeltran,,,United States,,2190,2339,master,international master,eyangch fan-club
Monarchuwu,Le,Minh Hoang,Antarctica,,2190,2217,master,master,cf247
yz_,Maximilliano,Utomo,Indonesia,Surabaya,2190,2282,master,master,National University of Singapore
Celtic,,,China,,2189,2223,master,master,
Mediocrity,,,,,2189,2438,master,grandmaster,
SPD_9X2,,,Japan,Yokohama,2189,2446,master,grandmaster,Keio University
anubhavdhar,Anubhav,Dhar,India,Kharagpur,2189,2189,master,master,IIT Kharagpur
lukamosiashvili,luka,mosiashvili,Georgia,Tbilisi,2189,2318,master,international master,keta_tsimakuridze FanClub
dinosaurs,,,,,2188,2249,master,master,
hxu10,,,China,,2186,2207,master,master,University of Science and Technology of China
lookcook,,,Canada,Calgary,2186,2285,master,master,University of Toronto
pty6666,Wei,Hong,China,Nanjing,2184,2236,master,master,Jiangly Fan Club
GlowCheese,,,Vietnam,,2182,2185,master,master,
Mtaylor,Mahdi,Cheikhrouhou,Tunisia,Sfax,2182,2326,master,international master,
Bellalabella,,,China,,2181,2356,master,international master,Beihang University
apilat,,,,,2181,2222,master,master,
polosatic,Leonid,Ozhegov,Russia,Perm,2181,2351,master,international master,ORLbl(Ptici vblsokogo poleta)
Missyou,red,loveyou,China,,2180,2350,master,international master,CCNU
fractal,Altair,Ashurov,Kazakhstan,Astana,2180,2228,master,master,Nazarbayev University
Vectors_Master,Ahmad,Sarhan,Syria,Homs,2179,2261,master,master,Innopolis University
mjtai,,,Japan,,2178,2336,master,international master,
Weobe,,,Türkiye,,2177,2252,master,master,berguzar fan club
Zany,,,India,,2177,2192,master,master,IIT Mandi
shadow9236,Shivang,Tiwari,India,Fatehpur,2177,2377,master,international master,Jiangly Fan Club
walk_alone,,,China,Wuhan,2177,2198,master,master,Huazhong University of Science and Technology
MnTm,,,Kazakhstan,Atyrau,2176,2206,master,master,infolab
mban259,,,Japan,,2176,2306,master,international master,
I_LOVE_ANTON_DONBASS,Vladislav,Denisyuk,Ukraine,Khmel’nyts’kyy,2175,2505,master,grandmaster,Jagiellonian University
Meloric,,,,,2175,2175,master,master,Swiss Olympiad in Informatics
RedMind,,,,,2175,2326,master,international master,
low_,Daniel,To,Vietnam,Hanoi,2175,2360,master,international master,"University of Engineering and Technology, VNU"
LiuRunkY,Langqi,Liu,China,Nanjing,2174,2263,master,master,
Lokeo,,,Kazakhstan,,2174,2276,master,master,Pusan National University
jli505,Joe,,United States,Cupertino,2174,2174,master,master,
keyurchd_11,Keyur,Chaudhari,India,Ahmedabad,2174,2174,master,master,IIIT Hyderabad
qualdoom,Anton,Nikiforov,Russia,Moscow,2174,2174,master,master,dungeon master
codr0,Parsa,Eslami,Iran,,2173,2374,master,international master,
forgothandle,,,,,2173,2291,master,master,
brianlee.lck,Brian,Lee,,,2172,2277,master,master,University of Cambridge
temp06,,,China,,2172,2339,master,international master,Beijing JiaoTong University
_dg_,,,,,2171,2266,master,master,
DimmyT,Dinmukhamed,Tursynbay,Kazakhstan,Almaty,2170,2290,master,master,KBTU
MagentaCobra,,,United States,,2170,2237,master,master,
nasadigital,David,Serafimov,North Macedonia,Skopje,2170,2277,master,master,
puppetoftinjyu,,,Macao,Macao,2170,2170,master,master,
8eight,,,,,2169,2179,master,master,
HappyPacMan,,,,,2169,2358,master,international master,
Nevll,,,,,2169,2334,master,international master,Tzaph Fan Club
qsmcgogo,Smarty,Chen,China,Beijing,2169,2247,master,master,Jiangly Fan Club
Badint,Ernest,Lu,Greenland,Uummannaq,2167,2232,master,master,Clash Of Clans #288LRYGYG
Elo,Elolo,PTY,China,Guangzhou,2167,2167,master,master,South China University of Technology
CoachDanke,Hao,Du,China,Beijing,2166,2222,master,master,The Affiliated High School of Peking University
KNB.,Vintage Mohamed,Ehab,Egypt,Alexandria,2166,2479,master,grandmaster,
Agnimandur,Shiva,Oswal,United States,Pittsburgh,2165,2377,master,international master,Carnegie Mellon University
Igrmi,,,Japan,,2164,2164,master,master,
PineapplesOnPizza,,,Thailand,Bangkok,2164,2295,master,master,Church of define int long long
lucifer1004,Zihua,Wu,China,Beijing,2164,2321,master,international master,Peking University
titia,,,Japan,,2164,2342,master,international master,
FelixMP,Félix,Moreno Peñarrubia,Spain,L'Eliana,2163,2370,master,international master,Universitat Politècnica de Catalunya
Slamur,Slava,Muravev,Kyrgyzstan,Bishkek,2163,2301,master,international master,
lis05,Ihor,Lukianov,Ukraine,Hlevakha,2163,2223,master,master,Jagiellonian University
mr.kolya,,,Russia,Orenburg,2162,2187,master,master,Higher School of Economics
wnmrmr,Willian,Mori,Brazil,,2162,2344,master,international master,University of São Paulo
Nida1097,,,,,2161,2161,master,master,
guperman,,,Germany,,2161,2310,master,international master,
magga,Colonel,Cossack,,,2161,2562,master,grandmaster,Mahi Mahi Mindy Fanclub
oisdoaiu,,,China,,2161,2296,master,master,
AQil,manam ie bande khoda,,Iran,Tehran,2160,2391,master,international master,Allame Helli 2
KazmetreD,Yusuf Emir,,Türkiye,Burdur,2160,2218,master,master,
kovaxis,,,Chile,,2160,2251,master,master,Pontificia Universidad Católica de Chile
uhtyzmaaa,,,Russia,Moscow,2160,2160,master,master,
Grzmot,Mateusz,Orda,Poland,,2159,2270,master,master,
JianZhufeng,,,China,Wuhu,2159,2190,master,master,Anshi Dafu Middle
ooaa,Olga,Martynova,Russia,Saint Petersburg,2159,2320,master,international master,Saint-Petersburg SU
quanjun,,,,,2159,2159,master,master,
AndreyPavlov,Andrey,Pavlov,Russia,Orenburg,2158,2158,master,master,horny
Hyado,,,Japan,,2158,2307,master,international master,The University of Tokyo
changruinian2020,StonksCF-verify,,,,2158,2286,master,master,Chongqing Bashu Middle School
gohan123,Lohith Kumar,Burra,India,Mumbai,2157,2260,master,master,IIT Bombay
I_love_Michel_Sardou,,,France,,2156,2209,master,master,France-IOI
Jackylkk2003,,,Hong Kong,Hong Kong,2156,2241,master,master,SYOI
Nisanth,Nisanth,D,India,Chennai,2156,2292,master,master,Indian Institute of Technology Madras
wjli,Wanjun,Li,United States,,2156,2381,master,international master,IOI 94
Esquire,Sadegh,Samadi,Iran,Tehran,2155,2155,master,master,University of Tehran
Nanako,Nanako,Komeiji,China,Ganzhou,2155,2329,master,international master,Harbin Engineering University
SharpnessX,,,China,Jiujiang,2155,2194,master,master,
TsukikoTsutsukakushi,,,Japan,,2155,2392,master,international master,
Uanogcdp,,,Japan,,2155,2279,master,master,
bvd,Bui,Viet Dung,Vietnam,Hanoi,2155,2225,master,master,THPT Kim Liên
nawa,,,Japan,,2155,2206,master,master,
555,Erkam,Uysal,Türkiye,,2154,2218,master,master,23rd Dynasty
dcclyde,,,United States,Seattle,2154,2185,master,master,Facebook
Deepesson,,,Brazil,,2153,2249,master,master,
Liu_AK,,,China,Hefei,2153,2153,master,master,Hefei No.1 High School
Wangxueyi,Xueyi,Wang,China,Xingcheng,2153,2153,master,master,LNOI Group
azxg,,,,,2153,2153,master,master,
hir35,,,Japan,,2153,2236,master,master,
Aaeria,Our time is up,,,,2152,2310,master,international master,
_Enigma__,Yatin,Khanna,India,Ghaziabad,2152,2345,master,international master,IIT Roorkee
denniskim,Geonpyo,Kim,South Korea,Seoul,2152,2171,master,master,Gyeonggi Science High School
jhhope1,jaehwan,kim,South Korea,Seoul,2152,2399,master,international master,Seoul National University
CSP,NO,Ip,China,,2151,2151,master,master,Flamire Research Institute
ZerooCool,AdhmMohamed,,Egypt,Banī Suwayf,2151,2151,master,master,German University in Cairo
bluesky_hope,,,,,2151,2206,master,master,
dapingguo8,,,,,2151,2299,master,master,Tianjin Nankai High School
viktor.fukala,Viktor,Fukala,Czechia,Prague,2151,2166,master,master,ETH Zurich
MERCEDES-MAYBACH,,,,,2150,2152,master,master,
ouql,,,,,2150,2311,master,international master,
Nea1,,,,,2149,2149,master,master,
icyM3tra,,,China,Anqing,2149,2192,master,master,
anhkha2003,Phuoc Anh Kha,Le,Vietnam,Hoi An,2148,2148,master,master,Texas A and M University
Riladavin,Ilya,Khlyustov,Russia,Nizhny Novgorod,2147,2224,master,master,Nizhny Novgorod SU
catforces,,,Russia,Volgograd,2147,2277,master,master,VSTU
lingfunny,Haitao,Liao,China,Xiamen,2146,2192,master,master,Xiamen Shuangshi Middle School of Fujian
pwned,Filbert Ephraim Wu,,Philippines,,2146,2146,master,master,Duong Canh fanclub
Svyat,Svyatoslav,Starkov,,,2145,2350,master,international master,
mattagar6,Matt,Agar,Canada,Toronto,2145,2303,master,international master,University of Toronto
CodigoL,Lautaro,Lasorsa,Argentina,Buenos Aires,2144,2391,master,international master,
Perpetually_Purple,,,India,,2144,2351,master,international master,IIT Mandi
Phantom_Deluxe,Mayank,Tayal,India,Palwal,2144,2205,master,master,IIT Indore
SevenDawns,,,China,Hangzhou,2144,2232,master,master,Hangzhou Xuejun High School
a757403,,,,,2144,2220,master,master,Shanghai Maritime University
cunzai_zsy0531,Siyuan,Zhao,China,Jinan,2144,2300,master,international master,Godwinner AK University
muoshuo,Longhuan,Wang,China,Hangzhou,2144,2232,master,master,Jiangly Fan Club
Kotoblepass,,,Russia,Moscow,2142,2280,master,master,
Stefan2417,Stefan,Kuznetsov,Russia,Nizhny Novgorod,2142,2167,master,master,Higher School of Economics
avi0000,Avi,Kumar,India,,2142,2255,master,master,IIT Kanpur
Halyavka,Pretty Boy,,Russia,Voronezh,2141,2210,master,master,
SuffixAutomaton,,,China,Wuhu,2141,2141,master,master,zjf fan club
ghoul932,,,India,Lucknow,2141,2178,master,master,IIT Delhi
hiddenStudent,,,,,2141,2141,master,master,
mehrzad_minaei,Mehrzad,Minaie,Canada,Montreal,2141,2236,master,master,
Amel,Taehoon,Kim,South Korea,Seoul,2140,2264,master,master,Korea University
Ant_Man,,,Bangladesh,Dhaka,2140,2527,master,grandmaster,Ruhan Habib Fan Club
Theresa_Apocalypse,,,,,2140,2140,master,master,Jiangly Fan Club
Time4_aCookie,Ayushi,Majajamn,,,2140,2140,master,master,birby cult
iLLusio,Alankrit,Anand,India,Patna,2140,2338,master,international master,IIT Roorkee
Fuzen527,Fuzen,,Hong Kong,Hong Kong,2139,2242,master,master,CUHK
_FireGhost_,Tai,Nguyen Tuan,Vietnam,Ho Chi Minh City,2139,2221,master,master,University of Wisconsin-Madison
t98slider,,,Japan,,2139,2234,master,master,
CSQ31,Chew Shao Qian,,Malaysia,,2138,2322,master,international master,ZS Fanclub
DebNatkh,Maxim,Deb Natkh,Russia,Moscow,2138,2284,master,master,Higher School of Economics
djm03178,,,South Korea,Seoul,2138,2294,master,master,Hanyang University
Bruteforceman,Tasmeem,Reza,Bangladesh,Dhaka,2137,2433,master,grandmaster,MIT
F99_ll_H21,Felix,Fa,China,Suzhou,2136,2221,master,master,Suzhou High School
Devil_G,,,China,Xi'an,2135,2152,master,master,Beihang University
Fu_L,,,Japan,Tokyo,2135,2234,master,master,The University of Tokyo
NaZaR.IO,Nazarbek,Baltabaev,Uzbekistan,,2135,2135,master,master,MathX
Jimanbanashi,,,Singapore,Singapore,2134,2528,master,grandmaster,NEWSIS
SpadeA261,,,China,Taiyuan,2134,2162,master,master,The Affiliated High School of Shanxi University
Teja-Smart,TEJA,DRONADULA,India,Nellore,2134,2248,master,master,Indian Institute of Technology Madras
Merlininice,nan,yang,China,Fuzhou,2133,2382,master,international master,FuZhou university
expecting,,,,,2132,2222,master,master,
reshke,,,,,2132,2132,master,master,
tedi_2.0,Roman,Pitsura,Ukraine,Uzhhorod,2131,2283,master,master,UzhNu
sergey111,Sergey,Cheremshinsky,Ukraine,Kyiv,2130,2130,master,master,Taras Shevcenko University of Kiev
vladmart,,,Russia,Saransk,2130,2307,master,international master,Mordovia SU
Kost1in,,,China,Wuhu,2129,2129,master,master,zjf fan club
Ziad_Youssef,,,,,2129,2129,master,master,
wmq,,,China,Beijing,2129,2155,master,master,The Experimental High School Attached to BNU
zundamochi_1117,Hideaki,Jo,Japan,Kawasaki,2129,2297,master,master,
CharlesWuQiushi,Qiushi,Wu,China,Chengdu,2128,2190,master,master,Chengdu Foreign Languages School
Huah2,,,,,2128,2284,master,master,
Prostoegor239,Egor,Kravchenko,Russia,Saint Petersburg,2128,2399,master,international master,Saint-Petersburg SU
minhnguyenxuan60,Minh,,Vietnam,Ho Chi Minh City,2128,2130,master,master,Tran Dai Nghia High School For The Gifted
misorin,,,Japan,,2128,2361,master,international master,
Kerim.K,Kerim,Kochekov,Turkmenistan,,2127,2359,master,international master,HKUST
Markellonchik,Mark,Hryshechkin,Ukraine,Kremenchuk,2127,2363,master,international master,"Kremenchug, POLIT"
codetiger927,Alex,Fan,United States,Lexington,2127,2316,master,international master,timmyfeng fan-club
irri,irshad,,Bangladesh,,2127,2300,master,international master,BUET
lazyboy251,,,,,2127,2127,master,master,
pavement,,,Singapore,Singapore,2127,2511,master,grandmaster,Hwa Chong Institution
KING_VAMP,JORDAN,CARTER,United States,Atlanta,2126,2138,master,master,Opium
ThatIsToSay,,,,,2126,2126,master,master,Moscow ISiS
All1gator,,,Russia,,2125,2125,master,master,
YahiaSherif,,,Egypt,,2125,2293,master,master,German University in Cairo
skhan_org,Shahnawaz,Khan,India,Muzaffarpur,2125,2136,master,master,Indian Institute of Technology Ropar
Gowill_Yellow,,,,,2124,2143,master,master,
eggag32,Egor,Gagushin,United States,,2124,2142,master,master,Purdue University
iridescent_53,,,Bangladesh,Pābna,2124,2128,master,master,
niike0goood,,,China,Fuzhou,2124,2259,master,master,Affiliated High School of Fujian Normal University
pre_prime,É o prime,,Brazil,,2124,2281,master,master,
14ns,Vedanshu,Goyal,India,,2123,2123,master,master,IIT Jodhpur
ParsaS,Parsa,Sadeghi,Iran,Tehran,2123,2327,master,international master,Allame Helli
Kaibad,,,China,Harbin,2122,2302,master,international master,HRBUST
apostoldaniel854,Daniel,Apostol,Romania,Bucharest,2122,2291,master,master,University of Bucharest
gxy001,,,China,Xi'an,2122,2287,master,master,MS attached to NPU
kitsune,Tengiz,Bekkoyonov,Kyrgyzstan,Toktogul,2122,2148,master,master,
April_lie,,,China,,2121,2121,master,master,ASDFZ
Chime,Ming,Zhong,China,Wuhan,2121,2121,master,master,CCNU
Mechanicuz,,,,,2121,2121,master,master,
tamajitbuba,Tamajit,Banerjee,India,Kolkata,2121,2121,master,master,IIT Delhi
HomuraCat,,,,,2120,2176,master,master,
MrDemon,,,,,2120,2132,master,master,
cdh981009,,,South Korea,,2120,2120,master,master,Seoul National University
dtc03012,TaeHun,Kim,South Korea,Seoul,2120,2239,master,master,Hanyang University
hearthewsong,,,Hungary,,2120,2181,master,master,
kartel,Aliaksandr,Loseu,Belarus,Gomel,2120,2147,master,master,BSUIR
tobias.glimmerfors,Tobias,Glimmerfors,Sweden,Stockholm,2119,2375,master,international master,
BabaVoss,Ahmad,Alhussin,Syria,Homs,2118,2138,master,master,Innopolis University
ExplodingFreeze,Pranav,Rajagopalan,India,Bengaluru,2118,2301,master,international master,Google
Hemose,Ibrahim,Dewedar,Egypt,Cairo,2118,2237,master,master,German University in Cairo
leeminhduc2,Retire soon™,,Vietnam,Lào Cai,2118,2126,master,master,"University of Engineering and Technology, VNU"
trek_walker,,,,,2118,2187,master,master,
AdhmMohamed,ZerooCool,,Egypt,Banī Suwayf,2117,2146,master,master,German University in Cairo
buba21,,,India,,2117,2147,master,master,
northbank,,,,,2117,2117,master,master,
RoundRoundUP,,,,,2116,2121,master,master,
Sakura_chan,,,,,2116,2116,master,master,
TY_wc,,,China,Hangzhou,2116,2116,master,master,ACfun
shinigami11,Ashish,Sundriyal,India,Ghaziabad,2116,2213,master,master,IIT Guwahati
BocchiTheCF,,,,,2115,2115,master,master,
mbdbr,,,,,2115,2196,master,master,
Mathematiker,,,Austria,,2114,2298,master,master,University of Vienna
Raiden,SH,Rony,Bangladesh,Pābna,2113,2304,master,international master,Shahjalal University of Science and Technology
WillTheBill,William,Bille Meyling,Denmark,Copenhagen,2113,2181,master,master,University of Copenhagen
Your_Name,,,Taiwan,Kaohsiung City,2113,2204,master,master,
brenner1,Lucas,Albuquerque,Brazil,Campina Grande,2113,2164,master,master,Federal University of Campina Grande
Jaydeep999997,Jaydeep,Machhi,India,Vadodara,2112,2212,master,master,DA-IICT
MELNIKOFF_OLEG,,,,,2112,2310,master,international master,pinely
Gheal,Gheorghies,Alexandru,Romania,Iași,2111,2324,master,international master,liis
Werner_Yin,,,China,Changsha,2111,2303,master,international master,Changjun High School
Yugi.Hacker,Vu,Tran Nhat,Vietnam,Thành Phố Phủ Lý,2111,2163,master,master,FPT University
adnan_toky,Adnan,Toky,Bangladesh,Sātkhira,2111,2259,master,master,Rajshahi University of Engineering and Technology
oadey89,,,United Kingdom,,2111,2111,master,master,
WHC-MIK-7521X,,,China,Chengdu,2110,2327,master,international master,Chengdu Foreign Languages School
mknayam,Mayank,,India,Begusarai,2110,2110,master,master,IIT Roorkee
ComplexPug,,,China,Dongying,2109,2368,master,international master,Northeastern University at Qinhuangdao
Perry_Prasad_Platypus,Kavish,Lodha,India,Udaipur,2109,2166,master,master,IIT Roorkee
draco976,Harshvardhan,Agarwal,India,Mumbai,2109,2139,master,master,IIT Bombay
kkite_gk,Grigory,Kazachonok,Belarus,Minsk,2109,2215,master,master,Lyceum BSU
likely,(That place is up there. In the sky that you both,love. Together with stars and the whole universe.),China,Beijing,2109,2167,master,master,CUGB
prokopton,,,,,2109,2196,master,master,
LordVoIdebug,Vladimir,Kaurkin,Russia,Smolensk,2108,2336,master,international master,Higher School of Economics
1459007298,Dragon,Wang,,,2107,2255,master,master,
JeffreyLC,Pak Nam,Hui,Hong Kong,Hong Kong,2107,2465,master,grandmaster,Google
luciocf,Lúcio,Figueiredo,Brazil,São Raimundo Nonato,2107,2210,master,master,University of Chicago
Lonely.,,,China,Changsha,2106,2143,master,master,Yali Middle School
Nyaruko,,,Christmas Island,,2106,2273,master,master,KBTU
farmerboy,Tan Bao,Nguyen,Vietnam,Da Nang,2106,2259,master,master,SEA Group
IMRUN,Imran,Turganov,Kazakhstan,Almaty,2105,2105,master,master,Constructor University
ki0apa,David,Horne,United States,New York,2105,2354,master,international master,Rutgers University
orz_wmg,,,,,2105,2140,master,master,
towrist,Shiladitya,,United Kingdom,London,2105,2174,master,master,IIT(ISM) DHANBAD
D0min0,Parth,Bansal,India,,2103,2171,master,master,IIT Roorkee
DmitryLzr,Dmitrii,Liziura,Russia,Moscow,2103,2270,master,master,Moscow IPT
XiaoHa19672364,,,China,,2103,2103,master,master,
Bogdan228,,,,,2102,2102,master,master,
DOngPH19,,,Philippines,,2102,2295,master,master,Yale University
Milesian,,,,,2102,2161,master,master,
RockSnow,,,Portugal,Lisbon,2102,2134,master,master,
VuaVeNhi,,,,,2102,2102,master,master,Ams Ma Túy Incorporated
naman1601,Naman,Chhaparia,India,Ranchi,2101,2178,master,master,"BIRLA INSTITUTE OF TECHNOLOGY,  MESRA"
Goobne,,,,,2100,2226,master,master,
newhar,H,YS,China,,2100,2100,master,master,
s_jaskaran_s,Jaskaran,Singh,India,Chandigarh,2100,2175,master,master,IIT Indore
suta,,,Japan,,2100,2283,master,master,Waseda University
1DWalker,,,Canada,,2099,2099,candidate master,candidate master,
lunchbox,Bing-Dong,Liu,United States,,2099,2302,candidate master,international master,USACO
Mikaeel,Mikaeel,Ghorbani,Iran,Karaj,2097,2402,candidate master,grandmaster,Sharif FUT
PleasePreyForMe,,,,,2097,2259,candidate master,master,
nocap,Karim,Minnibaev,Russia,Kazan’,2096,2364,candidate master,international master,ASADULLIN THE BEST
Gatina,,,,,2094,2125,candidate master,master,
Radin_Zahedi,Radin,Zahedi,Iran,Tehran,2091,2350,candidate master,international master,Allame Helli
US3RN4M3,Yuval,Vaknin,Israel,Tel Aviv,2091,2308,candidate master,international master,Tel Aviv University
achvanov,Alexander,Chvanov,Russia,Saint Petersburg,2091,2283,candidate master,master,Saint-Petersburg SU
Sylv,,,Mongolia,,2090,2090,candidate master,candidate master,Jangar Fan Club
wiz_cs,,,India,Pune,2090,2164,candidate master,master,Carnegie Mellon University
WCG,Chun,Wu,United States,Ann Arbor,2087,2386,candidate master,international master,University of Michigan
cscsc,,,,,2084,2261,candidate master,master,
yao11617,,,Taiwan,Taipei,2083,2429,candidate master,grandmaster,National Taiwan U
codelegend,Anurudh,Peduri,India,,2081,2475,candidate master,grandmaster,Ruhr University Bochum (RUB)
syrtin,Yersultan,Abzhami,Kazakhstan,Aqtöbe,2081,2244,candidate master,master,MIT
Aiburito,,,Kazakhstan,,2080,2127,candidate master,master,UNIST
sikario,,,,,2080,2080,candidate master,candidate master,
sedev57,,,South Korea,,2079,2345,candidate master,international master,KAIST
MOBB_PEPE,,,,,2078,2115,candidate master,master,
joelau,,,Singapore,,2077,2182,candidate master,master,
Celmin,,,China,Chengdu,2076,2076,candidate master,candidate master,
reeWorld,Max,Kovalchuk,Ukraine,,2074,2376,candidate master,international master,Kyiv NU
sharmaharisam,Harisam,Sharma,India,Delhi,2073,2172,candidate master,master,IIT Delhi
Dremix10,Demetris,Chrysostomou,Cyprus,Larnaca,2069,2266,candidate master,master,
kmyiu,,,Hong Kong,Hong Kong,2069,2153,candidate master,master,CUHK
omega_alpha,Rodion,Chernikov,Russia,Moscow,2069,2181,candidate master,master,Moscow IPT
thiago_bastos,,,Brazil,Rio de Janeiro,2067,2164,candidate master,master,
berekuk,,,,,2065,2242,candidate master,master,
zhqwq,,,,,2064,2076,candidate master,candidate master,
Nakagawa.Kanon,,,Vietnam,,2063,2389,candidate master,international master,Maijima Private HS
auaua,,,Japan,,2063,2221,candidate master,master,
Artemis_Bow,,,China,Qingdao,2060,2060,candidate master,candidate master,China University of Petroleum(East China)
plourde27,Xavier,Plourde,United States,Syracuse,2059,2353,candidate master,international master,UC Berkeley
fahimcp495,Fahim,Khandakar,Bangladesh,,2056,2114,candidate master,master,University of Dhaka
pd_codes,Pranav,Dev,India,Patna,2055,2096,candidate master,candidate master,IIT BHU Varanasi
BaXij,,,,,2054,2135,candidate master,master,
unti,Unti,Taro,Japan,,2054,2203,candidate master,master,
caan_do,Jikun,Zhang,Singapore,Singapore,2052,2298,candidate master,master,
elizarov,Roman,Elizarov,Russia,,2050,2210,candidate master,master,JetBrains
BILL666,,,,,2048,2098,candidate master,candidate master,Chengdu No.7 High School
Cantor.,Yongjie,Yin,China,Shenyang,2047,2047,candidate master,candidate master,Liaoning University
lucri,,,Romania,Piatra Neamţ,2047,2094,candidate master,candidate master,
nvllable,,,,,2045,2162,candidate master,master,Carnegie Mellon University
Mohammad-Parsa,,,Iran,Tehran,2044,2202,candidate master,master,
bntti,Juho,Roeyskoe,Finland,Helsinki,2043,2304,candidate master,international master,University of Helsinki
gleb.astashkin,Gleb,Astashkin,Serbia,Belgrade,2043,2384,candidate master,international master,Yandex
hubz,Hubert,Zięba,Poland,Krakow,2043,2306,candidate master,international master,Jagiellonian University
codebuster_10,,,India,,2042,2230,candidate master,master,
udon1206,,,Japan,,2041,2319,candidate master,international master,
Noureldin,Nour,,,,2040,2288,candidate master,master,
Mitsuoka,,,,,2038,2199,candidate master,master,
TopCarry,Feiyang,Wu,China,Wuhan,2037,2059,candidate master,candidate master,Wuhan University
STommydx,,,Hong Kong,Hong Kong,2036,2279,candidate master,master,SYOI
ghj1222,Qinjiang,Ren,China,Baoding,2036,2437,candidate master,grandmaster,
liuweih,,,,,2036,2036,candidate master,candidate master,
alpha_kotenok,Anton,Kaminskyi,Ukraine,,2033,2143,candidate master,master,
wythend,,,China,,2033,2240,candidate master,master,The Affiliated High School of SCNU
Mahmoud_Haddad,Mahmoud,Haddad,Syria,Aleppo,2032,2261,candidate master,master,HIAST
1353055672,Li,Gen,China,Shantou,2030,2056,candidate master,candidate master,Shantou Jinshan High School
MYNAMEISSHARIFUL,Shariful,Islam,Bangladesh,Dhaka,2030,2145,candidate master,master,BUET
__lcm,,,,,2030,2068,candidate master,candidate master,
east1016,,,,,2030,2185,candidate master,master,
DeepJay,,,China,Dalian,2026,2082,candidate master,candidate master,Dalian Maritime University
pazabol,Khoi P. N.,Nguyen,Vietnam,Ho Chi Minh City,2025,2236,candidate master,master,Fulbright University Vietnam
cyzh,,,China,Wuhan,2024,2166,candidate master,master,0x3F Club
qxforever,Weiqi,Feng,China,Beijing,2022,2359,candidate master,international master,Beihang University
Kalashnikov,Ramazan,Perdebai,Kazakhstan,Karagandy,2021,2176,candidate master,master,Nazarbayev University
SarahLynn,,,,,2021,2108,candidate master,master,
dredwerkz,,,,,2020,2243,candidate master,master,
rabbitcxk,,,,,2019,2090,candidate master,candidate master,
LinaInverse,Ting,Bad,,,2017,2017,candidate master,candidate master,Lomonosov Moscow State University
Saarthak_10,Saarthak,Seth,India,New Delhi,2017,2017,candidate master,candidate master,Delhi Technological University
firstin0907,,,South Korea,,2016,2105,candidate master,master,Hanyang University
lxyb,Semyon,Merkulov,,,2016,2127,candidate master,master,
pill,,,,,2016,2211,candidate master,master,
cc4414,,,China,Wuhan,2014,2108,candidate master,master,
Eramoni,,,India,,2013,2192,candidate master,master,
csyakuoi,"Stop Learning useless algorithms,",go and solve some problems,,,2013,2484,candidate master,grandmaster,learn how to use binary search.
brimnet,,,,,2012,2016,candidate master,candidate master,
taran_1407,Taranpreet,Singh,India,,2012,2315,candidate master,international master,
WAtoAC2001,Aryaman,Das,India,Siliguri,2010,2167,candidate master,master,IIT Delhi
yowai,Nub,,India,,2009,2079,candidate master,candidate master,
robivirt,Viktor,Krivoshchekov,Russia,Yekaterinburg,2008,2151,candidate master,master,SESC USU
Abdel-AzizMostafa,,,Egypt,Giza,2007,2176,candidate master,master,FCIS Ain Shams University
ChiakiNanami,,,China,Nanjing,2006,2006,candidate master,candidate master,
F0lse,,,Chad,,2006,2077,candidate master,candidate master,
Tet,Soroush,Sahraei,Iran,Tehran,2003,2075,candidate master,candidate master,University of Tehran
HCPS42,Temirkhan,Zimanov,Kazakhstan,Almaty,2001,2348,candidate master,international master,Higher School of Economics
secretsecret,,,,,2001,2060,candidate master,candidate master,
AceIn,Li-Cheng,Shen,Taiwan,Taipei,1999,2244,candidate master,master,National Taiwan U
Drice,,,China,,1999,2333,candidate master,international master,Jiangly Fan Club
satyam343,Satyam,Kumar Roy,India,Begusarai,1998,2400,candidate master,grandmaster,IIT Kanpur
Diego,Egor,Sergeev,Russia,Pushkino,1997,2515,candidate master,grandmaster,Oleg Shatov Sect
Roll_Num_56,Apurba,Saha,Bangladesh,Pār Naogaon,1997,2242,candidate master,master,BUET
V4V,Victor,Chernishev,,,1997,2057,candidate master,candidate master,ITMO University
Bedoo,,,Palestinian Territory,,1996,2150,candidate master,master,
Lavine,,,China,,1996,2180,candidate master,master,Northwestern Polytechnical University
lenkua,,,,,1996,2053,candidate master,candidate master,Huangshi No.2 Senior High School
purinliang,Purin,Liang,China,,1995,2289,candidate master,master,South China University of Technology
rs258,Rishi,Sethia,India,Vadodara,1993,2126,candidate master,master,IIT Roorkee
LeoRiether,Leonardo,Riether,Brazil,,1992,2196,candidate master,master,University of Brasilia
ganon,,,,,1991,2057,candidate master,candidate master,
kzyKT,,,Japan,Tokyo,1990,2296,candidate master,master,
.rem,Victor,Chen,Canada,,1989,2165,candidate master,master,UBC
julianferres,Julian,Ferres,Argentina,Buenos Aires,1988,2217,candidate master,master,elsantodel90 fan club
loopers,,,,,1988,2180,candidate master,master,
timreizin,Tymofii,Reizin,Ukraine,Kyiv,1986,2288,candidate master,master,Charles University in Prague
yur3k,Yury,Svirschevskiy,Russia,Moscow,1986,2166,candidate master,master,The most ******* organization in cf
KIRILL_WINNER,,,,,1985,2076,candidate master,candidate master,
sanyon,,,Japan,,1984,2199,candidate master,master,
eepsilon,,,,,1982,2212,candidate master,master,
HeIIoWorId,Ju,Yongquan,China,Harbin,1981,2182,candidate master,master,HRBUST
racetocm,,,Mongolia,,1981,2013,candidate master,candidate master,Jangar Fan Club
zhrrrr,zhang,hr,Trinidad and Tobago,Tabaquite,1980,2225,candidate master,master,Central South University
popaj,,,Saudi Arabia,,1979,2330,candidate master,international master,
123abda,HUU AN,PHAN,Singapore,,1978,2197,candidate master,master,
alien_lover,Evan,Wang,United States,,1978,1978,candidate master,candidate master,
tsotne,Tsotne,Tabidze,Georgia,Kutaisi,1977,2030,candidate master,candidate master,
chaosagent,3TTPW466PZRQB6H,Hou,United States,Fremont,1976,1998,candidate master,candidate master,USACO
hungt1,,,Vietnam,,1976,2139,candidate master,master,Ho Chi Minh City University of Science
whitewind664,,,North Macedonia,Strumica,1976,2030,candidate master,candidate master,ETH Zurich
xudian,Dian,Hsu,China,Wuhan,1975,2283,candidate master,master,Wuhan University of Science and Technology
The_Hallak,,,Syria,Damascus,1974,2235,candidate master,master,Syrian Private University
Magic-Momo,,,,,1973,1973,candidate master,candidate master,iwillsingmymusic
KKT_89,,,Japan,Tokyo,1972,2349,candidate master,international master,Waseda University
MuhammadHassan,Muhammad Hassan,Anwer,Palestinian Territory,Gaza,1972,2027,candidate master,candidate master,Azhar University
suzuken_w,,,Japan,,1972,2154,candidate master,master,Waseda University
nike_007,,,,,1971,2137,candidate master,master,
DaNeK0201,Danylo,Dubas,Ukraine,Kyiv,1970,2155,candidate master,master,
hojoon0205,HoJoon,Ryou,South Korea,Seoul,1970,2254,candidate master,master,sungkyunkwan univ.
curly_braces,Safayet Hossain,Masum,Bangladesh,,1969,2172,candidate master,master,Islamic University of Technology
telesto,,,,,1969,2019,candidate master,candidate master,msannuoi
vanvector,,,Netherlands,Amsterdam,1969,2196,candidate master,master,
Marinush,Marian,Stefan,Moldova,Taraclia,1966,2108,candidate master,master,Taylor Swift Fan Club
huikang,,,Singapore,Singapore,1966,2235,candidate master,master,Singapore University of Technology and Design
im20.levashkevichs,,,Belarus,Minsk,1966,2057,candidate master,candidate master,Lyceum BSU
jacob.b.zhang,Jacob,Zhang,United States,San Diego,1966,2135,candidate master,master,UCLA
vrintle,,,India,Gorakhpur,1965,2101,candidate master,master,Delhi Technological University
AlexanderL,Oleksandr,Lobas,Ukraine,Kharkiv,1963,2302,candidate master,international master,
Zain,Zain Alabedeen,Ali,Syria,Latakia,1963,2247,candidate master,master,Moscow IPT
ARegularCoder,Rishvic,Pushpakaran,India,,1960,2082,candidate master,candidate master,IIT Bhubaneswar
CleverXun,,,China,Beijing,1958,1969,candidate master,candidate master,dongdziz Fan Club
tarattata1,,,Japan,,1956,2197,candidate master,master,
ibm2006,,,,,1954,2077,candidate master,candidate master,
monkey8,Theodore,Pan,United States,,1952,1979,candidate master,candidate master,UC Davis
mouryasatyam,Satyam,Mourya,India,Indore,1950,1950,candidate master,candidate master,IET DAVV
Kruthic,Kruthic,Vignesh,India,Chennai,1949,1986,candidate master,candidate master,Indian Institute of Technology Madras
ABalobanov,Aleksander,Balobanov,Russia,Kaliningrad,1948,2311,candidate master,international master,Kant Baltic FU
Max_Calincu,Maxim,Calincu,Moldova,Chisinau,1948,2104,candidate master,master,LASM
popo,Avijit,Mandal,India,Patna,1948,2012,candidate master,candidate master,IIT Kharagpur
Suri429,Surender,Kumar,India,Mandi,1945,2134,candidate master,master,IIT Mandi
taco_shiba,Amarsanaa,Davaasuren,Mongolia,,1945,1945,candidate master,candidate master,Shiba inu
AbedAbuhijleh,Abed,Abu-Hijleh,Jordan,Amman,1944,1944,candidate master,candidate master,University of Jordan
violet_apricity,Pengxin,Zhuang,China,,1944,1944,candidate master,candidate master,Guangzhou University
Skeef79,Igor,Subbotin,Russia,Perm,1943,2235,candidate master,master,Perm SU
11231123,,,China,,1942,2155,candidate master,master,Beihang University
raztun,Wojciech,Raczuk,,,1942,2114,candidate master,master,
moo.,Justin,Wu,United States,San Diego,1941,2187,candidate master,master,PurpleCrayon Fan Club
Lelby,Denis,Dudin,Russia,Novosibirsk,1940,2118,candidate master,master,Yandex
PetitSouris,Petit,Souris,China,Shanghai,1940,1940,candidate master,candidate master,
KIK0,,,,,1938,1938,candidate master,candidate master,Sleepwalkers
Ayalla,João,Ayalla,Brazil,Maceió,1937,2147,candidate master,master,Universidade Federal de Alagoas
chocolate-milk,Leo,Cui,,,1935,2001,candidate master,candidate master,UCLA
Mukundan314,Mukundan,Senthil,India,Coimbatore,1933,2013,candidate master,candidate master,
tassei903,,,,,1933,2147,candidate master,master,
YouWillNeverGuess,,,Ukraine,,1932,1969,candidate master,candidate master,
oblememan,,,,,1932,2000,candidate master,candidate master,
MinakoKojima,Minako,Kojima,Ukraine,Odesa,1931,2336,candidate master,international master,ACM_DIY
Ekler,Lera,Ryabchikova,Russia,Nizhny Novgorod,1930,2338,candidate master,international master,Nizhny Novgorod SU
GoodBye_Ginger,,,China,,1930,1930,candidate master,candidate master,
rafaelka,Free Fire,TOP,Russia,,1930,2242,candidate master,master,George Evstigneev Fanclub
grand_zeno,Michael Mervin,Christy,India,,1928,2292,candidate master,master,Indian Institute of Technology Madras
Anushk-24,Anushk,,India,,1926,1926,candidate master,candidate master,IIT Indore
ashutosh_aks,Ashutosh,Kumar Singh,India,,1925,1925,candidate master,candidate master,IIT Kharagpur
piyush_pransukhka,Piyush,Pransukhka,India,Surat,1924,2199,candidate master,master,IIT BHU Varanasi
toxabuk,Anton,Viktorov,Russia,Moscow,1923,2018,candidate master,candidate master,Moscow State University
varlevani,Levan,Varamashvili,Georgia,Tbilisi,1921,2250,candidate master,master,ETH Zurich
sebousdebous,,,Netherlands,,1920,1922,candidate master,candidate master,
FedeNQ,Federico Nahuel,Quijada,Argentina,Paraná,1919,1985,candidate master,candidate master,UTN FRSF
Gravekper,JaeHeon,Jeong,South Korea,Seongnam-si,1918,2193,candidate master,master,Rabbit House
ZiadEl-Gafy,Ziad,El-Gafy,Egypt,Cairo,1918,1938,candidate master,candidate master,FCIS Ain Shams University
rajatbachhawat,Rajat,Bachhawat,India,,1918,2074,candidate master,candidate master,IIT Kharagpur
CodingJellyfish,Coding,Jellyfish,China,Dalian,1917,2085,candidate master,candidate master,HKUST
HIJAZ,Basil,Hijaz,Palestinian Territory,,1917,2096,candidate master,candidate master,
Siuuuuu_7,Rahul,Malik,India,Amritsar,1917,1917,candidate master,candidate master,IIT BHU Varanasi
antguz,,,Poland,Łódź,1917,2269,candidate master,master,
danbanica,Dan,Banica,Romania,Ploieşti,1916,2145,candidate master,master,
Pashteticus,Pavel,Ilin,Russia,Saint Petersburg,1915,1954,candidate master,candidate master,NRU HSE Saint Petersburg
The_Hawkeye,,,India,,1912,2059,candidate master,candidate master,IIT (BHU) Varanasi
MrDeboo,,,Saudi Arabia,,1911,1911,candidate master,candidate master,Almothana Fan Club
segment_tea,Shivang,Bhawsar,Luxembourg,,1911,2077,candidate master,candidate master,
grumbletonian,,,,,1909,1948,candidate master,candidate master,Hội những người IQ dưới 20
cs142857,Shi,Chen,China,Liuzhou,1908,2080,candidate master,candidate master,Google
toxahak,Anton,Pidkuiko,Ukraine,Sumy,1908,1908,candidate master,candidate master,Sumy SU
neeraj902,Neeraj,Joshi,India,New Delhi,1907,2012,candidate master,candidate master,Maharaja Agrasen Institute of Technology
ruhan.habib39,Ruhan,Habib,Bangladesh,Dhaka,1903,2115,candidate master,master,Brac University
doublecarryup,,,,,1902,1902,candidate master,candidate master,
HappyChau0v0,,,Hong Kong,,1901,2094,candidate master,candidate master,SYOI
ezenbogd,not really,ezenbogd,Mongolia,Ölgii,1901,1901,candidate master,candidate master,KCCP
Mr.Plotva,Platon,Perov,Russia,Moscow,1900,2137,candidate master,master,Higher School of Economics
ParthDwivedi,Parth,Dwivedi,India,Mumbai,1898,2044,expert,candidate master,IIT Bombay
FLEA,Victor,Purice,Moldova,Chisinau,1895,2256,expert,master,Delft University of Technology
Ami_Nafi,Nafiul,Islam,Bangladesh,Jessore,1894,2034,expert,candidate master,BUET
Hile_Meow,Hile,Meow,China,Hangzhou,1894,2237,expert,master,Zhejiang University City College
STOPTHEWAR,,,,,1893,2168,expert,master,
CaesarPP,,,Romania,Iași,1890,1918,expert,candidate master,UAIC
Jorge213,Jorge,Fiestas,Peru,Lima,1887,2106,expert,master,Universidad de Ingeniería y Tecnología
practice080,,,,,1887,1910,expert,candidate master,
killer_god,Praveen Kumar T,killer_god Codeforces on youtube,India,Bengaluru,1883,2253,expert,master,Sharechat
Prateek,Prateek,Sharma,India,Hamīrpur,1882,2322,expert,international master,NIT Hamirpur
Thrasio,Andrei Cristian,Airinei,Romania,,1882,2100,expert,master,University of Bucharest
Runtime-Terr0r,,,India,,1881,2108,expert,master,
ChaosAngel,,,Lebanon,,1879,2157,expert,master,
saritesh,Saritesh,Tiwari,India,New Delhi,1869,1980,expert,candidate master,IIT BHU Varanasi
sdyakonov,Sergey,Dyakonov,Russia,Kazan’,1866,2128,expert,master,to be continued
ahmad_alghadban,ahmad,alghadban,Syria,Damascus,1865,2127,expert,master,Damascus University ITE
baep_j,,,,,1862,1941,expert,candidate master,
joseacaz,Jose Angel,Cazares Torres,Mexico,Torreón,1860,2233,expert,master,MIT
Mirbek,Mirbek,Bakirov,Kyrgyzstan,,1858,2163,expert,master,OshSema
vishal_06,Vishal,Bindal,India,New Delhi,1858,2037,expert,candidate master,IIT Delhi
luiz_oda,Luiz,Oda,Brazil,São Paulo,1856,2173,expert,master,UNICAMP
superstarch,,,China,Jinan,1856,1979,expert,candidate master,Harbin Engineering University
freepointer,,,,,1854,2064,expert,candidate master,
spipipike,,,Japan,,1854,2026,expert,candidate master,NEET
8528192016PhongNT1,,,,,1853,2020,expert,candidate master,
HellAngel,Dinh,Van Thanh,Vietnam,Hanoi,1851,2135,expert,master,HNUE High School for Gifted Students
tredsused70,Denys,Zhyrnov,Ukraine,Kyiv,1848,2178,expert,master,
REtoAC2001,Aryaman,Das,India,New Delhi,1847,2013,expert,candidate master,IIT Delhi
nor.simp,,,India,,1847,2010,expert,candidate master,naman1601 fanclub
AmamiyaYuuko,,,China,Ürümqi,1843,1989,expert,candidate master,Urumqi Bayi High School
radaloshara,Artur,Saakyan,Russia,Saint Petersburg,1841,2157,expert,master,
withinlover,,,China,Beijing,1840,2103,expert,master,Beihang University
ankushgarg_04,Ankush,Garg,India,Bathinda,1837,1978,expert,candidate master,BITS Pilani Goa Campus
sluki,Peter,Sluka,Czechia,Brno,1827,2093,expert,candidate master,
Dalgerok,Andrii,Orap,Ukraine,Kremenchuk,1824,2195,expert,master,Google
danielt_inthecity_boi_,Daniel,Lowie,Vietnam,Hanoi,1823,2077,expert,candidate master,"University of Engineering and Technology, VNU"
Kyou_mo_kawaii,,,,,1820,2148,expert,master,Hoshiyomi
jerdno,Ondrej,Kuzmik,Slovakia,,1820,2171,expert,master,
mohamedeltair,Mohamed,EL Tair,Egypt,Cairo,1811,2143,expert,master,"Faculty of Engineering, Ain Shams University"
ErvinXie,,,,,1808,1921,expert,candidate master,
OctaneC8H18,OH,TAEIN,South Korea,Kwangmyŏng,1802,2100,expert,master,KAIST
pjych1,,,,,1800,2248,expert,master,
Tatsuyaaaa,,,Japan,Tokyo,1799,2186,expert,master,
otbitiy_serb,Akashi,Seijuro,Japan,Kyoto,1796,2403,expert,grandmaster,Rakuzan
volkov179,,,Russia,,1794,2136,expert,master,
2020TAndr,,,,,1788,2082,expert,candidate master,
Visat,Muhamad Visat,,Indonesia,,1788,2113,expert,master,
deepanshu55,,,,,1786,2041,expert,candidate master,
tfg102,,,Taiwan,,1786,1959,expert,candidate master,
GMaster,,,,,1783,2131,expert,master,
dp_1,Dario,Petrillo,Italy,Rome,1780,2062,expert,candidate master,Sapienza University of Rome
andrei6184,,,,,1777,2030,expert,candidate master,
Pandemonium2024,,,India,New Delhi,1773,2065,expert,candidate master,Delhi Technological University
neeraj_joshi,neeraj,joshi,India,New Delhi,1773,2022,expert,candidate master,Maharaja Agrasen Institute of Technology
geniorzity,StonksCF-verify,,,,1770,2034,expert,candidate master,
pacha2880,Rodrigo,Salguero,Bolivia,Cochabamba,1770,2185,expert,master,Road to GM
vangtrangtan,,,Vietnam,Ho Chi Minh City,1769,2097,expert,candidate master,PTITHCM-Vietnam
RedStone,Khaled,Sliti,Tunisia,Aryanah,1766,2206,expert,master,Google
Carmel_Ab1,Carmel,Abramson,Israel,Beersheba,1762,2043,expert,candidate master,
anishde85,Anish,De,India,Kolkata,1762,2044,expert,candidate master,Google
null0124,,,Japan,,1761,2013,expert,candidate master,USHITAPUNICHIA Kingdom
A_normal_OIer,A_normal,OIer,China,Chengdu,1760,2052,expert,candidate master,Chengdu Foreign Languages School
bi11a1,Md. Billal,Hossain,Bangladesh,Chittagong,1759,2098,expert,candidate master,Chittagong University of Eng and Tech
PlayDotkaDrinkVodka,,,Russia,,1758,2077,expert,candidate master,
zycrdfz,,,,,1753,1955,expert,candidate master,
Abbess,Alexey,Skurinskiy,Belarus,Svyetlahorsk,1749,2219,expert,master,
unf1el,,,Ukraine,,1744,1929,expert,candidate master,
Wakarimashta,StonksCF-verify,,India,,1742,1940,expert,candidate master,
pranavvinchurkar,Pranav Vinchurkar,,India,Bengaluru,1742,2188,expert,master,IIT Guwahati
Lo_R_D,Alexey,Usmanov,Russia,Khabarovsk,1731,2226,expert,master,FESTU
David-M,David,Memarnishvili,Georgia,Tbilisi,1728,2265,expert,master,komarovi N199
retiredd,Luo,ZhongTian,China,Hangzhou,1721,2052,expert,candidate master,Zhejiang University
Duy_e,,,Vietnam,Long Xuyen,1714,2022,expert,candidate master,THPT chuyên Thoại Ngọc Hầu
altgifted,,,Russia,Moscow,1713,2179,expert,master,Higher School of Economics
rum22,Dhrumil,Kavathia,India,,1704,2006,expert,candidate master,IIT Kharagpur
angesh,Kumar Angesh,Singh,India,Patna,1698,2053,expert,candidate master,Doofenshmirtz Evil Inc.
Mbfibat,Nguyễn Quang,Long,Vietnam,Da Lat,1697,2243,expert,master,Ho Chi Minh City University of Science
Alance,Ali,Ansari,Iran,Mashhad,1683,2074,expert,candidate master,hasheminejad1
yiyezhiqiu0305,Yaoyao,Zhang,China,Jiaxing,1683,1987,expert,candidate master,Zhejiang University of Finance and Economics
Ran,Ran,Xiao,China,Beijing,1677,2178,expert,master,The Affiliated High School of Peking University
hieu_2004,Hieu,Dang,Vietnam,Da Nang,1673,2120,expert,master,Le Quy Don High School for Gifted Student
_beetroot_,,,Antarctica,,1658,2007,expert,candidate master,"JC Bose university of science and technology,ymca"
izlyforever,love zly forever,,China,,1652,2131,expert,master,Jiangly Fan Club
tcltk,,,,,1638,1989,expert,candidate master,
Mahfel,Mohammad,Fallahi nezhad,Iran,Mashhad,1636,1994,expert,candidate master,hasheminejad1
BlueHanHan,Wo,Gua,China,Hangzhou,1635,2017,expert,candidate master,Zhejiang University City College
AlphaS,Muhammad,Salman Al Farisi,Indonesia,Pamekasan,1631,2164,expert,master,Universitas Indonesia
yhfzju,,,China,Hangzhou,1623,2025,expert,candidate master,zju
lemongrab,,,,,1615,1954,expert,candidate master,HealthyUG fan club
lcs147,Lucas,Castro,Brazil,Manaus,1613,1901,expert,candidate master,Universidade Federal do Amazonas
reborn.chris,ZhaoJun,Zhou,China,Chengdu,1581,2066,specialist,candidate master,UESTC
siwei,Siwei,,,,1579,2250,specialist,master,
2262014932,,,,,1518,2073,specialist,candidate master,
dutin,Dustin,Miao,United States,Saratoga,745,2105,newbie,master,USACO
PolarFlea,,,China,Nanjing,610,2600,newbie,international grandmaster,Nanjing Foreign Language School
