handle,first_name,last_name,country,city,rating,max_rating,rank,max_rank,organization
ecnerwala,Andrew,He,United States,Cupertino,3486,3668,legendary grandmaster,legendary grandmaster,MIT
Golovanov399,Alexander,Golovanov,Russia,Kazan’,3222,3303,legendary grandmaster,legendary grandmaster,Moscow IPT
ershov.stanislav,Stanislav,Ershov,Russia,Saint Petersburg,3020,3105,legendary grandmaster,legendary grandmaster,Saint-Petersburg SU
Egor,Egor,Kulikov,Germany,Munich,2870,3235,international grandmaster,legendary grandmaster,JetBrains
uwi,Uwi,Tenpen,Japan,Tokyo,2768,2935,international grandmaster,international grandmaster,"Pirika, Inc."
Reyna,Arash,Mahmoudian Bidgoli,Canada,Waterloo,2688,2997,international grandmaster,international grandmaster,University of Waterloo
saketh,Saketh,Are,United States,New York,2679,2771,international grandmaster,international grandmaster,NEAR.ai
komendart,Artem,Komendantian,Russia,Moscow,2674,2674,international grandmaster,international grandmaster,Moscow IPT
kraskevich,Igor,Kraskevich,,,2665,2665,international grandmaster,international grandmaster,
niyaznigmatul,Niyaz,Nigmatullin,,,2665,2864,international grandmaster,international grandmaster,
ffao,Fernando,Fonseca,Brazil,Belo Horizonte,2660,2719,international grandmaster,international grandmaster,Microsoft
dreamoon_love_AA,Huang,I-Wen,Taiwan,Taipei,2633,3002,international grandmaster,legendary grandmaster,AACPSCHOOL
natsugiri,Tomohiro,Oka,Japan,,2619,2960,international grandmaster,international grandmaster,
Deemo,Michael,Nematollahi,Canada,Toronto,2616,2804,international grandmaster,international grandmaster,University of Toronto
sugim48,,,Japan,,2598,2712,grandmaster,international grandmaster,
eatmore,Evgeny,Kapun,United Arab Emirates,Dubai,2597,3030,grandmaster,legendary grandmaster,NEAR.ai
Bedge,Yik Chun,Wong,Hong Kong,Hong Kong,2588,2588,grandmaster,grandmaster,
khsoo01,Hyunsoo,Kim,South Korea,Seoul,2588,2711,grandmaster,international grandmaster,Seoul National University
eddy1021,Chin-Chia,Hsu,Taiwan,Taipei,2557,2769,grandmaster,international grandmaster,National Taiwan U
rajat1603,Rajat,De,India,New Delhi,2549,2640,grandmaster,international grandmaster,Chennai Mathematical Institute
NikaraBika,Majid,Garoosi,Germany,Saarbrücken,2537,2537,grandmaster,grandmaster,Universität des Saarlandes
saba2000,Nikoloz,Birkadze,Georgia,Tbilisi,2527,2869,grandmaster,international grandmaster,MIT
aliasadiiii,Ali,Asadi,Iran,Tehran,2523,2523,grandmaster,grandmaster,IST Austria
Hezhu,Zhu,He,China,Chengdu,2521,2680,grandmaster,international grandmaster,UESTC
vfleaking,VFlea,King,China,Wuhan,2515,2515,grandmaster,grandmaster,
Mimino,Michal,Danilak,Slovakia,Bratislava,2497,2497,grandmaster,grandmaster,
quailty,Yaohui,Zeng,China,Beijing,2491,2491,grandmaster,grandmaster,Alibaba
yeputons,Egor,Suvorov,Russia,Saint Petersburg,2487,2783,grandmaster,international grandmaster,SPb Abstract University
scanhex,Alexander,Morozov,Russia,Saint Petersburg,2486,2802,grandmaster,international grandmaster,MIT
ShinriiTin,Yixing,Deng,China,Beijing,2478,2478,grandmaster,grandmaster,Pony.ai
__math,,,Japan,Osaka,2478,2519,grandmaster,grandmaster,Osaka University
Nero,Mingming,Zhang,China,,2467,2550,grandmaster,grandmaster,modu
Batman,Mehrdad,Saberi,Iran,Qaem Shahr,2463,2546,grandmaster,grandmaster,Allame Helli
Tinsane,Vladimir,Leskov,Netherlands,Amsterdam,2456,2727,grandmaster,international grandmaster,Navan
pichulia,Eunki,Hong,South Korea,,2451,2451,grandmaster,grandmaster,
Gassa,Ivan,Kazmenko,Russia,Saint Petersburg,2438,2616,grandmaster,international grandmaster,Saint-Petersburg SU
AceSrc,,,,,2436,2436,grandmaster,grandmaster,
I_love_tigersugar,Hanh Van,Pham,Vietnam,Hanoi,2424,2631,grandmaster,international grandmaster,HUS High School for Gifted Student
aropan,Aleksey,Ropan,,,2421,2636,grandmaster,international grandmaster,CYF
SYury,Yury,Semenov,Russia,Nizhny Novgorod,2415,2589,grandmaster,grandmaster,Moscow IPT
kennethsnow,Yuehang,Chen,United States,Redmond,2415,2476,grandmaster,grandmaster,Microsoft
senpai_notice_me,,,,,2407,2423,grandmaster,grandmaster,
takio,,,China,Guangzhou,2401,2413,grandmaster,grandmaster,SCAU
bicsi,Lucian,Bicsi,Romania,Suceava,2400,2741,grandmaster,international grandmaster,University of Bucharest
Necromancer,Eucliwood,Hellscythe,China,Shanghai,2393,2393,international master,international master,Shanghai University
romanasa,Roman,Korobkov,Russia,Saint Petersburg,2376,2376,international master,international master,ITMO University
Philae,Ragnar,Groot Koerkamp,Switzerland,Zurich,2366,2366,international master,international master,
zscc,Zou,Shicheng,China,Nanjing,2346,2417,international master,grandmaster,Nanjing University
gxnncrx1993,Ruoxi,Chen,China,Nanning,2338,2377,international master,international master,Nanjing University
enesoncu,ENES,ONCU,Türkiye,Isparta,2326,2380,international master,international master,Bogazici University
I_love_Hoang_Yen,,,Vietnam,,2322,2625,international master,international grandmaster,Hudson River Trading
percywtc,Percy,Wong,Hong Kong,,2320,2441,international master,grandmaster,CUHK
StarCuriosity,,,Russia,Moscow,2314,2381,international master,international master,
IMAN_GH,Iman,Gholami,Iran,Tehran,2311,2456,international master,grandmaster,
Doju,,,South Korea,,2308,2319,international master,international master,
satyaki3794,Satyaki,Upadhyay,India,Kolkata,2304,2354,international master,international master,Google
tundra,,,,,2288,2288,master,master,
Tima,Temirlan,Satylkhanov,Kazakhstan,Taldykorgan,2271,2506,master,grandmaster,Tima's hata
yangxm,Xiaomeng,Yang,China,Beijing,2258,2258,master,master,Beijing Institute of Technology
gchebanov,Georgy,Chebanov,Russia,Moscow,2246,2558,master,grandmaster,pinely
muratt,,,Türkiye,,2245,2732,master,international grandmaster,
dnk,Khanh,Do Ngoc,Vietnam,Hanoi,2243,2349,master,international master,Tokyo Tech
xindubawukong,Xiangyun,Ding,China,,2242,2242,master,master,
Nekosyndrome,,,Taiwan,Taipei,2238,2238,master,master,National Taiwan U
kalimm,Erdem,Kirez,Türkiye,,2237,2607,master,international grandmaster,
hellman_,,,Russia,,2234,2234,master,master,MSLC
mgch,,,,,2234,2401,master,grandmaster,Kyiv Algorithms club
RealEyes,Fengxiang,Zhu,China,Hangzhou,2226,2226,master,master,Zhejiang University
Shigure1944,,,,,2226,2226,master,master,
VladaMG98,Vladimir,Milenkovic,Serbia,Belgrade,2226,2460,master,grandmaster,Microsoft
ballon,,,Ukraine,Kyiv,2224,2520,master,grandmaster,Kyiv NU
KayacanV,Kayacan,Vesek,Türkiye,Izmir,2219,2417,master,grandmaster,Bogazici University
akulsareen,Akul,Sareen,India,Bengaluru,2219,2437,master,grandmaster,
qingping95,Qingping,Yang,China,Beijing,2208,2208,master,master,Beijing University of Posts and Telecommunications
Mamedov,Rashad,Mammadov,Azerbaijan,Lerik,2197,2243,master,master,Baku Engineering University
PoPoQQQ1,Tianyi,Wang,China,Changchun,2194,2325,master,international master,High School Affiliated to JLU
eha,Shogo,Ehara,Japan,Tokyo,2191,2213,master,master,Recruit Communications
hey_boris,Mikhail,Yutman,Russia,Saint Petersburg,2191,2322,master,international master,NRU HSE Saint Petersburg
nimiranio,,,Mayotte,,2191,2191,master,master,
Arthur,Arthur,Petukhovsky,Belarus,Vitebsk,2185,2592,master,grandmaster,Higher School of Economics
Vladik,Uladzislau,Vishneuski,Poland,,2185,2287,master,master,EPAM Systems
lnsuyn,Andy,Lin,Taiwan,Taipei,2184,2221,master,master,National Taiwan University
matrix,Amir Keivan,Mohtashami,,,2182,2480,master,grandmaster,
ikbal,Ikbal,Kazar,Türkiye,Ankara,2181,2528,master,grandmaster,
135678942570,tianle,tan,China,Beijing,2178,2327,master,international master,Bytedance
suiyuan2009,,,China,Beijing,2177,2177,master,master,
magrady24,,,Taiwan,,2176,2241,master,master,
NgocHai,Dinh,Ngoc Hai,Vietnam,,2173,2308,master,international master,Twitter
TsunamiNoLetGo,Ahmed,Ossama,Egypt,Cairo,2173,2409,master,grandmaster,"Faculty of Engineering, Ain Shams University"
proVIDec,Ivan,Veselov,Russia,Saint Petersburg,2172,2287,master,master,
ydc,,,,,2167,2409,master,grandmaster,Yali Middle School
AminAnvari,,,Iran,Tehran,2162,2284,master,master,Shahid Beheshti University
new_doubleh,Huang,He,China,,2156,2192,master,master,
hjx1212,Jianxiao,Hu,China,Chengdu,2151,2260,master,master,UESTC
Nezzar,,,Hong Kong,Shatin,2148,2712,master,international grandmaster,CUHK
alexey.enkov,Aleksei,Enkov,,,2146,2342,master,international master,
PrashantM,Prashant,Mahesh,India,Chennai,2143,2314,master,international master,Google
_sunny,Tasnim Imran,Sunny,Bangladesh,,2143,2197,master,master,
slycelote,,,United States,Bellevue,2142,2403,master,grandmaster,
fraud,Yi,Xu,China,Shanghai,2140,2143,master,master,Shanghai University
Jimanbanashi,,,Singapore,Singapore,2134,2528,master,grandmaster,NEWSIS
k1nval,Stanislav,Yunovich,Switzerland,Zurich,2134,2204,master,master,Google Switzerland
harrypotter192,Sai,Sandeep,India,Mumbai,2131,2318,master,international master,IIT Bombay
Luqman,Luqman Arifin,Siswanto,Singapore,,2128,2149,master,master,Institut Teknologi Bandung
365050244,Haosheng,Shan,China,Hangzhou,2127,2127,master,master,
sgtlaugh,,,,,2127,2127,master,master,
eu3neuom,Teodor-Florin,Manghiuc,Romania,Suceava,2126,2126,master,master,University of Bucharest
DXY,,,China,Beijing,2125,2200,master,master,Beihang University
ZJiaQ,zhuang,jiaqi,China,Jinhua,2125,2189,master,master,Zhejiang Normal University
niike0goood,,,China,Fuzhou,2124,2259,master,master,Affiliated High School of Fujian Normal University
ioane_kapanadze,Ioane,Kapanadze,Georgia,Tbilisi,2120,2120,master,master,New York University Abu Dhabi
DuX,Dusan,Zdravkovic,Serbia,Niš,2118,2203,master,master,"RAF, Belgrade"
dragoon,Md. Mahbubul,Hasan,Bangladesh,Dhaka,2118,2581,master,grandmaster,
Aquacloud,Do,Xuan Viet,Vietnam,Hanoi,2112,2289,master,master,KAIST
Instasamka,Vladislavs,Klevickis,Latvia,,2106,2161,master,master,University of Latvia
BENYAM1N,Benyamin,Bashari,Canada,Calgary,2104,2232,master,master,University of Calgary
beka_asd,,,,,2102,2102,master,master,
x.bryanc,Bryan,Chen,United States,Cupertino,2102,2102,master,master,USACO
wu6shen,Yibo,Shi,China,Tianjin,2101,2101,master,master,Tianjin University
yEmre,Yunus Emre,Inci,Türkiye,Istanbul,2101,2189,master,master,Bogazici University
dalex,,,,,2100,2213,master,master,
JerryKFC,,,,,2098,2098,candidate master,candidate master,
fetetriste,_ˁ˚ᴥ˚ˀ____,_·,Russia,,2091,2396,candidate master,international master,
ayakut,Alperen,Yakut,United Kingdom,London,2085,2116,candidate master,master,Google
Matrix.code,,Roy,Bangladesh,Dhaka,2082,2082,candidate master,candidate master,BUET
Chen_ChaoRui,ChaoRui,Chen,China,Fuzhou,2079,2308,candidate master,international master,Renmin University of China
Zharaskhan,Zharaskhan,Aman,Kazakhstan,Aqtöbe,2076,2187,candidate master,master,KBTU
_iris_,Goli,Emami,Iran,Isfahan,2070,2179,candidate master,master,Stanford University
jeremy624lolz,Jeremy,Chow,Hong Kong,Hong Kong,2064,2142,candidate master,master,CUHK
octopuses,Giorgi,Kldiashvili,Georgia,Tbilisi,2063,2092,candidate master,candidate master,Private Demirel College
Juniorandrade,Júnior,Andrade,Brazil,Pouso Alegre,2061,2061,candidate master,candidate master,Amazon
Silence_Walker,Keng,sang,China,Guangzhou,2061,2182,candidate master,master,South China University of Technology
Death_Knight_DK,Rongqian,Jia,China,Beijing,2059,2129,candidate master,master,Beijing Institute of Technology
1100011101,,,,,2049,2136,candidate master,master,
I_so_sad,shao,hua,China,Dalian,2046,2076,candidate master,candidate master,
dr.ikros,,,Japan,,2039,2147,candidate master,master,
ho-jo-bo-ro-lo,Evan,Hossain,Bangladesh,Dhaka,2039,2039,candidate master,candidate master,Google
Naturain,,,China,,2036,2167,candidate master,master,Soochow University
mavr,Misha,Avriskin,Russia,Tyumen,2036,2036,candidate master,candidate master,
Amir.bh,Amir,Bitaraf Haghighi,Netherlands,Amsterdam,2033,2033,candidate master,candidate master,Booking.com
qwb,qwb,,China,Changsha,2027,2027,candidate master,candidate master,Changsha University of Science and Technology
Aksenov239,Vitaly,Aksenov,Russia,Saint Petersburg,2025,2330,candidate master,international master,ITMO University
EKGMA,Ehsan,Kafshdar Goharshadi,Iran,Mashhad,2022,2026,candidate master,candidate master,IST Austria
dredwerkz,,,,,2020,2243,candidate master,master,
ivanilos,Ivan,Petrin,Brazil,São Paulo,2017,2161,candidate master,master,UNICAMP
Osholbolbol_awli,Roohollah,Alizadeh,Iran,Tehran,2016,2033,candidate master,candidate master,Allame Helli 2
dima.13,Dmitrii,Zakharov,Russia,Kazan’,2014,2122,candidate master,master,Higher School of Economics
stan,Stanislav,Pak,Russia,,2013,2192,candidate master,master,Rocket Fuel
Bogdanisar,,,Romania,,2012,2012,candidate master,candidate master,University of Bucharest
Maxim,Maxim,Molchanov,Ukraine,,2011,2135,candidate master,master,Looksery
StoneCold_,Anuj,Yadav,India,,2011,2098,candidate master,candidate master,"BITS, Pilani"
noxwell,Alexey,Vetrov,Russia,Tomsk,2011,2240,candidate master,master,Tomsk PU
tanmay273,Tanmay,Patel,India,Gandhinagar,2006,2006,candidate master,candidate master,DA-IICT
HighWayToHeII,,,,,2005,2005,candidate master,candidate master,
2609108028,,,China,Jincheng,2004,2052,candidate master,candidate master,
Ayanami.Rei,,,,,2003,2035,candidate master,candidate master,
Cypi,,,France,,2003,2105,candidate master,master,
JohStraat,,,Sweden,,2002,2226,candidate master,master,
Kedin,Edmond,Dantes,,,2000,2000,candidate master,candidate master,
Empress,,,China,,1997,2072,candidate master,candidate master,UEBF
bssanches,Bruno,Sanches,Brazil,São Carlos,1997,2021,candidate master,candidate master,University of São Paulo
vmrajas,Rajas,Vanjape,India,Pune,1996,2180,candidate master,master,IIIT Hyderabad
kaseo,,,South Korea,,1993,2127,candidate master,master,Sogang University
LargeDumpling,Hongyuan,Sun,China,Hefei,1991,1991,candidate master,candidate master,University of Science and Technology of China
Wumpus,Jack,Jia,China,Wuhan,1991,1991,candidate master,candidate master,
yashkumar18,Yash,Kumar,India,Gandhinagar,1991,2032,candidate master,candidate master,DA-IICT
wyxourlove,Yixian,wang,China,Hangzhou,1990,2072,candidate master,candidate master,eleme
MuratKhayrulin,Murat,Khairulin,Russia,Saratov,1989,2065,candidate master,candidate master,Yandex
UnknownNooby,,,,,1989,2102,candidate master,master,
FxF,Yurii,Shmerchuk,Ukraine,,1988,2182,candidate master,master,
khatribiru,Bir Bahadur,khatri,Bangladesh,Dhaka,1987,2039,candidate master,candidate master,Jahangirnagar University
Balajiganapathi,Balajiganapathi,S,India,Bengaluru,1986,2363,candidate master,international master,CodeDrills
lucifer2709,Shiv,Dhingra,India,Mathura,1985,1985,candidate master,candidate master,IIIT Allahabad
myown1209,Junghan,Oh,South Korea,Busan,1984,1984,candidate master,candidate master,
TahaMahmoud,Taha,Mahmoud,Egypt,Cairo,1983,2038,candidate master,candidate master,FCIS Ain Shams University
determinism,Yunus,Aydin,Türkiye,Istanbul,1976,2003,candidate master,candidate master,Uskudar American Academy
a654889339,jiu,ye,China,Ningbo,1974,2068,candidate master,candidate master,IMF
olage,Oleg,Shyshkov,Ukraine,Kyiv,1974,2163,candidate master,master,
HosseinYousefi,,,Germany,Munich,1970,2044,candidate master,candidate master,Google
_rabbit,zhang,ji,China,Chengdu,1970,2025,candidate master,candidate master,IMF
ITDOI,HamidReza,Hedayati,Iran,Tehran,1964,2184,candidate master,master,Sharif FUT
balakrishnan,Balakrishnan,Varadarajan,United States,Sunnyvale,1963,2274,candidate master,master,
cenariusxz,,,China,Suzhou,1961,2004,candidate master,candidate master,Soochow University
dusty.and.rusty,,,Argentina,Buenos Aires,1957,2141,candidate master,master,General Motors
aangairbender,Yevhen,Kazmin,Ukraine,Kyiv,1956,2144,candidate master,master,Rakuten
Norrius,,,,,1955,1994,candidate master,candidate master,Moscow IPT
moh.amr,Mohamed,Abuelhassan,Egypt,Cairo,1953,1955,candidate master,candidate master,FCI-Cairo university
rowanhao1,,,,,1952,1952,candidate master,candidate master,
vadimmm,Vadim,Semenov,Belarus,Minsk,1950,2248,candidate master,master,ITMO University
techwiz911,Shriram,Rahatgaonkar,India,Hyderabad,1947,1951,candidate master,candidate master,IIIT Hyderabad
igor.glushkov,Igor,Glushkov,Russia,Stavropol,1946,1972,candidate master,candidate master,Poisk
The-Legend,,,,,1945,1945,candidate master,candidate master,Amazon
baobaopangzi88,Handsome,Yaoge,China,Shanghai,1944,2032,candidate master,candidate master,Shanghai University
Woodpecker,Forsad,Al Hossain,United States,Amherst,1943,1951,candidate master,candidate master,University of Massachusetts Amherst
microtony,Tony,Wong,Hong Kong,Hong Kong,1943,2401,candidate master,grandmaster,Google
ultizet,Nikita,Zetilov,Sweden,Stockholm,1942,2187,candidate master,master,"Moscow, School 179"
kojimai,,,China,,1941,1941,candidate master,candidate master,NJUPT
squee_spoon,lang,yuan,China,Nanning,1941,2058,candidate master,candidate master,
subhamdtu,subham,mishra,India,Bengaluru,1940,1940,candidate master,candidate master,Google
imamit,Amit,Gupta,India,Hyderabad,1939,1978,candidate master,candidate master,IIIT Hyderabad
Jeannette,,,Russia,Moscow,1936,1936,candidate master,candidate master,
Metamorphus,Igor,Morozov,Ukraine,Kyiv,1936,2054,candidate master,candidate master,"Kyiv, NaUKMA"
abhaygarg,,,India,New Delhi,1936,1936,candidate master,candidate master,"Netaji Subhas Institute of Technology, Delhi"
noor148,Nazmur,Rashid,Bangladesh,Dhaka,1936,1973,candidate master,candidate master,BUET
pedromnasc,Pedro Paulo,Nascimento,Brazil,Rio de Janeiro,1936,2017,candidate master,candidate master,Universidade federal do rio de janeiro
ft.azadi,Fatemeh,Azadi,Iran,Tehran,1935,2087,candidate master,candidate master,Amirkabir University of Technology
keshav,Keshav,Thummuru Reddy,India,Chennai,1934,1994,candidate master,candidate master,SSN College Of Engineering
I.Smirn0ff,Ivan,Smirnov,Russia,Yekaterinburg,1932,2286,candidate master,master,Ural FU
mahmud2690,Mahmud,Allahverdiyev,Azerbaijan,,1932,2020,candidate master,candidate master,Skoltech
barney,Lazar,Dlougach,Switzerland,,1931,1999,candidate master,candidate master,
mlz000,,,China,Harbin,1931,1964,candidate master,candidate master,Nanjing University
shadow_clone,,,,,1931,1931,candidate master,candidate master,
dreamplay,YOGESH,KUMAR,India,Bengaluru,1930,2149,candidate master,master,Delhi Technological University
eagle93,Mohamed,Ahmed,Egypt,Cairo,1930,1930,candidate master,candidate master,FCI-Cairo university
zhangxiaohao,,,China,Shanghai,1928,1955,candidate master,candidate master,Fudan University
AK93,Aleksandr,Korsun,Russia,Chelyabinsk,1926,2060,candidate master,candidate master,South Ural SU
nrg3,,,,,1926,2167,candidate master,master,
Aliange,,,,,1923,1930,candidate master,candidate master,
coolbun,Rishabh,Jain,India,Delhi,1922,1937,candidate master,candidate master,Delhi Technological University
GagO_O,,,Armenia,Yerevan,1921,1968,candidate master,candidate master,University of Cambridge
mayoko,,,Japan,,1920,1920,candidate master,candidate master,
burakcetin,Burak,Cetin,Türkiye,Izmir,1918,1918,candidate master,candidate master,Yamanlar Informatics Society
ibahadir.altun,Bahadır,Altun,Türkiye,Ankara,1918,1918,candidate master,candidate master,TOBB ETU
logickaiser,,,South Korea,Seoul,1917,1917,candidate master,candidate master,
Akylbeek,Akylbek,Aitkali,Kazakhstan,Aqtöbe,1915,2088,candidate master,candidate master,Aktobe BIL
sadhwaniyash6,Yash,Sadhwan,India,Hyderabad,1915,2107,candidate master,master,Microsoft
discover.,Jianliu,Hu,China,Harbin,1914,2040,candidate master,candidate master,
PrakharJain,Prakhar,Jain,India,Bengaluru,1912,2073,candidate master,candidate master,Google
Nooor,Nour Eddin,Ramadan,Syria,Damascus,1911,1911,candidate master,candidate master,
hustyy,,,,,1909,2042,candidate master,candidate master,
descrip,Jeffrey,Zhao,Canada,Windsor,1908,1908,candidate master,candidate master,University of Waterloo
Bashuk,Oleksandr,Bashuk,Ukraine,Kyiv,1906,1973,candidate master,candidate master,Kyiv NU
J-C,Sakibul,Mowla,Bangladesh,Chittagong,1905,1907,candidate master,candidate master,Shahjalal University of Science and Technology
PrimuS,Artur,Beznosyuk,Ukraine,Lviv,1904,1904,candidate master,candidate master,Lviv Polytechnic National University
manu1311,Manu,Jain,India,Ghaziabad,1902,2016,candidate master,candidate master,IIIT Hyderabad
IlyaSM,Ilya,Romanenko,Russia,Samara,1900,1983,candidate master,candidate master,
mc_mosa,Mohamed,Osama,Egypt,Giza,1900,2065,candidate master,candidate master,FCI-Cairo university
WTL,Tailong,Wu,China,Chengdu,1896,1896,expert,expert,
pranet,Pranet,Verma,India,Chandigarh,1887,2086,expert,candidate master,Facebook
xtrome,,,,,1887,1927,expert,candidate master,
19891101,Meng,Chunlei,China,Beijing,1885,2319,expert,international master,Beihang University
foolifish077,,,,,1884,1884,expert,expert,
rafael859,Rafael,Ketsetsidis,Greece,Thessaloniki,1875,1900,expert,candidate master,Mantoulides
zakharvoit,Zakhar,Voit,Russia,Saint Petersburg,1873,2147,expert,master,ITMO University
kirakira,,,Hong Kong,Hong Kong,1872,1872,expert,expert,
Aidin,,,Iran,,1871,1893,expert,expert,
Mateusz_Maslowski,Mathew,Maslowski,Poland,Gdynia,1871,1871,expert,expert,Stowarzyszenie Talent
CchOOlak,Hamid,Mozafary,,,1870,1880,expert,expert,Allame Helli 2
Tim_LinYd,,,,,1864,1925,expert,candidate master,
ghadeer.shaaban,,,,,1864,1865,expert,expert,
mishraiiit,,,,,1864,2010,expert,candidate master,
hulkblaster,Aniket,Jain,India,,1863,1863,expert,expert,IIIT Hyderabad
saurabhverma,Saurabh,Verma,India,Bhopal,1863,2130,expert,master,IIT Roorkee
No0oB,Alireza,Nasiri,Iran,Tehran,1860,1953,expert,candidate master,Allame amini Highschool
Lint,Lintong,Li,China,,1859,1974,expert,candidate master,
mahbubcseju,Mahbubur,Rahman,Bangladesh,,1858,2021,expert,candidate master,Jahangirnagar University
p00r,Aashik,Ahmed,United Arab Emirates,Dubai,1856,1955,expert,candidate master,Careem
emm,,,India,,1855,1855,expert,expert,
Silence95,Hashem,Sellat,Syria,Latakia,1853,1871,expert,expert,tishreen university
youdontknowme,,,Vietnam,,1848,1901,expert,candidate master,
haku,Oleg,Martynov,Russia,Moscow,1830,2110,expert,master,Yandex
thezodiac1994,,,India,Mumbai,1829,1829,expert,expert,University of Mumbai
yarak,Yara,Kamkar,Iran,Tehran,1826,1918,expert,candidate master,
maxxaon,Maksim,Marin,,,1825,2157,expert,master,
charity,,,,,1822,1831,expert,expert,
I_Love_Hanh_Trinh,,,Vietnam,Ho Chi Minh City,1820,1896,expert,expert,Ho Chi Minh University of Science
san_1512,Sanchit,Bhushan,India,Allahabad,1820,1913,expert,candidate master,IIIT Allahabad
Anuar,Anuar,Talipov,Kazakhstan,Aqtöbe,1817,2076,expert,candidate master,KAIST
laptop_recai,,,Türkiye,Ankara,1816,1974,expert,candidate master,Bilkent University
ctzsm,Shimi,Zhang,China,,1814,1837,expert,expert,ACM_DIY
tianchouczl,zelun,chen,China,Hangzhou,1813,1813,expert,expert,Zhejiang University City College
ganeshk2,Ganesh,Kaname,India,Mumbai,1812,1914,expert,candidate master,Google
drapz13,Darpan,Bansal,India,Bathinda,1811,1912,expert,candidate master,"BIT, Mesra"
mainstring,Rayhan,Chowdhury,Bangladesh,Dhaka,1811,1955,expert,candidate master,BUET
NibNalin,Nalin,Bhardwaj,India,Faridabad,1809,1933,expert,candidate master,"University of California, San Diego"
Emsawy,Mohamed,Emad,Egypt,Cairo,1808,1816,expert,expert,FCI
YangJian,,,China,,1806,1861,expert,expert,
787930982,,,China,Ningbo,1805,1805,expert,expert,
b0mb3r,,,United States,,1803,1900,expert,candidate master,
martins256,Martins,Frolovs,Latvia,Riga,1803,1988,expert,candidate master,KJPS
DartJaf,,,,,1799,1873,expert,expert,
shovonshovo,Shovon,shovo,Bangladesh,Dhaka,1798,1892,expert,expert,Jahangirnagar University
2BIT,,,,,1797,1875,expert,expert,
Alwa,,,,,1794,1794,expert,expert,
xiaoxin,,,,,1794,2089,expert,candidate master,
hellnoob,,,,,1793,1796,expert,expert,SCAU
badeaadi,,,,,1792,1893,expert,expert,
thesilione,,,,,1784,1981,expert,candidate master,
Truncourist,Mahmoud,Saied,Egypt,Alexandria,1783,1915,expert,candidate master,"University of Alexandria, Faculty of Engineering"
_Ramtin_,Ramtin,Rahvarian,Iran,Tehran,1783,1973,expert,candidate master,"Tehran, Allame Helli 4"
hardworkingtush,,,,,1783,1783,expert,expert,
shengshi,,,,,1783,1783,expert,expert,
fake_lee,,,,,1782,1907,expert,candidate master,
1twy,,,China,,1781,1857,expert,expert,
chm517,,,China,,1781,1906,expert,candidate master,
foxermen,Zelenskiy,Sergey,Russia,Stavropol,1780,2076,expert,candidate master,Poisk
1e9,,,India,Bengaluru,1777,1777,expert,expert,
I_love_Hoang_Minh_Trang,Luong Duc Tuan,Dat,Vietnam,Hanoi,1772,1815,expert,expert,People's Security Academy
nik1234,Nikhil,Daliya,India,Hyderabad,1772,1776,expert,expert,IIIT Hyderabad
rasterize,Mushfiqur,Rahman,,,1772,1772,expert,expert,TERAC
JAFTW,,,,,1769,1769,expert,expert,
osnzjx970,,,,,1767,1845,expert,expert,
coderbd,Dutch,Dijkstra,Hong Kong,Hong Kong,1765,2006,expert,candidate master,
osank,Osank,Jain,India,New Delhi,1765,1854,expert,expert,Delhi Technological University
xing89qs,XianFa,Wang,China,Haikou,1765,2257,expert,master,
vanche,,,South Korea,Seoul,1763,1977,expert,candidate master,
vos,,,,,1763,1793,expert,expert,MSLC
jhorvat,Jurica,Horvat,Croatia,Čakovec,1762,1762,expert,expert,University of Zagreb
amirrr,Amir,Muratov,Russia,Saint Petersburg,1760,1989,expert,candidate master,
ShockProof,Syed Zafrul,Lipu,Bangladesh,Dhaka,1758,1867,expert,expert,University of Asia Pacific
esfekz920,,,China,,1758,1758,expert,expert,
yajun,,,China,Shanghai,1758,1934,expert,candidate master,
BishalG,,,Germany,Berlin,1756,1990,expert,candidate master,Careem
FlaminRage,Aninda,Majumder,Bangladesh,Dhaka,1755,1991,expert,candidate master,Jahangirnagar University
anhhung4u,,,Vietnam,,1755,1826,expert,expert,
aloksharma,,,India,Gwalior,1753,1776,expert,expert,ABV-IIITM Gwalior
bhadra,Suman,Bhadra,Bangladesh,Dhaka,1753,1983,expert,candidate master,Jahangirnagar University
Yerkebulan,Yerkebulan,Adilkhan,Kazakhstan,Aqtöbe,1752,1752,expert,expert,Khata Islama
qiwbgg966,,,,,1752,1793,expert,expert,
pranjalr34,Pranjal,Rai,India,Hyderabad,1744,1834,expert,expert,IIIT Hyderabad
theDarkKnightRises,Arnab,Ghosh,India,Kanpur,1744,1744,expert,expert,IIT Kanpur
legar,Luis Enrique,Garcia Marrero,Cuba,Havana,1743,1920,expert,candidate master,Instec
SabakuNoGaara,,,,,1742,1742,expert,expert,
asteri,Raghavendra M,Dani,India,,1742,1846,expert,expert,"NITK , Surathkal"
jzh,James,Zhang,United States,Sugar Land,1740,1876,expert,expert,Clements HS
pallavi,Pallavi,Vudatha,India,New Delhi,1740,1806,expert,expert,IIT Delhi
Singledog,,,South Korea,,1738,1738,expert,expert,Harbin Institute of Technology
ayush_awasthi,Ayush,Awasthi,India,Allahabad,1738,1738,expert,expert,
onysym,,,,,1736,1736,expert,expert,
OB.Zhou,,,Aruba,,1735,1799,expert,expert,
RdnAmiri,Radin,Amiri,Iran,Tehran,1735,1816,expert,expert,Allame Helli
fA1sEr,,,,,1735,1735,expert,expert,
tapopadma,,,India,,1735,1870,expert,expert,"Works Applications, Singapore"
karanaggarwal,Karan,Aggarwal,India,New Delhi,1734,2294,expert,master,IIIT Hyderabad
practice1729,Shivam,Goel,India,New Delhi,1734,1869,expert,expert,Delhi College of Engineering (DCE)
MrNull,MohammadAmin,Vahedinia,Iran,,1733,1745,expert,expert,KhAsTeGaN
const_int_magic,Wet,Petal,India,,1733,2047,expert,candidate master,
Lo_R_D,Alexey,Usmanov,Russia,Khabarovsk,1731,2226,expert,master,FESTU
AtomRush,Ayush,Tomar,India,,1729,1770,expert,expert,"Netaji Subhas Institute of Technology, Delhi"
Un-F0cking-believable,,,China,Hangzhou,1729,1856,expert,expert,zjut
sai16vicky,Sai,Vikneshwae,India,Coimbatore,1729,1824,expert,expert,Amrita Vishwa Vidyapeetham
aka.Sohieb,Ibrahim,Shehata,Egypt,Cairo,1728,2067,expert,candidate master,
taki,mehdi,khoshtinat,Iran,Tehran,1727,1789,expert,expert,Allame Helli 2
hnust_zhouchaoyuan,hnust_zhouchaoyuan,,China,Xiangtan,1726,1801,expert,expert,Hunan University of Science and Technology
sarasgupta,Saras,Gupta,India,New Delhi,1725,1754,expert,expert,"Netaji Subhas Institute of Technology, Delhi"
silentbob,Silend,,Jordan,Amman,1725,1725,expert,expert,
warahul,Rahul,Wadbude,India,Kanpur,1725,1725,expert,expert,
shishirt22,Shishir,Chaurasia,India,Warangal,1724,1861,expert,expert,NIT Warangal
lazzy,,,,,1722,1738,expert,expert,
SlaMandor,,,,,1721,1721,expert,expert,
sahasumit288,Sumit,Saha,Bangladesh,Chittagong,1721,1782,expert,expert,University of Chittagong
eightnoteight,Srinivas,Devaki,India,Vijayawada,1717,1769,expert,expert,Indian School of Mines
darkdream,,,China,,1715,1835,expert,expert,
I_love_Lindsay,,,United Kingdom,,1714,2002,expert,candidate master,
Stubird,,,China,Guangzhou,1714,2006,expert,candidate master,Guangdong University of Technology
alamin_sust,Mohammad,Al-Amin,Bangladesh,Sylhet,1714,1795,expert,expert,Therap
wintermelon27,,,,,1713,1713,expert,expert,
dmcyer,,,China,,1712,1720,expert,expert,
Majid,Majid,Daliri,Iran,,1711,1856,expert,expert,
Tung_Duong,Duong,Pham,Vietnam,Hanoi,1711,2018,expert,candidate master,
pohl.sara,,,,,1711,1714,expert,expert,
Duc_cmn_Le,Duc,Le,Vietnam,Ho Chi Minh City,1709,1750,expert,expert,PTNK
Mukit09,Mukit,Chowdhury,Bangladesh,Chittagong,1709,1709,expert,expert,Chittagong University of Eng and Tech
Yukii,,,China,Ningbo,1708,2048,expert,candidate master,
dht7166,,,,,1707,1843,expert,expert,
Ololoshik,,,,,1706,1706,expert,expert,
midrux,,,Argentina,,1705,1761,expert,expert,
varun_a,Varun,Appaswami,India,Chennai,1705,1757,expert,expert,Madras institute of technology
shivshnkr,Shiv,Shankar,India,Allahabad,1703,1720,expert,expert,IIIT Allahabad
Infused,Omar,Muhammetkulyyev,,,1702,1723,expert,expert,KAIST 어린이집
Manro,,,Czechia,,1702,1828,expert,expert,
bmpfhk907,,,,,1698,1761,expert,expert,
pegasas,Junyao,Huang,China,Beijing,1698,1755,expert,expert,Beijing University of Posts and Telecommunications
Moamen_Saeed,Momen,Saeed,Egypt,Giza,1696,1799,expert,expert,FCI-Cairo university
Rojo,,Rojo,,,1696,2011,expert,candidate master,
misanthrop.vg,,,Ukraine,Chernivtsi,1696,1880,expert,expert,
Bekmyrat.A,Bekmyrat,Atayev,Turkmenistan,Ashgabat,1693,1801,expert,expert,International Oil and Gas University
TheOverlord,Amir Hossein,Pooya,Iran,Tehran,1692,1889,expert,expert,Sharif FUT
xennygrimmato,,,India,Pune,1692,1730,expert,expert,Google
kevinkitty,kai,wang,China,Beijing,1691,1697,expert,expert,Beijing Institute of Technology
WorstCoder,,,,,1690,1926,expert,candidate master,
halfo,Hasib,Billah,,,1689,1889,expert,expert,
I_See_You,Zubayet,Zaman Zico,Bangladesh,Dhaka,1688,1939,expert,candidate master,Islamic University of Technology
abisheka,Abishek,Anantharam,India,Surat,1686,2246,expert,master,SVNIT
MatejSladek,Matej,Sladek,Slovakia,Bratislava,1685,1688,expert,expert,
apaargarg,,,India,Hyderabad,1685,1753,expert,expert,IIIT - HYDERABAD
PraveenDhinwa,,,India,,1684,2060,expert,candidate master,Sharechat
DP99,DEBJIT,PARIA,India,,1683,1746,expert,expert,Chennai Mathematical Institute
Kewowlo,,,China,Ningbo,1680,1816,expert,expert,"Ningbo Institute of Technology, ZJU"
noble,,,,,1677,1677,expert,expert,
syekubfe,,,,,1677,1677,expert,expert,
OriginalM,Minh,Nguyen,Vietnam,Hanoi,1676,1776,expert,expert,HNUE High School for Gifted Students
abhid95,Abhishek,D,India,Hassan,1676,1812,expert,expert,"NITK , Surathkal"
DMGR,Ashish,Singh,India,New Delhi,1675,1768,expert,expert,IIT Delhi
wistful23,Dmitry,Filippov,United States,New York,1675,2006,expert,candidate master,
977kai,Oleksandr,Kozlov,Russia,Simferopol,1672,1762,expert,expert,Taurida NU
Tparsa,Parsa,Ghorbani,Iran,Tehran,1671,1757,expert,expert,University of Tehran
.OOO.,Pham,Hung,Vietnam,,1668,1668,expert,expert,
915507430,zhou,shanye,China,Ningbo,1667,1726,expert,expert,"Ningbo Institute of Technology, ZJU"
Mhammad1,Mohammad,Shahhoud,Syria,Damascus,1667,2060,expert,candidate master,Damascus University
usaco,,,,,1666,1720,expert,expert,
xnupzn879,,,China,Shanghai,1666,1716,expert,expert,Sichuan University
Alwahsh,,,,,1665,1768,expert,expert,
yurp,,,Ukraine,Kharkiv,1664,1856,expert,expert,
Jinx.Jinx.again,Quan,Chen,China,Shanghai,1662,1985,expert,candidate master,Wuhan University of Science and Technology
Rooped,Roopeshwar,Devarajan,India,Chennai,1661,1784,expert,expert,SSN College Of Engineering
kahrabian,Kian,Ahrabian,Iran,Tehran,1661,1661,expert,expert,University of Tehran
korun,,,China,Nanchang,1661,1764,expert,expert,ECJTU
Lord.of.AMC,Daniel,Whatley,United States,Houston,1659,1775,expert,expert,Bad Toed
YxyxyxyxyxyxyX,,,,,1659,1777,expert,expert,
sasuke_uchiha,Sabarinath,H,India,,1659,1728,expert,expert,bits pilani hyderabad
rmL,,,Bangladesh,Kushtia,1654,1654,expert,expert,"Islamic University,Bangladesh"
w00t,Gurpreet,Singh,India,,1652,1757,expert,expert,
hehe.xgw,Guangwei,Xiong,China,Changsha,1651,1747,expert,expert,HNSDFZ
gepard211,Pavel,Kharitonov,Russia,Zelenogorsk,1650,1736,expert,expert,
u123,,,Ukraine,,1650,1656,expert,expert,
deleted902,DELETED,,,,1649,1649,expert,expert,
Diazzz,,,,,1648,1950,expert,candidate master,Innopolis University
hk02,HIMANSHU,KANSAL,India,New Delhi,1646,1646,expert,expert,"Netaji Subhas Institute of Technology, Delhi"
kunhun,,,South Korea,,1645,1720,expert,expert,
bendidy,,,Macao,Macao,1644,1723,expert,expert,CUHK
tiankonguse,,,,,1643,1653,expert,expert,
alhasan,MD Al-Hasan,Mridha,Bangladesh,Dhaka,1641,1641,expert,expert,BUET
rootial,Mingliang,Liu,China,Wuhan,1641,1832,expert,expert,Huazhong University of Science and Technology
skate1998,,,Russia,Gus'-Khrustal'nyy,1640,1640,expert,expert,
utsav_deep,UTSAV,DEEP,India,Ranchi,1635,1854,expert,expert,"Coupang, Singapore"
xiaopangxia2,,,China,,1631,1631,expert,expert,
dhwanilpatel,Dhwanil,Patel,India,Gandhinagar,1630,1753,expert,expert,
shohaghsust,Md. Ahsan Kabir,Shohagh,Bangladesh,Dhaka,1629,1629,expert,expert,Shahjalal University of Science and Technology
spOoky,Behnam,Bojnordi Arbab,Canada,Fredericton,1629,1960,expert,candidate master,UnB
bestwillcui,Guang (William),Cui,United States,North Potomac,1628,2011,expert,candidate master,MIT
khashi246,olmik,bakari,Venezuela,Barquisimeto,1628,1628,expert,expert,UC Berkeley
kimbbakar,Osman,Chowdhury,Bangladesh,Chittagong,1625,1902,expert,candidate master,North South University
mohammad.k,,,,,1625,1633,expert,expert,
ATM3.0,,,,,1623,1764,expert,expert,
ZzZZzzzZZZZZzzzzzzzz,,,,,1622,1660,expert,expert,Almaty KTL
llaugusty,Manh,Quynh,Vietnam,Ho Chi Minh City,1621,1935,expert,candidate master,Ho Chi Minh University of Science
AshVinn,,,Iran,Tehran,1620,1717,expert,expert,
Frez,faraz,azadi,Netherlands,Amsterdam,1620,1687,expert,expert,
nnMan,Velibor,Dosljak,,,1620,1726,expert,expert,
Penguin,,,Kazakhstan,Mortyq,1619,1705,expert,expert,Innopolis University
grayhathacker,RAM GOPAL,PANDEY,India,Lucknow,1619,1864,expert,expert,National Institute of Technology Patna
mbaros,Vahagn,Gevorgyan,Armenia,Yerevan,1619,1947,expert,candidate master,Albert-Ludwigs-Universität Freiburg
khaledA,Khaled,Ahmed,Egypt,Cairo,1618,1791,expert,expert,FCI-Cairo university
underSpirit,Md. Nahidul,Islam,Bangladesh,Dhaka,1618,1978,expert,candidate master,Jahangirnagar University
Suchith_JN,Suchith J N,,India,,1617,1739,expert,expert,NITK Surathkal
Shark,Lee,Zhong-Yuan,Taiwan,Taipei,1616,1871,expert,expert,
Sippy,,,India,Bengaluru,1616,1751,expert,expert,Microsoft
sonjoydabnath,Sonjoy,Dabnath,Bangladesh,Chittagong,1615,1719,expert,expert,University of Chittagong
Mohamed_Ayman,,,,,1614,1627,expert,expert,
hasann,,,Türkiye,Istanbul,1614,1628,expert,expert,Fatih Koleji Bilgisayar Olimpiyat Takımı
a5kin,Andrey,Zamaraev,Russia,,1612,1612,expert,expert,
greedyman,,,Poland,Poznań,1612,1699,expert,expert,VIII LO w Poznaniu
prateeksinghal,Prateek,Singhal,India,Jaipur,1612,1612,expert,expert,LNMIIT
Tensor,Islam,Taha,Egypt,Cairo,1611,1699,expert,expert,
swissknife007,,,India,,1611,1764,expert,expert,"Netaji Subhas Institute of Technology, Delhi"
Johny_Depp22,,,,,1610,1657,expert,expert,
cjc,june,chen,China,Guangzhou,1608,1960,expert,candidate master,
prakhar2082,Prakhar,Agrawal,India,Indore,1608,1672,expert,expert,MANIT Bhopal
zzuspy,,,China,,1606,1684,expert,expert,Zhengzhou University
Cuellius,Jan,Rudzko,Belarus,Maladzyechna,1605,1631,expert,expert,Belarusian SU
stlsnk,,,,,1605,1877,expert,expert,
Alhelal_01,al,helal,Bangladesh,Kushtia,1604,1613,expert,expert,"Islamic University,Bangladesh"
biltharesatyendra,satyendra,bilthare,India,Sagar,1602,1956,expert,candidate master,
chengzi,,,,,1602,1853,expert,expert,
kevin_212,Kevin,Gajera,India,New Delhi,1602,1665,expert,expert,Delhi Technological University
ingeniosus,Shreyas,Nimishe,India,Nagpur,1600,1689,expert,expert,"IIT (ISM), Dhanbad"
CHEATBEATER,,,China,Qiqihar,1598,1649,specialist,expert,ACM_DIY
ZYAC,yuchao,zhang,China,Qingdao,1595,1769,specialist,expert,Changchun University of Science and Technology
cylzty110,,,,,1595,1697,specialist,expert,Zhejiang Normal University
gyuw,,,,,1594,1747,specialist,expert,
kudoshinichilike,,,,,1594,1686,specialist,expert,
name_htr,,,India,Hyderabad,1593,1725,specialist,expert,"BITS, Pilani"
praby,Prabhat,Mishra,India,Varanasi,1593,1593,specialist,specialist,IIT BHU Varanasi
zhenyiluo,,,Canada,Ottawa,1593,1631,specialist,expert,
_1_incognito_1_,Islomjon,Ikromov,Tajikistan,Dushanbe,1591,1669,specialist,expert,Dushanbe MGU
deepakgoyal29,,,,,1591,1591,specialist,specialist,
pbj,bojun,pan,China,Shanghai,1591,1618,specialist,expert,
vitasoy,YeShin,Lee,China,Hangzhou,1590,1704,specialist,expert,ZSTU
volodymyr_f,,,,,1588,1588,specialist,specialist,
mngharbi,,,,,1587,1651,specialist,expert,
Only_love97,,,Vietnam,,1586,1938,specialist,candidate master,
busyjay,,,,,1582,1699,specialist,expert,
Sofyana,,,Indonesia,Bandung,1581,1581,specialist,specialist,
abhiraj26,,,India,,1581,1704,specialist,expert,"BIT, Mesra"
knst,Konstantin,Akimov,Vietnam,Hanoi,1581,1970,specialist,candidate master,Cốc Cốc
mengt2012,,,,,1580,1639,specialist,expert,
Bolotin_Daniil,Daniil,Bolotin,Russia,Rybinsk,1578,1656,specialist,expert,
HooF,hossein,farhani,Iran,Tehran,1575,1687,specialist,expert,Allame Helli 2
ahmad_mamdouh,Ahmad,Mamdouh,Egypt,Alexandria,1575,1948,specialist,candidate master,"University of Alexandria, Faculty of Engineering"
justinz2018,,,,,1575,2109,specialist,master,
mogli,,,,,1574,1574,specialist,specialist,IIIT Allahabad
pwliao,,,Taiwan,,1573,1916,specialist,candidate master,National Chiao Tung University
L_86,,,,,1570,1748,specialist,expert,
Pacific,Md Maruf Ur,Rahman,Bangladesh,Dhaka,1570,1792,specialist,expert,
Bernoulli,,,,,1569,1569,specialist,specialist,
SherifWaly,sherif,waly,Egypt,Alexandria,1569,1647,specialist,expert,"University of Alexandria, Faculty of Engineering"
andytosa,Andrei,Tosa,Romania,Târgu Mureş,1569,1654,specialist,expert,CN Unirea Tg Mures
zdragon,Zilong,Zheng,United States,Minneapolis,1569,1583,specialist,specialist,University of Minnesota
diver-in-sky,Andrei,Tereskin,Russia,Saint Petersburg,1566,1728,specialist,expert,Indeed
boundless,,,,,1564,1564,specialist,specialist,
coicoichip,,,,,1564,1564,specialist,specialist,
faisal47,Faisal,Ahmed,Bangladesh,,1563,1877,specialist,expert,
El_Ectric,Ryan,Soedjak,United States,St Louis,1562,1678,specialist,expert,Bad Toed
thebeginner123,,,,,1562,1562,specialist,specialist,
Gleb_Kazantaev,Gleb,,Russia,Nizhny Novgorod,1561,1744,specialist,expert,NNSTU
stafuc,,,,,1561,1622,specialist,expert,
jiu-ye,,,,,1554,1869,specialist,expert,IMF
rares96cheseli,Rares,Cheseli,Romania,Bucharest,1554,1581,specialist,specialist,University Politehnica of Bucharest
Rainto96,,,China,Beijing,1553,1937,specialist,candidate master,Beijing University of Posts and Telecommunications
cheez,,,Taiwan,Taipei,1551,1744,specialist,expert,
Takagero,Dmitry,Kurdenok,Russia,Novosibirsk,1549,1854,specialist,expert,Novosibirsk SU
p1p13,Piyush,Anand,India,Dhanbad,1547,1785,specialist,expert,Indian School of Mines
luckyaman2005,,,,,1543,1679,specialist,expert,
brainylark,,,Mongolia,,1542,1700,specialist,expert,
xtulollipop,,,,,1541,1541,specialist,specialist,
dejandenib,Dejan,Bozhinovski,North Macedonia,Skopje,1539,1761,specialist,expert,FINKI
ApolloDJ,,,,,1538,1595,specialist,specialist,
sonlh07,,,Vietnam,Ho Chi Minh City,1538,1923,specialist,candidate master,FPT University
richardzrc,,,,,1537,1683,specialist,expert,
tafit3,,,,,1537,2036,specialist,candidate master,
ThunderStroke,Yaseen,Arafat,Bangladesh,Dhaka,1536,1692,specialist,expert,University of Asia Pacific
abid1,Ahsin,Abid,Bangladesh,Dhaka,1536,1706,specialist,expert,Jahangirnagar University
love8fu,,,,,1536,1614,specialist,expert,
HitmanBBa,Abdullah,Hashem,Jordan,Amman,1535,1607,specialist,expert,Atypon
rachit_123,rachit,garg,India,Dehra Dūn,1535,1692,specialist,expert,IIIT Hyderabad
chamhetlc,,,,,1534,1687,specialist,expert,
nitish712,Nitish,Rao,India,Warangal,1534,1634,specialist,expert,NIT Warangal
egor-belikov,Egor,Belikov,Russia,Mytishchi,1532,1768,specialist,expert,Moscow IPT
Maaaaap,Fang,Liu,China,Beijing,1531,1807,specialist,expert,
nashir,Nashir,Ahmed,Bangladesh,Dhaka,1531,1740,specialist,expert,BUET
sir_polin,Oleg,Polin,Russia,Dolgoprudnyy,1531,1611,specialist,expert,
opai,,,China,,1530,1603,specialist,expert,
BRAD_BIT,,,Egypt,,1529,1529,specialist,specialist,
mshokry10,Mahmoud,Shokry,Egypt,,1529,1829,specialist,expert,FCI-Cairo university
fabrizyo,,,,,1528,1587,specialist,specialist,
falak,,,,,1528,1707,specialist,expert,
kaavee,,,,,1526,1681,specialist,expert,
wongloklam456,Lawrence,Wong,Hong Kong,Hong Kong,1526,1526,specialist,specialist,"PCOI, Hong Kong"
Dutzul,Bodnariuc,Dan-Alexandru,Romania,Bucharest,1525,2079,specialist,candidate master,University of Bucharest
rahul73,ipg2012073,,India,Gwalior,1524,1711,specialist,expert,
tigerwangtonghu,,,,,1523,1669,specialist,expert,
mysterion,Konstantin,Perikov,Russia,Saint Petersburg,1522,1662,specialist,expert,EPAM Systems
Nakilon,Victor,Maslov,Ukraine,Melitopol,1517,1647,specialist,expert,Yandex
amrzohdi,Amr,Essam,Egypt,Giza,1517,1674,specialist,expert,FCI-Cairo university
oxidizer,AnDro,,Bulgaria,,1517,1901,specialist,candidate master,
mikimiki,,,,,1516,1668,specialist,expert,
anhaabc,,,Mongolia,Ulan Bator,1515,1741,specialist,expert,
coderamit,,,,,1515,1635,specialist,expert,
shaheen_bd,S. M. Shaheen,sha,Bangladesh,Dhaka,1515,1975,specialist,candidate master,Jahangirnagar University
Jedi_knight,,,,,1514,1589,specialist,specialist,
xa.mohsen,Ahmed,Mohsen,Egypt,Cairo,1513,1682,specialist,expert,FCIS Ain Shams University
ibrahim_habib,Ibrahim,Habib,Palestinian Territory,Gaza,1512,1806,specialist,expert,FCIS Ain Shams University
rishabh1994,,,,,1512,1597,specialist,specialist,
yick,yick,liao,China,Leshan,1512,1620,specialist,expert,
IMyself,Seyyed Mohammad Sadegh,Keshavarzi,Iran,Tehran,1511,1714,specialist,expert,Fariba :)
dev24d,,,,,1511,1726,specialist,expert,
SomeRandomGuy,,,,,1509,1719,specialist,expert,
zhanif,,,,,1509,1509,specialist,specialist,
manrajsingh,Manraj,Singh,India,New Delhi,1507,1509,specialist,specialist,"Netaji Subhas Institute of Technology, Delhi"
madplanner,,,,,1506,1695,specialist,expert,
terminated,Surayans,Tiwari,India,Lucknow,1506,1506,specialist,specialist,"BITS Pilani, Pilani campus"
qiaoranpenxiang,,,,,1504,1748,specialist,expert,
ergatis,,,United States,,1503,1958,specialist,candidate master,
prudvinit,Prudhvi raj kumar,maddala,India,Hyderabad,1503,1547,specialist,specialist,Oracle India Pvt. Ltd.
rock_lee26,,,,,1503,1647,specialist,expert,
shivam217,Shivam,Mishra,India,Jabalpur,1503,1559,specialist,specialist,iiitdm jabalpur
babbage,,,,,1501,1659,specialist,expert,
tejasr,,,India,,1501,1572,specialist,specialist,
92anurag,ANURAG,Singhal,India,Delhi,1499,1887,specialist,expert,
zhuyibin10,Zhu,Yibin,China,,1499,1732,specialist,expert,
HassanYousef,,,Egypt,,1498,1589,specialist,specialist,
Mohtasim,Mohtaism,Bellah,Bangladesh,Dhaka,1498,1675,specialist,expert,Jahangirnagar University
royalharsh95,Harsh,Vardhan,Sweden,Stockholm,1498,1741,specialist,expert,
Kassadin,,,,,1497,1597,specialist,specialist,
chessmaster44,,,,,1497,1582,specialist,specialist,
coderss08,Soumya,Sanyal,,,1495,1531,specialist,specialist,
renovated2020,Md Muntasir,Zitu,Bangladesh,Dhaka,1495,1611,specialist,expert,
ImagineWarrior,Tanvir Hasan,Anick,Bangladesh,Dhaka,1493,1718,specialist,expert,CodeMarshal
anmol_95,,,,,1493,1704,specialist,expert,
rtheman,Ruchir,Thaman,India,,1492,1870,specialist,expert,BITS Pilani Hyderabad Campus
stoptryharding,Varun,Gambhir,India,New Delhi,1492,1618,specialist,expert,"Jaypee Institute of Information Technology,Noida"
saravjeet,Saravjeet,Singh,India,Lucknow,1491,1555,specialist,specialist,
ayushi1411,ayushi,goyal,India,Bengaluru,1489,1612,specialist,expert,
MsetP,Shota,Silagadze,Georgia,Kutaisi,1488,1788,specialist,expert,
traveller_2015,,,India,,1488,1657,specialist,expert,
rawbear1826,robert,nabil,Egypt,Alexandria,1487,1739,specialist,expert,"University of Alexandria, Faculty of Engineering"
Sabo,Bakhtiyar,Bekbergen,Kazakhstan,Almaty,1483,1733,specialist,expert,KBTU
sicilian,,,,,1483,1483,specialist,specialist,
deshaion,Ivan,Avdonin,Canada,Toronto,1481,1707,specialist,expert,EPAM Systems
ghazouani92,ghazouani,med amine,Tunisia,Aryanah,1481,1501,specialist,specialist,FST-MANAR
Fear_Is_An_Illusion,,,,,1480,1487,specialist,specialist,Allame Helli
luke95,,,,,1480,1745,specialist,expert,
siberiana,,,Ireland,Dublin,1480,1540,specialist,specialist,Dublin City University
JafarBM,jafar,Balali Moghadam,Iran,Āmol,1478,1698,specialist,expert,
donkarnage,Vijay,Vishwakarma,India,Hyderabad,1477,1481,specialist,specialist,NIT Warangal
pofiguthethird,,,,,1477,1607,specialist,expert,
unique_coder,,,,,1477,1566,specialist,specialist,
fiter,Vadym,Prokopec,Ukraine,Kyiv,1475,1822,specialist,expert,"Kiev, UPML"
shivangi_d,,,,,1475,1475,specialist,specialist,
nc.duy,Duy,Nguyen,Vietnam,Hưng Yên,1474,1788,specialist,expert,Hanoi University of Science and Technology
marcose18,,,,,1473,1766,specialist,expert,
tangchuanxin,Chuanxin,Tang,,,1473,1750,specialist,expert,Peking University
h8214111,,,,,1472,1744,specialist,expert,
moshiur.bd,Moshiur,Rahman,Bangladesh,Barisal,1472,1741,specialist,expert,BSMRSTU
zhangsl16,,,,,1472,1594,specialist,specialist,
lagarwal,,,,,1471,1516,specialist,specialist,
mrkam,,,,,1471,1714,specialist,expert,
object_oriented_program,,,India,Bhubaneswar,1471,1476,specialist,specialist,IIT Bhubaneswar
jlr.terceiro,,,Brazil,Teresina,1470,1964,specialist,candidate master,Universidade Federal do Piauí
Bessie,,,South Korea,,1469,1560,specialist,specialist,
holigan187,,,Vietnam,Hanoi,1468,1760,specialist,expert,HUBT
stargazer,Tiago,Togores,Portugal,,1468,1868,specialist,expert,Microsoft
quandum,Quan,Tran,Vietnam,,1467,1766,specialist,expert,Georgia Gwinnett College
thanhbinh0995,,,,,1467,1502,specialist,specialist,
deathgrim,Anirudh,Singh Rathore,India,Ranchi,1466,1604,specialist,expert,"BIT, Mesra"
lboris,Boris,Levine,United Kingdom,London,1463,1509,specialist,specialist,
peterpan_fans,,,,,1463,1658,specialist,expert,
SpecialForce,,,,,1462,1607,specialist,expert,
muntasir,Muntasir,Khan,Bangladesh,Dhaka,1462,1761,specialist,expert,North South University
saurabhnit,saurabh,srivastava,India,Lucknow,1462,1501,specialist,specialist,NIT Durgapur
moqsad,,,Bangladesh,,1461,1727,specialist,expert,Shahjalal University of Science and Technology
Karan2116,karan,kapoor,India,New Delhi,1460,1460,specialist,specialist,"Netaji Subhas Institute of Technology, Delhi"
rihaz_zahir,rihaz,zahir,India,Roorkee,1460,1822,specialist,expert,IIT Roorkee
choubey,,,India,,1459,1497,specialist,specialist,NIT Jamshedpur
dreamdream,,,,,1459,1699,specialist,expert,
alamagus,,,,,1458,1630,specialist,expert,
BeyondTwoSouls,,,,,1457,1637,specialist,expert,
mayank95,,,,,1457,1617,specialist,expert,
shakti11094,Shakti,Kheria,India,Jaipur,1457,1691,specialist,expert,LNMIIT
a7884594,,,China,Changsha,1454,1608,specialist,expert,
Bpai,,,India,Mumbai,1453,1453,specialist,specialist,TSEC
NIWIS,,,,,1452,1768,specialist,expert,University of Tehran
mahdiman,Ahmad,Al-Mahdi,Egypt,Cairo,1451,1504,specialist,specialist,"Faculty of Engineering, Cairo University"
kamentk,Kamen,Kanchev,Bulgaria,Yambol,1450,1726,specialist,expert,Sofia University
zombieII,Maryam,El-Sokkary,Egypt,,1450,1514,specialist,specialist,FCI-Cairo university
nishanthvydana,Nishanth,Vydana,India,Allahabad,1447,1646,specialist,expert,IIIT Allahabad
sheldon_amy,,,,,1447,1480,specialist,specialist,
Islam.Abdo,Islam,Abd-Rb-Elnaby,Egypt,,1445,1626,specialist,expert,FCIS Ain Shams University
Llop,Albert,Lobo,Spain,Barcelona,1445,1719,specialist,expert,Universitat Politècnica de Catalunya
unlucky_13,Mazharul,Islam,Bangladesh,Dhaka,1445,1658,specialist,expert,BUET
faisalnir,,,Bangladesh,,1444,1700,specialist,expert,
priyanka_14,Priyanka,Tanvani,India,,1444,1724,specialist,expert,IIIT Allahabad
Mars_L,Marsel,Ayupov,,,1441,1525,specialist,specialist,
A.M.O,Amirmohammad,Ohadi,Iran,Tehran,1440,1602,specialist,expert,Sharif University of Technology
KingOfWrongAnswer,hassan,gamal,Egypt,Cairo,1440,1686,specialist,expert,FCIS Ain Shams University
__STR,Shubham,Singh,India,Gorakhpur,1440,1440,specialist,specialist,the inside
k-lee9575,lee,chao,China,Nantong,1440,1700,specialist,expert,Chongqing University
monik2kinom,,,India,Mumbai,1439,1452,specialist,specialist,Dwarkadas J. Sanghvi College of Engineering
arpn,Arpan,Mukherjee,India,Kolkata,1437,1772,specialist,expert,IIIT Delhi
mosiomohsen,Mohsen,Yazdinejad,Iran,Shahr-e Bābak,1437,1864,specialist,expert,
rishabhiitr,Rishabh,Mor,India,Roorkee,1437,1663,specialist,expert,IIT Roorkee
Amit_Pradhan,,,,,1436,1544,specialist,specialist,
New_Handle_,,,Vietnam,,1436,1554,specialist,specialist,
gauravit94,,,,,1436,1720,specialist,expert,IIIT Allahabad
opel_howard,Willy,,Indonesia,Medan,1436,1785,specialist,expert,Bandung Institute of Technology
ytarik,,,Türkiye,Kütahya,1436,1503,specialist,specialist,YTÜ
CPlus,,,,,1435,1476,specialist,specialist,
messi_cn6pro,,,,,1435,1435,specialist,specialist,
Tilos,Fangzhou,Xing,United States,Ann Arbor,1434,1531,specialist,specialist,University of Michigan
code_fille,,,India,New Delhi,1434,1665,specialist,expert,
SUD210,,,India,,1433,1687,specialist,expert,
robertstreche,,,,,1433,1682,specialist,expert,
priyesh001,Priyesh,Mishra,India,Bengaluru,1432,1762,specialist,expert,Dayananda Sagar College Of Engineering
blackmailer,Amr,Adel,Egypt,Giza,1429,1529,specialist,specialist,FCI-Cairo university
codingfrom2015,mendel,rocks,Russia,Kislovodsk,1429,1429,specialist,specialist,ITMO University
shank_punk,Shankar,,India,Coimbatore,1429,1793,specialist,expert,Amrita Vishwa Vidyapeetham
vikrant04,Vikrant,,India,Bengaluru,1428,1428,specialist,specialist,"BIT, Mesra"
witnbit,,,,,1428,1428,specialist,specialist,
ayamahmod,Aya,ElAttar,Egypt,Giza,1427,1427,specialist,specialist,
knb,Nitin Bhardwaj,Komaravolu,India,New Delhi,1426,1664,specialist,expert,Delhi Technological University
Hattori,,,,,1425,1559,specialist,specialist,
talgat09,Talgat,Bokeshov,Kyrgyzstan,Bishkek,1425,1594,specialist,specialist,KTL Tokmok
dudupo51,,,,,1423,1423,specialist,specialist,
Rajpurohit,Ashok,Rajpurohit,India,Bengaluru,1422,1676,specialist,expert,MarketShare
alfre18,,,Lithuania,Vilnius,1422,1510,specialist,specialist,Vilnius Gediminas Technical university
gkeesh7,Gaurav,Kumar,India,New Delhi,1422,1709,specialist,expert,"Netaji Subhas Institute of Technology, Delhi"
KeremC,Kerem,CAVAS,Türkiye,Izmir,1421,1582,specialist,specialist,YTÜ
gapacheco,,,,,1421,1570,specialist,specialist,
littleflower,,,China,Xi'an,1419,1592,specialist,specialist,ChangAn university
Manurung,Hierony,Manurung,Indonesia,Medan,1418,1420,specialist,specialist,Del Institute of Technology
issamajd,,,,,1418,1497,specialist,specialist,
sidchelseafan,Sudarshan,,India,Hyderabad,1418,1666,specialist,expert,BITS Pilani
DedMorozzzzzz,,,,,1417,1417,specialist,specialist,
Epsilon6431,,,,,1417,1417,specialist,specialist,
TWickes32,,,,,1417,1417,specialist,specialist,
harshv0029,,,,,1417,1417,specialist,specialist,
minaeva.alinochka,,,,,1417,1417,specialist,specialist,
ov3Rrid3,iheb,ben salem,Tunisia,Tunis,1417,1417,specialist,specialist,higher school of comunication
parina1,,,,,1417,2042,specialist,candidate master,
tsaodingtw,Bryce,Tsao,Taiwan,Taipei,1416,1472,specialist,specialist,
hashbash,Sharad,Gupta,India,Hyderabad,1415,1677,specialist,expert,IIIT Hyderabad
katusha,Katerina,Kulevtsova,Belarus,Mogilev,1415,1507,specialist,specialist,
GogolGrind,Konstantin,Sozykin,Russia,Innopolis,1414,1530,specialist,specialist,Innopolis
H.Handle,,,Türkiye,,1414,1414,specialist,specialist,Private Izmir Science High School
Nastaran75,nastaran,okati,Iran,Mashhad,1414,1684,specialist,expert,Ferdowsi UM
raihanruhin,Raihan,Ruhin,Japan,Tokyo,1414,1797,specialist,expert,Jahangirnagar University
JohnSt,,,,,1413,1413,specialist,specialist,
NK1212582,,,,,1413,1413,specialist,specialist,
sutekine,Jong Kwang,Jeong,South Korea,Suwon,1413,1856,specialist,expert,Gyeonggi Science High School
dhm,,,,,1412,1517,specialist,specialist,University of Tehran
arz3,,,,,1411,1411,specialist,specialist,
harshilgoel,,,,,1411,1707,specialist,expert,
Ripon63,,,,,1410,1410,specialist,specialist,
doublefuck,,,China,Beijing,1409,1705,specialist,expert,BISTU
shohruh007,,,,,1409,1409,specialist,specialist,
vivek0739,,,,,1409,1435,specialist,specialist,
Keyolce,,,,,1408,1872,specialist,expert,
dario-dsa,Dario,Sindicic,Croatia,Zagreb,1408,1752,specialist,expert,FER Zagreb
i_love_naila_matin,,,,,1408,1408,specialist,specialist,
Kirin_29,Sifat,Shishir,Bangladesh,Dhaka,1407,1640,specialist,expert,AUST
Mohammad_Alow,,,,,1406,1470,specialist,specialist,
bigbrain,,,Vietnam,,1405,1949,specialist,candidate master,National University of Singapore
habib_rahman,Habib,Rahman,Canada,Edmonton,1403,1448,specialist,specialist,University of Alberta
anandmukul93,,,,,1401,1402,specialist,specialist,
faltucoder2,,,,,1401,1428,specialist,specialist,
AbdullahAhmed16,,,,,1400,1518,specialist,specialist,
zaceleiseliakai,,,Kazakhstan,,1400,1476,specialist,specialist,
nikhildubey,,,,,1399,1422,pupil,specialist,
AhlyM,Mahmoud,Aslan,Egypt,Alexandria,1398,1598,pupil,specialist,
Lambo,Farrukhruz,Rahimov,Tajikistan,Dushanbe,1398,1400,pupil,specialist,TRGBS
aroup,Aroup Goldar,Dhruba,Bangladesh,Dhaka,1398,1507,pupil,specialist,BUET
HueMaster,Abner Samuel,Pinto Palmeira,Brazil,,1396,1685,pupil,expert,
Pasoddin,Nima,Pas,Iran,Tehran,1396,1541,pupil,specialist,AE high school
baqari131,,,Georgia,Kutaisi,1396,1712,pupil,expert,
Batyr_khan,Batyrkhan,Mukanov,Kazakhstan,Aqtöbe,1395,1399,pupil,pupil,Aktobe KTL
Narcys,,,Romania,Vaslui,1395,1525,pupil,specialist,UBB Cluj
zayle,,,,,1395,1514,pupil,specialist,
dushyantashu,Dushyant,Kumar,India,New Delhi,1392,1502,pupil,specialist,Delhi Technological University
goelrajat23,,,,,1391,1454,pupil,specialist,
rimfazqua,,,,,1391,1654,pupil,expert,
Hartha,Hartha,aloufi,Jordan,Amman,1390,1541,pupil,specialist,Al Balqa Applied University
zyzsdy,Ted,Zyzsdy,China,Shanghai,1390,1430,pupil,specialist,Shanghai University
caio.russi,,,Brazil,Presidente Prudente,1389,1629,pupil,expert,UNOESTE
abdelgawad,,,Egypt,Cairo,1388,1644,pupil,expert,FCI-Cairo university
drake14,Bhagyesh,,India,,1388,1726,pupil,expert,IIIT Hyderabad
sergio10barca,Sergio,Perez,United States,Fremont,1388,1737,pupil,expert,LinkedIn
mohamednabil00000,Mohamed,Nabil,Egypt,Alexandria,1387,1742,pupil,expert,"University of Alexandria, Faculty of Engineering"
wust_mengzhennan,mzn,mzn,China,Wuhan,1387,1737,pupil,expert,Wuhan University of Science and Technology
yp0401120212,,,,,1387,1498,pupil,specialist,
ylvis,,,Brazil,São Paulo,1386,1498,pupil,specialist,
Patrick11,,,India,,1385,1620,pupil,expert,"BIT, Mesra"
htrinh,Huan,Trinh,United States,,1385,1714,pupil,expert,
psyduck,,,Russia,Moscow,1384,1527,pupil,specialist,
sportoner,,,,,1384,1440,pupil,specialist,
rahuldps,RAHUL,RANJAN,India,Ranchi,1382,1555,pupil,specialist,"Birla Institute of Technology, Mesra"
Cyclops_007,,,,,1380,1534,pupil,specialist,
Mayfield,,,,,1380,1417,pupil,specialist,
SwadhIn,Ridwanul,Jauad,Bangladesh,Mymensingh,1380,1380,pupil,pupil,Jessore University of Science and Technology
Lil_Addy,,,United Kingdom,London,1379,1598,pupil,specialist,Booking.com
rahul4u,,,,,1378,1501,pupil,specialist,
aj116,,,,,1377,1447,pupil,specialist,
abzalmuratov,Abzal,Muratov,Kazakhstan,Aqtöbe,1376,1589,pupil,specialist,Aktobe KTL
pooyan10000,pooyan,khanjankhani,Iran,Tehran,1375,1440,pupil,specialist,AE high school
AlexT,,,Moldova,,1373,1462,pupil,specialist,
banditul,,,Romania,Vaslui,1373,1519,pupil,specialist,
abdallah.moussawi,Abdallah,Moussawi,Lebanon,Beirut,1372,1439,pupil,specialist,American University of Beirut
siddv,,,,,1372,1548,pupil,specialist,
Acho3,,,,,1371,1592,pupil,specialist,
BaiZet,,,,,1371,1479,pupil,specialist,
FARAD,F,,Iran,,1371,1495,pupil,specialist,
CHAOS.,Aws,Bani Baker,Jordan,Irbid,1370,1489,pupil,specialist,Yarmouk University
Al_Mamun,Al,Mamun,Bangladesh,Dinājpur,1369,1426,pupil,specialist,HSTU
JayWang,,,,,1369,1416,pupil,specialist,
destroyed,,,,,1369,1625,pupil,expert,
nguyenchicuong,Cuong,Nguyen,,,1368,1688,pupil,expert,
ottomanboy,,,Türkiye,,1367,1457,pupil,specialist,
roman28,Akshay,Bindal,India,New Delhi,1367,1771,pupil,expert,"Netaji Subhas Institute of Technology, Delhi"
md.mehrab,md mehrab,alam,India,Delhi,1366,1569,pupil,specialist,Jamia Millia Islamia
nishitchittora,,,,,1366,1400,pupil,specialist,
I_Love_You_Puja,,,,,1364,1415,pupil,specialist,
austin619,,,,,1364,1431,pupil,specialist,
fly13,,,Poland,,1364,1440,pupil,specialist,
mfcheer,,,,,1364,1441,pupil,specialist,
Xupcak,,,,,1363,1399,pupil,pupil,
0o_o0,,,China,Beijing,1362,1769,pupil,expert,Beijing University of Posts and Telecommunications
satinja,Satinjal,Yadav,India,Allahabad,1362,1670,pupil,expert,"MNNIT, Allahabad"
anmol1000,,,,,1361,1426,pupil,specialist,
rezzaque,Abdurrezak,Efe,Uganda,Kampala,1361,1549,pupil,specialist,Kampala University
Toufiq-SEC,Sky,fall,Bangladesh,Sylhet,1359,1401,pupil,specialist,Sylhet Engineering College
rajuGM,,,India,,1358,1413,pupil,specialist,NIT Rourkela
anonymous_tian,,,,,1355,1424,pupil,specialist,
fcpytago,,,,,1355,1499,pupil,specialist,
fo3,,,,,1355,1607,pupil,expert,
AhmedMohsen,Ahmed,Mohsen,Egypt,Cairo,1354,1498,pupil,specialist,"Faculty of Engineering, Ain Shams University"
Splean,,,Ukraine,Kharkiv,1351,1795,pupil,expert,
jak47042007,,,,,1351,1416,pupil,specialist,
jonyroy,Jony,Roy,Bangladesh,Kushtia,1351,1484,pupil,specialist,"Islamic University,Bangladesh"
z20124528,,,,,1349,1606,pupil,expert,
Domi,,,,,1347,1649,pupil,expert,
bsrohit,bsrohit,maurya,India,Allahabad,1347,1570,pupil,specialist,IIIT Allahabad
dgranosa,,,Croatia,Zagreb,1347,1448,pupil,specialist,
kanon2,A.K,Kanon,Bangladesh,Dhaka,1347,1449,pupil,specialist,Jahangirnagar University
prashantgolu,,,,,1346,1616,pupil,expert,
algoprentice,,,,,1344,1427,pupil,specialist,
AkA,AkA,,Kazakhstan,Taraz,1343,1673,pupil,expert,
aakash2200,,,,,1342,1402,pupil,specialist,
flickr,,,,,1342,1548,pupil,specialist,IIIT Allahabad
lusie,,,,,1342,1391,pupil,pupil,
nevermind98,ads,adsa,,,1342,1420,pupil,specialist,
samin_arefin,Samin,Arefin,Bangladesh,Dhaka,1342,1604,pupil,expert,Brac University
SmileDog,liosha,,Ukraine,Kharkiv,1339,1594,pupil,specialist,
bezy,Baraa,Alaa,,,1339,1422,pupil,specialist,
skips,Abzal,Muratov,Kazakhstan,Aqtöbe,1339,1608,pupil,expert,Aktobe KTL
ALLAH_3leek_Ya_Ostaz,,,Egypt,,1338,1399,pupil,pupil,
samansoly,,,,,1337,1420,pupil,specialist,
AymanZaki,Ayman,Zaki,Egypt,Cairo,1336,1443,pupil,specialist,FCIS Ain Shams University
CrazyFreedom,,,,,1336,1423,pupil,specialist,
ahmedshams,,,Egypt,Cairo,1336,1434,pupil,specialist,FCI-Cairo university
Bowie,,,,,1335,1417,pupil,specialist,
jandrews,,,,,1335,1417,pupil,specialist,
junking,,,Vietnam,Da Nang,1335,1530,pupil,specialist,Danang University of Technology
0xff,,,,,1334,1423,pupil,specialist,Texas A and M University
HamedWBN1,Mohamed,Hamed,Egypt,Aswān,1332,1496,pupil,specialist,FCI Assuit University
anando_du,,,,,1332,1375,pupil,pupil,
archu.aspa,archit,kumar,India,Bareilly,1332,1474,pupil,specialist,MJP Rohilkhand University
ccutsoft2014,,,,,1331,1403,pupil,specialist,
chrome,Aisultan,Kali,Kazakhstan,Almaty,1331,1996,pupil,candidate master,@dots256
rkarwayun,Rishabh,Karwayun,India,,1331,1409,pupil,specialist,"Netaji Subhas Institute of Technology, Delhi"
Dleated2344,del,del,,,1330,1425,pupil,specialist,
TSky.64,,,Russia,,1330,1809,pupil,expert,
0x001,,,,,1329,1406,pupil,specialist,
Nurul190,,,,,1329,1584,pupil,specialist,
SnShines0507,,,India,Hyderabad,1329,1740,pupil,expert,"BITS, Pilani"
glysh,,,,,1329,1646,pupil,expert,
iron_nsit,,,,,1329,1517,pupil,specialist,
rashad_nassif,,,,,1329,1406,pupil,specialist,
Meninx,,,Tunisia,,1328,1407,pupil,specialist,
SergeyLeontiev,Sergey,Leontiev,Russia,Stavropol,1328,1496,pupil,specialist,Poisk
dev8546,Devesh,Kumar,India,Bengaluru,1328,1610,pupil,expert,E2ES Technologies Pvt. Ltd.
mirza_s,Mirza,Sehalic,Bosnia and Herzegovina,Sarajevo,1328,1415,pupil,specialist,Gimnazija Obala Sarajevo
CagdasCetin35,Cagdas,Cetin,Türkiye,Izmir,1326,1413,pupil,specialist,
Sanzee,,,Canada,London,1325,1777,pupil,expert,
quocnhan1843,Nguyen,Quoc Nhan,Vietnam,,1325,1551,pupil,specialist,Can Tho University
typhoon007,,,,,1325,1460,pupil,specialist,
I_Love_Monkey,,,Vietnam,,1324,1657,pupil,expert,
jex398,,,,,1324,1602,pupil,expert,
lhoangkien,Luu,Hoang Kien,Vietnam,Hưng Yên,1324,1417,pupil,specialist,THPT CHUYÊN HƯNG YÊN
movel,,,,,1324,1417,pupil,specialist,
Ahmad_Badawi,ahmed,badawy,Egypt,Giza,1323,1399,pupil,pupil,FCIS Ain Shams University
c1one,,,Kazakhstan,Aqtöbe,1323,1621,pupil,expert,Aktobe KTL
shanki125354,Ayoush,Chourasia,India,Indore,1320,1410,pupil,specialist,army institute of technology
utkarshsri291,,,India,Allahabad,1320,1609,pupil,expert,"MNNIT, Allahabad"
ParsaT,Parsa,Tajik,Canada,Toronto,1319,1510,pupil,specialist,University of Toronto
alohamaloha,,,,,1319,1649,pupil,expert,
chim_to,,,Vietnam,,1318,1470,pupil,specialist,
jayanto,,,Bangladesh,,1318,1573,pupil,specialist,Daffodil International University
eslamromario,,,Egypt,Cairo,1317,1410,pupil,specialist,
nazmus_20000,Nazmus,Sakib,United States,Virginia,1317,1445,pupil,specialist,Georgia Institute of Technology
kasana4234,,,,,1316,1480,pupil,specialist,
satya7795,,,,,1313,1617,pupil,expert,
tmp92,,,,,1313,1661,pupil,expert,
qazwsxmn,,,Japan,,1311,1428,pupil,specialist,
valval,,,United States,,1311,1466,pupil,specialist,
ayan,Ayan,Chakraborty,India,Kharagpur,1308,1608,pupil,expert,IIT Kharagpur
varma_456,,,,,1308,1405,pupil,specialist,
Sanatbek,Sanatbek,Matlatipov,Uzbekistan,Urgench,1307,1413,pupil,specialist,UrSU
prasang,Prasang,Vaish,India,Bareilly,1307,1561,pupil,specialist,MJP Rohilkhand University
backPacker,Asif Julfikar,Shoumik,Bangladesh,Dhaka,1306,1524,pupil,specialist,Jahangirnagar University
Dregia,,,,,1305,1517,pupil,specialist,
MathBunny,,,Romania,Sibiu,1305,1408,pupil,specialist,
miltonbw,,,,,1305,1427,pupil,specialist,
nguyenthaihocxm1999,,,,,1304,1406,pupil,specialist,
prasoon.gangwar,Prasoon,Gangwar,India,Bareilly,1304,1542,pupil,specialist,MJP Rohilkhand University
dhanju,akashdeep,singh dhanju,India,Roorkee,1303,1407,pupil,specialist,IIT Roorkee
youtarou,,,,,1303,1423,pupil,specialist,
skyv95,,,,,1302,1439,pupil,specialist,
Ishtiaq11,Ishtiaq,Pias,Bangladesh,Chittagong,1301,1421,pupil,specialist,Chittagong University of Eng and Tech
shirch1n,,,,,1301,1675,pupil,expert,
QuantumHoneybees,,,,,1300,1409,pupil,specialist,
tribonacci,vikash,singh,India,Ranchi,1300,1645,pupil,expert,"BIT Mesra, Ranchi"
mutjas,Ayyad,Shenouda,Egypt,Cairo,1297,1409,pupil,specialist,Thebes Academy
scarysnow,,,India,Hyderabad,1297,1423,pupil,specialist,
vip_sniper13,,,,,1295,1394,pupil,pupil,
shubh0211,,,,,1293,1445,pupil,specialist,
uttom,,,Bangladesh,,1293,1702,pupil,expert,Comilla University
qrious,Girish,Pratap Singh,India,Guwahati,1291,1437,pupil,specialist,
aashi7jain,Aashi,Jain,India,New Delhi,1290,1476,pupil,specialist,
rishabh1403,Rishabh,Jain,India,Bengaluru,1289,1430,pupil,specialist,"Birla Institute of Technology, Mesra"
rrmonmoy,,,,,1288,1404,pupil,specialist,
raigus,,,,,1287,1474,pupil,specialist,
sudipto.bd,,,Bangladesh,Khulna,1286,1417,pupil,specialist,BSMRSTU
UsedRose,Jian,Hu,China,Chengdu,1285,1611,pupil,expert,SWJTU
omatikaya,,,,,1285,1459,pupil,specialist,
DonaldDarko,Ruslan,Tagiyev,Ukraine,Kremenchuk,1284,1402,pupil,specialist,KrNU
ssjsaha2,Sourav,Saha,Bangladesh,Dhaka,1284,1406,pupil,specialist,"CSE, BUET"
AsEs,Adnan,Sarker,Bangladesh,Dhaka,1283,1410,pupil,specialist,
HassanAzzam,Hassan,Azzam,Egypt,Cairo,1282,1588,pupil,specialist,FCIS Ain Shams University
namdev102,Pawan,Namdev,India,Bhopal,1282,1549,pupil,specialist,"DronaHQ, Mumbai"
aboura,omar,aboura,France,Massy,1281,1417,pupil,specialist,
gibibyte,Sreenidhi,,India,,1281,1408,pupil,specialist,
ShyngyS,,,Kazakhstan,,1280,1591,pupil,specialist,
soroushkhoubi,soroush,,Iran,Tehran,1280,1417,pupil,specialist,allame Helli3
competition,,,,,1279,1369,pupil,pupil,
tahmedge,,,,,1279,1406,pupil,specialist,Islamic University of Technology
rok04,Rohit,Yadav,India,,1278,1413,pupil,specialist,NIT Jalandhar
kk_ducviet,Vinzle,Milker,Vietnam,Hanoi,1277,1661,pupil,expert,
rahulyadav18,Rahul,Yadav,India,Gurgaon,1275,1445,pupil,specialist,NIT Kurukshetra
A__H,Abdelrahman,Hammam,Egypt,Giza,1274,1649,pupil,expert,
buggy.code,,,,,1274,2005,pupil,candidate master,
aakashkhatri,,,,,1273,1419,pupil,specialist,
sudipto_roy,Sudipto,Roy,India,Jamshedpur,1273,1507,pupil,specialist,"BIT Mesra, Ranchi"
liuxueyang,xiui,if,China,,1272,1493,pupil,specialist,Home
nancysihmar,,,,,1272,1417,pupil,specialist,
ankit.singh,,,India,Bareilly,1271,1532,pupil,specialist,MJP Rohilkhand University
deinier,Deinier,Morales,United States,Mountain View,1271,1692,pupil,expert,
vancaodk,,,,,1270,1678,pupil,expert,
ahmedabasery,ahmed,abasery,Egypt,Tanta,1269,1420,pupil,specialist,"Faculty of Engineering, Tanta University"
Gollam_rabby,gollam,rabby,Bangladesh,,1267,1655,pupil,expert,
sreyans.nahata121,,,,,1267,1410,pupil,specialist,"BIT, Mesra"
NikaElt,,,,,1266,1417,pupil,specialist,
Shayan.To,Shayan,Toqraee,,,1266,1702,pupil,expert,
slavabel,Viacheslav,Beloshedov,,,1265,1416,pupil,specialist,
Mahmudul_Tushar,Mahmudul,Tushar,Bangladesh,Dhaka,1263,1541,pupil,specialist,
ritesh96310,,,,,1263,1428,pupil,specialist,
huytion156,,,,,1262,1411,pupil,specialist,
SM37,,,,,1261,1414,pupil,specialist,
gagaboy,,,,,1260,1402,pupil,specialist,
rsFalse,R,S,Lithuania,Vilnius,1260,1750,pupil,expert,Vilnius University
sanban,Sanket,Banerjee,India,Ranchi,1258,1648,pupil,expert,"BIT, Mesra"
zorono1,,,,,1257,1417,pupil,specialist,
luismo,Luis Manuel,Díaz Barón,Cuba,Pinar del Río,1256,1625,pupil,expert,Universidad de Pinar del Río
ajimi,Selim,Ajimi,Tunisia,,1255,1424,pupil,specialist,Esprit
hasanmuradbuetcse,hasan,murad,Bangladesh,Dhaka,1255,1405,pupil,specialist,BUET
TRR,Ravil,Tagirov,Russia,Kazan’,1254,1571,pupil,specialist,Kazan FU
bloodshed,Ashim,Chakraborty,Bangladesh,Sylhet,1254,1402,pupil,specialist,University of Chittagong
Namplt071099,,,Vietnam,Hanoi,1251,1397,pupil,pupil,HNUE High School for Gifted Students
Shohruh_Durdiev,,,,,1251,1403,pupil,specialist,
saichandu6,sai,Dev,India,,1251,1521,pupil,specialist,Samsung
shubham.sharma,shubham,sharma,India,Bareilly,1251,1539,pupil,specialist,MJP Rohilkhand University
jomatt,Jose Manuel,Torres Torres,Peru,Supe,1248,1574,pupil,specialist,Universidad Jose Faustino Sanchez Carrion
arjun286,arjun,singh,India,Allahabad,1247,1555,pupil,specialist,IIIT Allahabad
saket9450,Saket,Sharma,India,Allahabad,1245,1413,pupil,specialist,Gautam Buddha University
anis_cseiu27,Anisur,Rahman,Bangladesh,Kushtia,1243,1485,pupil,specialist,
inactive,,,,,1243,1398,pupil,pupil,
tejas.pandey,Tejas,Pandey,India,Indore,1243,1551,pupil,specialist,UPES Dehradun
Abdullah71,Maruf,Abdullah,Bangladesh,Rajshahi,1242,1403,pupil,specialist,University Of Rajshahi
Egor1496,,,,,1242,1417,pupil,specialist,
shakhorshil,,,,,1240,1397,pupil,pupil,
Abdallah,Abdallah,,Egypt,,1239,1405,pupil,specialist,
PraWinApk,Praveen,Apk,India,Chennai,1237,1416,pupil,specialist,
hw_900,,,,,1237,1413,pupil,specialist,
DrPaulVazo,Paul,Landaeta,Bolivia,La Paz,1236,1758,pupil,expert,
YashdeepSharma,,,,,1236,1417,pupil,specialist,
ayushkumar,AYUSH KUMAR,,India,Ranchi,1236,1524,pupil,specialist,"BIT Mesra, Ranchi"
gopalkriagg,,,,,1236,1423,pupil,specialist,
myIdols-TimAndArul,stock,,Kazakhstan,Pavlodar,1236,1491,pupil,specialist,
ashexpert,,,,,1234,1483,pupil,specialist,
jakaria,,,,,1234,1406,pupil,specialist,
Amer.A.R,,,,,1232,1369,pupil,pupil,
kaushikbaruaa,,,,,1231,1502,pupil,specialist,
CLion,,,Jordan,Amman,1230,1648,pupil,expert,
ilovemaohieudong_98,,,,,1230,1611,pupil,expert,
goro,,,,,1227,1403,pupil,specialist,
Rammstein,,,,,1226,1412,pupil,specialist,
sangnhok1998,Pham,sang,Vietnam,,1226,1398,pupil,pupil,Quang Trung Specialized and Gifted High School
zhoutonglx,,,,,1226,1405,pupil,specialist,
mahesh_183,Boddapati,Mahesh,India,Hyderabad,1225,1401,pupil,specialist,IIIT Hyderabad
Rashwan,Abdel-Rahman,Rashwan,Egypt,Cairo,1224,1423,pupil,specialist,FCI-Cairo university
zekaI,,,,,1223,1413,pupil,specialist,
wangzi123456,,,,,1222,1404,pupil,specialist,
oknesif,,,,,1221,1417,pupil,specialist,
goyaldeepak786,,,,,1220,1461,pupil,specialist,
Sabau_Andrei,Sabau,Andrei,Romania,Zalău,1217,1442,pupil,specialist,Colegiul National Silvania
_Noor,Noor,Bakeer,,,1217,1413,pupil,specialist,
thethong.ngu,Nguyen,The-Thong,Vietnam,,1216,1708,pupil,expert,
wfjrmars,,,,,1215,1661,pupil,expert,
emoray,,,,,1214,1421,pupil,specialist,
Cnfc19932,Stanislav,Gorovoy,Russia,Novosibirsk,1212,1425,pupil,specialist,Novosibirsk SU
fatima_,,,Morocco,,1211,1404,pupil,specialist,
mohimenul_Kabir,,,,,1211,1406,pupil,specialist,
Mike.Winner,,,,,1210,1406,pupil,specialist,
gamer24,,,,,1209,1403,pupil,specialist,
rashed_cse,MD.,Rashed,Bangladesh,Kushtia,1209,1624,pupil,expert,
Jadson,Jadson,José,Brazil,Balsas,1208,1408,pupil,specialist,UNIBALSAS
anhphi257,,,Vietnam,,1207,1701,pupil,expert,PTIT Vietnam
SnakeS,MohammadMahdi,Momenzadeh,,,1206,1409,pupil,specialist,
abhi_csecodeforces,,,,,1204,1431,pupil,specialist,
brick_btv,Vladislav,Shvets,Russia,Moscow,1204,1462,pupil,specialist,
sohelcseiu,sohel,ahmed,Bangladesh,Kushtia,1204,1588,pupil,specialist,
techno1,,,,,1204,1406,pupil,specialist,
ghosh_cseiu,,,Bangladesh,,1203,1405,pupil,specialist,
rana_iu_cse,Md rezaul,Karim,Bangladesh,Kushtia,1203,1594,pupil,specialist,"Islamic University,Bangladesh"
ihimranih,,,,,1202,1423,pupil,specialist,
jxust_Dior,Yin,Zhang,China,,1201,1501,pupil,specialist,Jiangxi University of Science and Technology
Failure-Man,Anamul,Hasan,Bangladesh,,1200,1407,pupil,specialist,
nam_bolbo_na,,,,,1200,1397,pupil,pupil,
Mohamed_Nasser,,,Egypt,,1198,1503,newbie,specialist,
shuhrat-shokirov,Shuhrat,Shokirov,,,1198,1517,newbie,specialist,
sccs,,,,,1197,1729,newbie,expert,
Mir_Ashraf,MIR,ASHRAF,Bangladesh,Dhaka,1196,1412,newbie,specialist,Military Institute of Science and Technology
fugui,,,,,1196,1422,newbie,specialist,
rifatarefin,Rifat,Arefin,Bangladesh,Dhaka,1196,1400,newbie,specialist,
linonymous,Swapnil,Walke,India,Sangli,1195,1406,newbie,specialist,"Walchand College of Engineering, Sangli"
mokid_hobby_IU,Md.Abdul,Mokid,Bangladesh,Rangpur City,1195,1407,newbie,specialist,"Islamic University,Bangladesh"
achaitanyasai,,,,,1194,1866,newbie,expert,
rbishnoi,,,,,1193,1547,newbie,specialist,
undraa,,,Mongolia,Ulan Bator,1192,1407,newbie,specialist,
DataStructer,Do,Tuan,Vietnam,Quảng Ngãi,1188,1569,newbie,specialist,Republic of Vietnam
emon11111,,,Bangladesh,,1187,1409,newbie,specialist,
hadesk12,,,,,1187,1417,newbie,specialist,
salar.mzn,salar,mzn,Iran,Tabriz,1186,1399,newbie,pupil,
whoamii,,,,,1186,1531,newbie,specialist,
Syuleyman,,,,,1184,1415,newbie,specialist,
ifti_khar,Iftikharul,Islam,Bangladesh,Kushtia,1183,1455,newbie,specialist,"Islamic University,Bangladesh"
auditore,,,,,1182,1398,newbie,pupil,
ending13,,,,,1182,1405,newbie,specialist,
SacredRelic2013,,,,,1181,1526,newbie,specialist,
mortadha,,,,,1181,1409,newbie,specialist,
fazii,,,,,1180,1413,newbie,specialist,
sudeep91soni,,,,,1179,1398,newbie,pupil,
Lazy_Tym,,,,,1177,1409,newbie,specialist,
patrick_kinata,,,Indonesia,Medan,1177,1406,newbie,specialist,SMA Swasta Methodist-2 Medan
EROR,sadlil,rhythm,Bangladesh,Dhaka,1176,1651,newbie,expert,Mawlana Bhashani Science and Technology University
vlade087,Vladimir,Charchabal,United States,,1175,1715,newbie,expert,
m.ronaldo,,,Egypt,Cairo,1174,1413,newbie,specialist,Faculty of Sciences Cairo university
shrey1994gupta,,,,,1173,1415,newbie,specialist,
Vladimir_Mayakovsky,,,Russia,Moscow,1170,1410,newbie,specialist,Bauman MSTU
sm94,,,,,1169,1590,newbie,specialist,
A.I.Eliwat,,,,,1168,1409,newbie,specialist,
im_so_bad_at_this,whimmer,,,,1166,1410,newbie,specialist,
TranTuan,,,,,1163,1439,newbie,specialist,
AceHunter,,,,,1162,1413,newbie,specialist,
Ta.Ra,,,Iran,,1162,1405,newbie,specialist,
TahaNaser,Taha,Naser,Iran,Bandar Abbas,1160,1403,newbie,specialist,IAUBA
Le_Anh_Duc,,,,,1159,1425,newbie,specialist,
allrounder,Meghraj,Sharma,India,New Delhi,1156,1571,newbie,specialist,"Netaji Subhas Institute of Technology, Delhi"
BatOrshih,,,Mongolia,Ulan Bator,1155,1407,newbie,specialist,
JmingS,Jming,S,China,,1154,1475,newbie,specialist,
_12345_,,,,,1151,1401,newbie,specialist,
nikusha24,NIKOLOZ,SHENGELAIA,Georgia,Tbilisi,1151,1559,newbie,specialist,
rsrJohnson,Randy,Suarez Rodes,Cuba,Havana,1151,1423,newbie,specialist,
bonyisrail,BONY,israil,Bangladesh,Kushtia,1149,1534,newbie,specialist,"Islamic University,Bangladesh"
hariprasath,bill,gates,,,1147,1424,newbie,specialist,
me.pritam2014,,,,,1146,1423,newbie,specialist,
misaka666,,,,,1145,1369,newbie,pupil,
samurai_hack,,,India,Lucknow,1145,1524,newbie,specialist,IMS Engineering College
ovi4010,,,,,1142,1429,newbie,specialist,
AAshmawii,,,,,1141,1405,newbie,specialist,
tomates,,,,,1140,1510,newbie,specialist,
mr.baraa,baraa,bilal,Jordan,Amman,1139,1397,newbie,pupil,Al Balqa Applied University
sngv,ahmed,nasser,Egypt,Giza,1137,1414,newbie,specialist,FCI-Cairo university
canyouseeme,,,Netherlands,,1136,1603,newbie,expert,Mozilla Foundation
voanhtu_cqt,,,,,1136,1398,newbie,pupil,
Alcruz,Al,,Dominican Republic,Santo Domingo,1135,1406,newbie,specialist,INTEC
aka2810,,,,,1132,1417,newbie,specialist,
boatmatrix,,,,,1131,1423,newbie,specialist,
ttt,,,,,1131,1534,newbie,specialist,
aarti20,,,,,1129,1369,newbie,pupil,
agasiev,Artem,Agasiev,Russia,Saint Petersburg,1129,1415,newbie,specialist,
SuddenlySuddenlySuddenly,,,,,1128,1413,newbie,specialist,
adithya.sankar,Adithya,,India,Chennai,1127,1404,newbie,specialist,SSN College Of Engineering
SamirMohamed133,samir,mohamed,Egypt,Giza,1123,1406,newbie,specialist,FCI-Cairo university
chachachowdhury,,,,,1123,1405,newbie,specialist,
miladheydari-JoJoA,,,Iran,Tehran,1123,1408,newbie,specialist,
mejbah,,,,,1121,1442,newbie,specialist,
abhinaveen,,,,,1119,1409,newbie,specialist,
OnceMoreTime,Angel Jose,Hinostroza Calderon,Peru,Huacho,1117,1690,newbie,expert,Universidad Jose Faustino Sanchez Carrion
hiepxuan2008,Hiep,Mai Thanh,Vietnam,Ho Chi Minh City,1116,1429,newbie,specialist,HCMC-University of Science
mewok_2017,,,,,1116,1432,newbie,specialist,
xmarusic,,,,,1115,1404,newbie,specialist,
Error_404_not_found,MD. Mehdi Rahman,,Bangladesh,Dhaka,1111,1413,newbie,specialist,
kunalprince48,kunal,prince,India,,1109,1405,newbie,specialist,
likai,,,,,1109,1410,newbie,specialist,
ta2eb,,,Egypt,,1106,1412,newbie,specialist,
titann,,,,,1106,1407,newbie,specialist,
Black,Zeyad,Alfaris,Egypt,,1105,1413,newbie,specialist,FCIS Ain Shams University
Bunny01,Tushar,Gupta,India,Alwar,1104,1426,newbie,specialist,
saleh12,,,,,1103,1415,newbie,specialist,
Infinity_saz,sazzad,hossain,,,1102,1398,newbie,pupil,
nocompiler,Rahul,Goswami,India,Allahabad,1102,1404,newbie,specialist,MNNIT Allahabad
nur_DUET,,,Bangladesh,Dhaka,1099,1407,newbie,specialist,Dhaka University of Engineering and Technology
EL-BADRY,,,Egypt,Alexandria,1098,1402,newbie,specialist,FCI-Cairo university
_KumarSaurabh,,,,,1096,1473,newbie,specialist,
HassanMohamed,,,Egypt,Cairo,1092,1369,newbie,pupil,FCIS Ain Shams University
warren_x_x_x,,,,,1092,1412,newbie,specialist,
Ahmed_ELemam,,,Egypt,Cairo,1091,1415,newbie,specialist,FCIS Ain Shams University
I_Monimul,Md. Monimul,Islam,Bangladesh,Rajshahi,1091,1419,newbie,specialist,Pabna University of Science and Technology
Workout24,,,,,1090,1398,newbie,pupil,
boring_gue,,,,,1090,1407,newbie,specialist,
Dr.Gogback,,,,,1084,1403,newbie,specialist,
Kenneth-nlogn,,,Nigeria,,1084,1469,newbie,specialist,Federal University Of Technology Owerri
RUET_CRAZY_MINIONS,,,,,1083,1492,newbie,specialist,
benarba,,,Algeria,,1083,1448,newbie,specialist,
MohamedHuzien,Mohamed,Huzien,Egypt,,1079,1417,newbie,specialist,
Sabbir345,Sabbir,Ahmad,Bangladesh,Sylhet,1077,1369,newbie,pupil,"Leading University, Sylhet"
khaledzag,Khaled,Zaghmori,Jordan,Amman,1076,1460,newbie,specialist,Al Balqa Applied University
sajibcu1,MD. SAJIB,HOSEN,Bangladesh,Chittagong,1075,1404,newbie,specialist,University of Chittagong
snrahul,Rahul,Suresh,India,Hyderabad,1071,1716,newbie,expert,Kantar Operations
shaon_sust,,,,,1069,1402,newbie,specialist,
pknit1291,Pankaj,Kumar,India,,1068,1404,newbie,specialist,NIT Srinagar
sunhong,Hong,Sun,China,,1067,1717,newbie,expert,
frrahat,,,Bangladesh,,1061,1419,newbie,specialist,
hamidrezaborghei,,,Iran,Tehran,1061,1459,newbie,specialist,Allame Helli
vlc_media_player,,,,,1061,1678,newbie,expert,
hello_world123,,,,,1060,1375,newbie,pupil,
Amer,,,,,1058,1414,newbie,specialist,
imtiaz_iu,Imtiaz,Hossain,,,1056,1535,newbie,specialist,
subham_pasari,Subham,Pasari,India,Asansol,1055,1398,newbie,pupil,Lovely Professional University
neo_coders,,,,,1054,1399,newbie,pupil,
szh123,fff,fff,China,Nanjing,1054,1404,newbie,specialist,
lastassassin,Vladislav,Kumakov,Belarus,Svyetlahorsk,1050,1388,newbie,pupil,
mripon46,Mominul,Ripon,Bangladesh,Kushtia,1048,1402,newbie,specialist,"Islamic University,Bangladesh"
InvisibleCode,,,,,1044,1428,newbie,specialist,
muntasir.tiash,,,,,1041,1398,newbie,pupil,
Alpha_brainstage,,,Bangladesh,,1038,1412,newbie,specialist,
ayush22227,,,,,1038,1405,newbie,specialist,
java_geek,,,,,1033,1560,newbie,specialist,
ad1ty4,,,,,1032,1407,newbie,specialist,
Cascader,,,,,1031,1402,newbie,specialist,
n1ghtwalker,Alex,,,,1027,1417,newbie,specialist,Akatsuki
Mr.obeidat,Ahmed,Obeidat,Jordan,Amman,1026,1398,newbie,pupil,Al Balqa Applied University
daiict218,Ajay,Gaur,India,Gurgaon,1023,1528,newbie,specialist,Sprinklr India Pvt. Ltd.
corei5,,,,,1021,1399,newbie,pupil,
suggi_d_luffy,,,,,1021,1417,newbie,specialist,
Misaka233,,,,,1017,1407,newbie,specialist,
Alice_2,,,,,1013,1632,newbie,expert,
andre_brcoder,Andrew,Luna,Brazil,Recife,1013,1413,newbie,specialist,UFPE
meproin,,,,,1013,1452,newbie,specialist,
Changed_Later,,,Egypt,Cairo,1012,1441,newbie,specialist,FCIS Ain Shams University
tapos_datta,,,,,1012,1415,newbie,specialist,
hopeful,,,,,1011,1423,newbie,specialist,
transparent,,,Bangladesh,Dhaka,1010,1404,newbie,specialist,
trouble_in_paradise,Rohit,Vineet,India,Jamshedpur,1010,1426,newbie,specialist,NIT Jamshedpur
Asad_KUET,,,,,1005,1375,newbie,pupil,
pvpcoder,sai krishna,palle,India,Vijayawada,1005,1405,newbie,specialist,pvpsit
Nassef,mohamed,nassef,Egypt,Cairo,1003,1399,newbie,pupil,FCIS Ain Shams University
tamosreesaha,tamosree,saha,Bangladesh,Kushtia,1002,1411,newbie,specialist,"Islamic University,Bangladesh"
emperatur,,,,,1000,1412,newbie,specialist,
Not_Of_1_And_0,,,Bangladesh,Kushtia,998,1417,newbie,specialist,"Islamic University,Bangladesh"
o0oO,,,Bangladesh,Dhaka,997,1653,newbie,expert,Jessore University of Science and Technology
halcyon92,Ramdas,Nair,India,Thiruvananthapuram,995,1415,newbie,specialist,
mtaherhassan95,,,Egypt,,995,1409,newbie,specialist,
gpta_abhishek,Abhishek,Gupta,India,,994,1403,newbie,specialist,
chinku04,,,,,990,1402,newbie,specialist,
grtushar,Golam Rahman,Tushar,Bangladesh,Dhaka,987,1688,newbie,expert,AUST
junhun,Gao,Guangjie,China,Yantai,986,1524,newbie,specialist,
nishant_2124,Nishant,Gupta,India,Bengaluru,986,1409,newbie,specialist,
minh0722,,,Vietnam,,985,1404,newbie,specialist,
SINUS,,,Uzbekistan,,984,1557,newbie,specialist,TUIT Urgench Branch
xyzer12,,,Bangladesh,Dhaka,981,1409,newbie,specialist,
KasperNisan,,,,,979,1403,newbie,specialist,
hk13,Harish,Kumar,India,Dadri,979,1405,newbie,specialist,MANIT Bhopal
mai_ahmed,,,,,979,1407,newbie,specialist,
TheLichKing,,,India,Hyderabad,978,1405,newbie,specialist,
ritesh_malav,ritesh,malav,India,Bengaluru,976,1718,newbie,expert,Walmart
PAG,,,Russia,,972,1676,newbie,expert,
zhdanow5a,,,,,969,1413,newbie,specialist,
aslf010990,Azael Sebastian,Lucio Florido,Mexico,Guanajuato City,968,1499,newbie,specialist,ITESI
losing.passer,Boss,Programmer,,,966,1409,newbie,specialist,
nikozavar,,,,,961,1410,newbie,specialist,
osama-mohsen,osama,mohsen,Egypt,Cairo,954,1369,newbie,pupil,
_HangOver_,Md. Shamiul islam,,Bangladesh,Dhaka,953,1398,newbie,pupil,Pabna University of Science and Technology
Fouzelddin,,,,,950,1406,newbie,specialist,
kajooooo,ismail,samir,Egypt,Cairo,944,1394,newbie,pupil,FCIS Ain Shams University
Memesi,,,Russia,Moscow,940,1494,newbie,specialist,
mshingote,Mayur,Shingote,India,Pune,939,1402,newbie,specialist,
francissalvamante,Francis,Salvamante,Philippines,,936,1406,newbie,specialist,Ateneo de Naga University
higazy,Mahmoud,Metwally,Egypt,Cairo,910,1565,newbie,specialist,FCIS Ain Shams University
saif_lesnar,,,Bangladesh,Comilla,904,1403,newbie,specialist,Shahjalal University of Science and Technology
rizwan_4881,Rizwan,Ahmad,India,,901,1398,newbie,pupil,
shrutiseth,,,India,,892,1397,newbie,pupil,NIT Jamshedpur
OldBoy,Mehedi Hasan,Ronee,Bangladesh,Kushtia,889,1410,newbie,specialist,"Islamic University,Bangladesh"
sajibcu55,,,Singapore,,888,1375,newbie,pupil,
shubhangipri,shubhangi,priya,India,Dhanbad,887,1408,newbie,specialist,
Dennis_Ritchie,,,,,886,1407,newbie,specialist,
2468,Arman,Zholdasbekov,Kazakhstan,Aktau,881,1419,newbie,specialist,Aktau KTL
shoukhin,Tanvir,Ahmod,Bangladesh,Rajshahi,881,1399,newbie,pupil,University Of Rajshahi
_Rolo,Rolando,Huayllani,Peru,Arequipa,879,1417,newbie,specialist,Universidad Nacional de San Agustin
mohamed19941,,,,,878,1413,newbie,specialist,
Exodus,,,,,870,1404,newbie,specialist,
bakha42,bahmanyor,bahmanyor,Germany,Berlin,869,1410,newbie,specialist,
Chondrobindu,Abu,Sayem,Bangladesh,Kushtia,865,1398,newbie,pupil,"Islamic University,Bangladesh"
atfoooo,Mohamed,Essam,Egypt,Cairo,864,1405,newbie,specialist,FCIS Ain Shams University
harihara95,,,,,862,1410,newbie,specialist,
Ifat.JUST,IFTAKHR,AHMED IFAT,Bangladesh,Khulna,846,1419,newbie,specialist,Jessore University Science and Technology
retired_xsami,Samil,Vargas,Dominican Republic,Santo Domingo,834,1484,newbie,specialist,INTEC
rvmsd7,Vishal,,,,832,1408,newbie,specialist,SSN College Of Engineering
Vaathi7,Gopi,Arivalagan,India,,820,1495,newbie,specialist,IIT Kharagpur
faceoff,,,,,819,1404,newbie,specialist,
late_commer,,,,,818,1405,newbie,specialist,
nitya_coder,nitesh,sharma,India,Dhanbad,812,1402,newbie,specialist,
__Joker,,,,,793,1665,newbie,expert,
velraman,,,,,786,1398,newbie,pupil,
m.saddam_hossain,Codemared,hossain,Bangladesh,Sylhet,784,1402,newbie,specialist,SUST
mabdelsattar,Mohammed,Abd El-Sattar Ahmed,Egypt,,771,1407,newbie,specialist,FCI-Cairo university
Nadim321,Md.Nadimul Haque,Bhuiyan,India,Ghazīpur,759,1405,newbie,specialist,American International University Bangladesh
sola_muhammad,,,,,757,1403,newbie,specialist,
compiler13,,,Bangladesh,Dhaka,744,1418,newbie,specialist,
Trasher,,,,,741,1405,newbie,specialist,
sea,Shashank,Jaiswal,India,Gorakhpur,737,1430,newbie,specialist,NIT Bhopal
Mir00r,Abdur,Razzak,Bangladesh,Dhaka,731,1413,newbie,specialist,Daffodil International University
I_love_cse,,,Bangladesh,,728,1408,newbie,specialist,
cir,Kirill,Kuptsov,Russia,Murom,712,1414,newbie,specialist,VlSU
jeferson,,,,,712,1398,newbie,pupil,
_harun,Harunur,Rashid,Bangladesh,,706,1431,newbie,specialist,Brainstation-23
olives,,,,,676,1400,newbie,specialist,
Tamtomus,AL-tamimi,Omar,,,670,1403,newbie,specialist,
sherif1shrio,code,Zilla,Egypt,Giza,670,1402,newbie,specialist,FCI-Cairo university
NR_1995,,,Egypt,Cairo,605,1409,newbie,specialist,German University in Cairo
nafeeur10,Mr. Perfectionist,,Bangladesh,Dhaka,563,1417,newbie,specialist,KUET
sukriti,,,,,512,1413,newbie,specialist,
