handle,first_name,last_name,country,city,rating,max_rating,rank,max_rank,organization
thenymphsofdelphi,"Xuan Bach,",Tran,Vietnam,Hanoi,2827,2848,international grandmaster,international grandmaster,HUS High School for Gifted Student
oleh1421,Oleh,Naver,Ukraine,Uzhhorod,2653,2996,international grandmaster,international grandmaster,Jagiellonian University
Siberian,,,Russia,Moscow,2536,2584,grandmaster,grandmaster,Um_nik Training Center
MonkeyKing,Monkey,King,China,Nanjing,2527,2731,grandmaster,international grandmaster,Nanjing Foreign Language School
daklqw,Jiaqi,Pan,China,Ningbo,2521,2569,grandmaster,grandmaster,Zhenhai High School
InternetPerson10,,,Philippines,,2493,2672,grandmaster,international grandmaster,Bryceorz Fanclub
emthrm,,,Japan,,2391,2771,international master,international grandmaster,
impermanence,Artem,Fomiuk,Ukraine,Kremenchuk,2298,2298,master,master,Oleg Naver fan club
Adhami,Khaleel,Al-Adhami,Jordan,Amman,2286,2286,master,master,Kilani fan-club
Bekh,Mostafa,Omar,Egypt,Cairo,2252,2252,master,master,FCI-Cairo university
AC__hunter,,,,,2236,2236,master,master,
cs71107,SunJae,Park,South Korea,,2234,2234,master,master,Seoul National University
Vax,Daniel,Grzegorzewski,Poland,,2220,2334,master,international master,Facebook
dimdum,,,,,2217,2323,master,international master,
pakhomovee,Evgenii,Pakhomov,,,2217,2364,master,international master,
socho,Soumyaditya,Choudhuri,India,Kolkata,2216,2389,master,international master,Carnegie Mellon University
_deactivated_,Ajit,Pant,India,Pithorāgarh,2215,2356,master,international master,IIT Roorkee
ArshiaDadras,Arshia,Dadras,Iran,Tehran,2208,2272,master,master,Sharif FUT
wery0,Bogdan,Yandulov,Russia,Khabarovsk,2208,2345,master,international master,
parsa333111,,,,,2197,2257,master,master,Amirkabir University of Technology
aniket9465,,,India,,2194,2194,master,master,IIT Roorkee
paulzrm,,,China,Nanjing,2185,2185,master,master,
Tutituti,,,,,2171,2171,master,master,
gwq2017,Wenqing,Ge,China,Nanjing,2170,2170,master,master,Hell Hole Studios
Riladavin,Ilya,Khlyustov,Russia,Nizhny Novgorod,2147,2224,master,master,Nizhny Novgorod SU
unstoppable_N,Shaikh,Naeem,India,Pune,2143,2143,master,master,"Army Institute Of Technology (AIT), Pune"
ActorBlack,,,China,Gaoyou,2132,2132,master,master,Nanjing University of Science and Technology
sarthak1220,Sarthak,Sachdeva,India,Roorkee,2123,2202,master,master,IIT Roorkee
heguangfu,,,China,Yiwu,2122,2122,master,master,ZSTU
ashish11,Ashish,Agarwal,India,Guwahati,2117,2185,master,master,IIT Guwahati
ytxytx,Ye,Tengxun,China,Ningbo,2115,2115,master,master,Zhenhai High School
PouyaNavid,Pouya,Navid,Iran,Tehran,2113,2195,master,master,navidland
masterstroke,Aryan,Goyat,India,,2113,2113,master,master,"IIT Roorkee, 438"
didgogns,HAEHUN,YANG,South Korea,Masan,2112,2112,master,master,Samsung Research
Lemur95,,,Romania,Bucharest,2111,2152,master,master,Tudor Vianu National High School
DilshodbekX,Dilshodbek,Khujaev,Uzbekistan,Tashkent,2109,2258,master,master,Asadullo Ganiev Fan Club
idxcalccalc,dongxu,li,China,Chengdu,2105,2105,master,master,ChengDU shishi high school
shaanknight,Sayantan,Jana,India,Hyderabad,2103,2142,master,master,IIIT Hyderabad
AJ47,Abhas,Jain,India,Varanasi,2102,2165,master,master,IIT BHU Varanasi
anakib1,Sviatoslav,Bidzilia,Ukraine,Kyiv,2091,2134,candidate master,master,Ukrainian Catholic University APPS
l-yc,,,,,2087,2087,candidate master,candidate master,
aditya_sheth,Aditya,Sheth,India,Bengaluru,2083,2292,candidate master,master,IIIT Bangalore
claw88,,,Japan,Tokyo,2080,2080,candidate master,candidate master,Tokyo University of Science
armoking,Andey,Borzenkov,,,2059,2210,candidate master,master,
Extraordinary_,Alexey,Kuznetsov,Russia,Ulyanovsk,2035,2035,candidate master,candidate master,Moscow State University
N.N_2004,Nima,Naderi,Iran,Tehran,2030,2327,candidate master,international master,Politecnico Di Torino
smit.mangukiya,Smit,Mangukiya,India,Surat,2029,2054,candidate master,candidate master,DA-IICT
kesh4281,Keshav,Sharma,India,Jammu,2028,2215,candidate master,master,"MNNIT, Allahabad"
long_long_long,,,China,,2014,2014,candidate master,candidate master,
Alphagocc,,,China,Changzhou,2000,2049,candidate master,candidate master,Jiangsu Tianyi High School
__brownsand,ARPIT,BHATT,India,Lucknow,1994,1994,candidate master,candidate master,IIIT Allahabad
temp6,,,,,1976,2032,candidate master,candidate master,
_Aaryan_,Aaryan,Srivastava,India,New Delhi,1969,2137,candidate master,master,IIT Kanpur
drd93,,,Estonia,,1953,2046,candidate master,candidate master,XTX Markets
aliencoder22,Anil,Bansal,India,Delhi,1950,1950,candidate master,candidate master,Delhi Technological University
_Bauz_,,,Vietnam,Ho Chi Minh City,1947,1947,candidate master,candidate master,
stefdasca,Stefan Dascalescu,stefdasca dot ro,Romania,Piatra Neamţ,1939,2238,candidate master,master,RoAlgo
ash_98,Ashraful Haque,Toni,Bangladesh,Dhaka,1936,1936,candidate master,candidate master,Jagannath University
im0qianqian,Qian,Zhao,China,Shanghai,1935,2009,candidate master,candidate master,East China Normal University
matcoder,Abhishek,Mathur,India,Jaipur,1930,1977,candidate master,candidate master,IIIT Hyderabad
catalystgma,,,Romania,Bucharest,1926,1926,candidate master,candidate master,Tudor Vianu National High School
Cyber_Wizard,Adarsh,Gupta,India,,1919,2134,candidate master,master,IIT BHU
I_Love_Nicki_Minaj,Shubham,Deshwal,,,1917,1917,candidate master,candidate master,"Netaji Subhas Institute of Technology, Delhi"
ay2306,Ayush,Mahajan,India,Delhi,1914,2022,candidate master,candidate master,Google
chirag7145,,,,,1912,1984,candidate master,candidate master,
segment_tea,Shivang,Bhawsar,Luxembourg,,1911,2077,candidate master,candidate master,
RNR,,,,,1910,1927,candidate master,candidate master,
Epic.Bruh.Moment,Shafin,Ahmed,Bangladesh,Dhaka,1909,1909,candidate master,candidate master,RAJUK Uttara Model College
S.Jindal,Shivam,Jindal,India,Jaipur,1903,1903,candidate master,candidate master,IIT(ISM) DHANBAD
shzr,Cindy,,China,,1894,1894,expert,expert,
ULIRE,,,China,,1889,1894,expert,expert,
yashsoni501,Yash,Soni,India,Kharagpur,1873,2013,expert,candidate master,Indian Institute of Technology Kharagpur
dmkz,Dmitry,Kozyrev,Russia,Moscow,1860,2214,expert,master,Russian Technological University (MIREA)
aman36,Aman,Raj,India,Patna,1856,1870,expert,expert,IIT Guwahati
RetiredPlayer,Orazbek,Khibadullin,Kazakhstan,Almaty,1851,2194,expert,master,KBTU
Yakudza,Oleg,Kravchenko,Ukraine,,1848,1848,expert,expert,fan club (liza horokh)
Mama_Bullki,,,,,1845,1889,expert,expert,
king_tsar,,,,,1843,1864,expert,expert,IIT BHU Varanasi
priyesh_coder,Priyesh,Agarwal,India,New Delhi,1843,2011,expert,candidate master,Delhi Technological University
BOOBA,Andrew Misnik,(old account),Russia,Dolgoprudnyy,1839,2277,expert,master,Fans of Babin74
Mindjolt,Rathin,Bhargava,India,Bengaluru,1832,1911,expert,candidate master,IIIT Bangalore
_fake_id,,,,,1827,2097,expert,candidate master,
imoskovchenko,Ivan,Moskovchenko,Russia,Tyumen,1827,1827,expert,expert,
numberes,Hengxi,Rong,China,Wuxi,1817,1863,expert,expert,haoba army
aniks2645,Anik,Sarker,Bangladesh,Dhaka,1815,1940,expert,candidate master,Jahangirnagar University
pied-piper,Ronit,Raj,India,,1812,1812,expert,expert,IIT BHU Varanasi
adhoc_king,,,,,1802,1899,expert,expert,
Pegasus_lynx,Dipesh,Kumar,India,Varanasi,1796,1796,expert,expert,Indian Institute Of Technology Varanasi
Sami_Massah,Sami,Massah,,,1796,2125,expert,master,
_no0B,Tariq Bin,Salam,Bangladesh,Dhaka,1793,2360,expert,international master,BUET
indiewar,Zilong,Li,China,Wuhan,1793,1804,expert,expert,Wuhan University of Science and Technology
Yazan_Eagle,,,Syria,,1789,1789,expert,expert,
fresco_ferdini,Harsh,Gupta,India,Dhanbad,1783,1783,expert,expert,IIT(ISM) DHANBAD
bugdone,,,Romania,,1781,1821,expert,expert,William Lin fan-club
Febrin,Dawid,Dieu,Poland,Wrocław,1778,1800,expert,expert,University of Wrocław
crazy__1234,Senky,bansal,India,Gwalior,1768,1912,expert,candidate master,"IIIT ,Allahabad"
TheFenrir,Anjaneya,Praharaj,India,,1764,2113,expert,master,IIT Kharagpur
BlackLunx,Mikhail,Zhelezin,Russia,Nizhny Novgorod,1763,2040,expert,candidate master,NRU HSE - Nizhny Novgorod
GrowingUp,,,,,1763,1986,expert,candidate master,
nks43,Krithick,Santhosh  N,India,Chennai,1753,1957,expert,candidate master,IIT Kharagpur
numero3,,,,,1743,1743,expert,expert,
nishantwrp,Nishant,Mittal,India,Sangrur,1737,1747,expert,expert,IIT BHU Varanasi
prabhath123,DIAQNH4UMFGBJI4,mummaneni,India,Challapalle,1732,1750,expert,expert,"Amrita School of Engineering, Amritapuri"
fugazi,Prashant,Shishoda,India,,1729,2147,expert,master,IIT Kharagpur
Raghul27,Raghul,S,India,,1713,1713,expert,expert,NIT Trichy
riad,Muhammad,Nazmul Hasan,Bangladesh,Dhaka,1712,2272,expert,master,BUET
AkiLotus,Duy-Bach,Le,Vietnam,Hanoi,1702,2203,expert,master,PTIT Vietnam
amiraskarieh81,Amir Mohammad,Askarieh,Iran,Yazd,1701,1705,expert,expert,Shahid sadoghi high school
704817104,Chester,Bennington,,,1700,1719,expert,expert,
xxfy,,,China,,1698,1782,expert,expert,NUC
Microscopic_Dankakon,,,Russia,Nizhny Novgorod,1692,1819,expert,expert,Doskino
perseverance_01,,,,,1684,1684,expert,expert,
DeepanshuSaxena,,,,,1677,1807,expert,expert,
gvshukla321,Gaurav,Shukla,India,Allahabad,1677,1857,expert,expert,
anupamshah_,Anupam,Shah,India,Varanasi,1673,1869,expert,expert,
index_,,,Russia,Kazan’,1673,2165,expert,master,Innopolis University
mishra_tanay,Tanay,Mishra,India,Jaipur,1673,1729,expert,expert,"Jaypee Institute of Information Technology,Noida"
Sudeept,Sudeept,Das,India,Kolkata,1660,1660,expert,expert,"University of Engineering and Management,Kolkata"
185217,OwO,,Japan,Tokyo,1659,1793,expert,expert,Otaku~*^o^*
shahed_ahmed,Shahed,Ahmed,Bangladesh,Narsingdi,1650,1954,expert,candidate master,Islamic University of Technology
MR_Freeman,Alexey,Lopatin,Belarus,Baranovichi,1648,1792,expert,expert,Gymnasia №1
Saurav_Paul,Saurav,Paul,Bangladesh,Sylhet,1648,1657,expert,expert,Sylhet Engineering College
raj1307,Raj,Singh,India,Raniganj,1644,1959,expert,candidate master,Jalpaiguri Government Engineering College
_Evoiz_,Elias,Al-bittar,Syria,Homs,1638,1638,expert,expert,AlBaath University
norty,Camel,,United States,,1635,1762,expert,expert,USACO
OnlyDeniko,Denis,Kulandin,Russia,Nizhny Novgorod,1627,1749,expert,expert,Lobachevsky State University of NN
Saurabh66,,,,,1618,1618,expert,expert,
acm,Amir,Nuriyev,Kazakhstan,Almaty,1618,1745,expert,expert,"Arif, where is my key!?"
infinitepro,,,,,1617,1693,expert,expert,
Superm4n,Rasel,Hossain,Bangladesh,Dhaka,1607,1949,expert,candidate master,Patuakhali Science and Technology University
CyberGoose,,,,,1606,1618,expert,expert,
MoritakaMashiro,Shounak,Dey,India,Visakhapatnam,1603,1638,expert,expert,Manipal Institute of Technology
tushar_1997,Tushar,Pahuja,India,Gurgaon,1592,1753,specialist,expert,Microsoft
manas_uni,Manas,Uniyal,India,Dehra Dūn,1590,1665,specialist,expert,
nirjhorJU,Md. Saifi Alam,Nirjhor,Bangladesh,Dhaka,1576,1735,specialist,expert,Jahangirnagar University
achaitanya.sai,,,India,,1564,1935,specialist,candidate master,
The_Pacific_Ocean,,,,,1559,1559,specialist,specialist,
mynk322.0,Mayank,Padia,India,Ranchi,1559,2028,specialist,candidate master,"BIRLA INSTITUTE OF TECHNOLOGY,  MESRA"
Dipesh__,,,,,1552,1645,specialist,expert,
vladbochok,Vlad,Bochok,Ukraine,Uzhhorod,1551,1945,specialist,candidate master,Matter Labs
arpit040199,Arpit,,India,,1540,1728,specialist,expert,www.joincourse.com
Khaled_Mahmoud,Khaled,Mahmoud,Egypt,Banī Suwayf,1535,1535,specialist,specialist,FCI - Bani Suaif
alumni212,,,,,1529,1629,specialist,expert,
hemanth_269,h,,India,,1525,1878,specialist,expert,
ASUS,Yerassyl,Altay,Kazakhstan,Almaty,1515,1730,specialist,expert,NIS
_HossamYehia_,Hossam,Yehia,Egypt,Cairo,1506,2001,specialist,candidate master,FCIS Ain Shams University
mujtaba1747,Syed,Mujtaba Jafri,Antarctica,,1504,1777,specialist,expert,Pune Institute of Computer Technology
cumeo,,,Belarus,Minsk,1502,1530,specialist,specialist,
Evil__Coder,Tapan,Goyal,India,Mathura,1499,1792,specialist,expert,Malaviya National Institute of Technology(MNIT)
contest_dhuye_pani_khai,Zakaria,Mehrab,Bangladesh,Dhaka,1496,1914,specialist,candidate master,BUET
Dr_Park,Sangjun,Park,South Korea,Seoul,1495,1690,specialist,expert,Korea University
paliyastrot,,,,,1495,1495,specialist,specialist,
sahil_savaliya,,,India,Surat,1494,1639,specialist,expert,Nirma University
atharvat77,,,,,1488,1536,specialist,specialist,
Umm,,,,,1476,1536,specialist,specialist,
shinigami336537,,,,,1475,1507,specialist,specialist,
gamo,Gà,Mờ,Vietnam,Đông Hà,1472,1713,specialist,expert,lqd
Ghayth.Moustapha,Ghayth,Moustpha,Syria,Damascus,1468,1651,specialist,expert,HIAST
msvas,,,India,,1455,1455,specialist,specialist,IIT Roorkee
varun_raj,Varun,Raj,India,Hyderabad,1451,1545,specialist,specialist,IIT Roorkee
SaikatS,Saikat,Sharma,Bangladesh,Panchagarh,1448,1634,specialist,expert,Mawlana Bhashani Science and Technology University
kiok,,,Belarus,,1445,1445,specialist,specialist,
Easy.,Samer,Rawashdeh,Jordan,Amman,1441,1479,specialist,specialist,jordan university of science and technology
tinrua,,,,,1441,1586,specialist,specialist,Hội Những Người Sùng Bái Hoàng Minh Tú
YashShah,Yash,Shah,India,Bhilwara,1440,1822,specialist,expert,IIIT Jabalpur
pranjal_g99,Pranjal,Agrahari,India,Greater Noida,1434,1563,specialist,specialist,G.L Bajaj Institute of technology and management
vagi,Vaibhav,Rastogi,India,Delhi,1434,1792,specialist,expert,IIT Bhilai
_kaizoku_,,,Bangladesh,,1433,1464,specialist,specialist,
destinydrifter,,,India,,1431,2037,specialist,candidate master,
Hackerman,,,Bangladesh,Dhaka,1429,1578,specialist,specialist,
ShadowX.,,,,,1429,1478,specialist,specialist,
gtgstg,,,,,1414,1473,specialist,specialist,
qwe,,,,,1412,1464,specialist,specialist,
I_Hate_Maths,,,,,1409,1439,specialist,specialist,
TheRunuwayDino,,,Russia,Moscow,1402,1466,specialist,specialist,
pacificAbhi,Abhishek,Kumar,India,Mathura,1401,1662,specialist,expert,"MNNIT, Allahabad"
rish01,Rishabh,Kumar,India,Surat,1401,1822,specialist,expert,SVNIT
vivekpandit,,,,,1401,1401,specialist,specialist,
Bakari,,,,,1397,1397,pupil,pupil,
Vennela_Reddy,,,,,1395,1429,pupil,specialist,
not_sman,NS,Roni,Bangladesh,Dinājpur,1394,1601,pupil,expert,KUET
aditya_devvanshi,,,India,Varanasi,1393,1497,pupil,specialist,Indian Institute of Information Technology Sonepat
dhakaji,sandeep,dhaka,India,Greater Noida,1391,1610,pupil,expert,G.L Bajaj Institute of technology and management
fcbrule,,,,,1391,1391,pupil,pupil,
water_lift,Wang,Zheng,China,Jinan,1390,1462,pupil,specialist,Licheng No.2 Middle School
manoj_269,Kannekanti,Manoj,India,Hyderabad,1380,1719,pupil,expert,rainboy fan club
deepak12312,,,,,1378,1378,pupil,pupil,
Shark_Eater,Denis,Nemchenko,Russia,Samara,1376,1381,pupil,pupil,Samara University
zaharsehar,,,,,1371,1371,pupil,pupil,
vkcup02,,,Russia,Kaluga,1370,1370,pupil,pupil,
aman12oct98,,,,,1369,1369,pupil,pupil,
gyp185325,,,,,1369,1369,pupil,pupil,
srsheam,,,,,1369,1369,pupil,pupil,
rishabh101,,,India,,1367,1431,pupil,specialist,
surajnh143,suraj,kumar,India,Varanasi,1366,1686,pupil,expert,"IIT BHU, Varanasi"
RogerD,,,,,1363,1395,pupil,pupil,
arpan_100,Arpan,Godiyal,India,Delhi,1363,1394,pupil,pupil,"Northern India Engineering College, New Delhi"
iMu_21,Md Imran,Khan,Bangladesh,Khulna,1350,1522,pupil,specialist,Patuakhali Science and Technology University
hkIsBack,,,,,1340,1601,pupil,expert,
Wyvern_,Ankit Kumar,Singh,India,,1336,1771,pupil,expert,William Lin fan-club
saksham33,Saksham,Kumar,India,Lucknow,1335,1464,pupil,specialist,BITS Pilani Hyderabad Campus
Jacobek,Jackob,Golynski,Poland,Żyrardów,1317,1375,pupil,pupil,Warsaw University of Technology
normal_15,,,India,,1310,1416,pupil,specialist,
shinigami123,Natsu,Dragneel,Japan,,1310,1443,pupil,specialist,
Megamanvui,,,,,1306,1486,pupil,specialist,
Jakos,Vadim,Marchenko,Russia,Domodedovo,1302,1395,pupil,pupil,
dead_inside,,,,,1302,1625,pupil,expert,
Suvrajit,Suvrajit,Karmaker,Bangladesh,Dhaka,1299,1401,pupil,specialist,Daffodil International University
TheProgrammer256,Artyom,Zyzlaev,Russia,Samara,1288,1666,pupil,expert,
kuyta,Mehmet Kutay,Bozkurt,Türkiye,Ankara,1284,1442,pupil,specialist,Grup
bertrandovide,abc,,United States,Dallas,1282,1386,pupil,pupil,
Salicaceae,Duong,Tran,Vietnam,Hưng Yên,1281,1372,pupil,pupil,
nitish.work001,,,,,1278,1385,pupil,pupil,
mokujin,Gaurav,Tyagi,India,Delhi,1271,1464,pupil,specialist,"Jaypee Institute of Information Technology,Noida"
Deshna,,,,,1269,1403,pupil,specialist,
Nuwaisir_Rabi,Nuwaisir,Rabi,Bangladesh,Dhaka,1269,1777,pupil,expert,BUET
yres,,,,,1269,1389,pupil,pupil,
floydP,,,,,1264,1408,pupil,specialist,
sujairamprasathc,,,India,Salem,1260,1387,pupil,pupil,"psg college of technology,coimbatore"
rishabhsrivastava,Rishabh,Srivastava,India,Kanpur,1245,1421,pupil,specialist,Taylor Swift Fan Club
theo2003,,,,,1232,1680,pupil,expert,
962464,,,,,1231,1406,pupil,specialist,
cpp.sb2,,,China,Changsha,1230,1377,pupil,pupil,fengshushandaqiao primary school
nemesis_x,,,,,1226,1369,pupil,pupil,
AnyiAK,An,yi,China,Dalian,1222,1378,pupil,pupil,Dalian Development Zone No. 6 Middle School
dipeshshivrame,,,,,1218,1430,pupil,specialist,
pushpesh,,,,,1214,1541,pupil,specialist,
Viet_Dung,Bén,Nhái,Vietnam,Hanoi,1213,1417,pupil,specialist,
Prab_pcs,Prabhat,Sharma,India,Jalandhar,1207,1385,pupil,pupil,Dr. BR Ambedkar NIT Jalandhar
animeshbit,,,,,1200,1371,pupil,pupil,
TareqMahmudHridoy,Tareq Mahmud,Hridoy,Bangladesh,Dhaka,1191,1594,newbie,specialist,KUET
kunalsagar,,,,,1185,1370,newbie,pupil,
i.am.jasbir.singh,,,,,1179,1366,newbie,pupil,
shubh_rathi0598,,,,,1176,1370,newbie,pupil,
KnownUnknown,Vikas,Choudhary,,,1172,1424,newbie,specialist,"IIT(ISM), DHANBAD"
EbenezerJesuraj,,,India,Coimbatore,1156,1372,newbie,pupil,"psg college of technology,coimbatore"
coder_bhaiyya,,,,,1155,1426,newbie,specialist,
humble,,,,,1152,1377,newbie,pupil,
Tandon_sahab,,,,,1143,1505,newbie,specialist,
onbitsyn,Long Time,No See,India,,1141,1394,newbie,pupil,
nimbus2019,,,,,1140,1371,newbie,pupil,
sps101,SHUBHABRATA,NATH,India,Kolkata,1139,1363,newbie,pupil,JGEC
Galaxy_Pegasus,,,India,New Delhi,1138,1444,newbie,specialist,
_NoobMaster__,,,,,1127,1373,newbie,pupil,
YBO2004,Yerlan,Omarov,Kazakhstan,,1125,1372,newbie,pupil,
bhai.Shahab78612,Mohammad,Faisal,India,Etāwah,1116,1379,newbie,pupil,
Tanzila_Nur,Tanzila,Nur,Bangladesh,Dhaka,1110,1369,newbie,pupil,"Dept. of CSE, IUBAT"
MisbahUddinTareQ,Misbah Uddin,Tareq,Bangladesh,Sylhet,1107,1371,newbie,pupil,"Leading University, Sylhet"
NickAs,,,Ukraine,Kharkiv,1106,1719,newbie,expert,
KazBrekker,Daniel,Znaceni,Romania,Cluj-Napoca,1099,1371,newbie,pupil,Liceul de Informatica Tiberiu Popoviciu
akshat8171,,,,,1098,1468,newbie,specialist,
SHUBATman,Dias,Suleimenov,Kazakhstan,Ekibastuz,1093,1373,newbie,pupil,Fellowship of Onion
SKY_LIGHT8,,,,,1091,1423,newbie,specialist,
mask01,,,,,1074,1384,newbie,pupil,
bachmanity_insanity,Rohit,Kumar,India,Shillong,1069,1634,newbie,expert,NIT Meghalaya
Drunkinstein,,,,,1068,1396,newbie,pupil,
Nikhil7379,,,Canada,Montreal East,1064,1405,newbie,specialist,
tahmid_007,Tahmid,Rahman,Bangladesh,Comilla,1062,1375,newbie,pupil,Pabna University of Science and Technology
atul15anand,Bharat,Kumar,India,Moga,1059,1370,newbie,pupil,NIT Kurukshetra
astha-2445,Astha,singh,India,Greater Noida,1053,1384,newbie,pupil,G.L Bajaj Institute of technology and management
Quantum999,,,,,1050,1396,newbie,pupil,
1998prajjwal,lalit,kumar,,,1045,1379,newbie,pupil,
sameer331,Md,Sameer,India,Hyderabad,1045,1441,newbie,specialist,IIT Roorkee
Ae_R_eS,,,India,Mumbai,1037,1417,newbie,specialist,"IIT BHU, Varanasi"
futurezuckerberrg,,,,,1035,1369,newbie,pupil,
Denisstourisaf27,,,Russia,Cheboksary,1027,1374,newbie,pupil,
Quan2202,,,,,1013,1461,newbie,specialist,
Numan2962,Abdullah Al,Numan,Bangladesh,Dhaka,1009,1381,newbie,pupil,"City University, Bangladesh"
Morshed_jnu,Morshed,Ali,Bangladesh,Dhaka,997,1401,newbie,specialist,Jagannath University
Nurbo,,,Kazakhstan,Aktau,989,1397,newbie,pupil,Aktau BIL
raudrasadmanczs,Sadman Sakib,Raudra,Bangladesh,Comilla,969,1382,newbie,pupil,Comilla Zilla School
rohit0311,,,,,965,1372,newbie,pupil,
merakee_7,,,,,953,1374,newbie,pupil,
vignesh1999,Vignesh,Ravindran,India,Salem,947,1372,newbie,pupil,
Sangha74,,,,,945,1369,newbie,pupil,
MoshiurTonmoy,Moshiur,Tonmoy,Bangladesh,Dhaka,934,1373,newbie,pupil,University of Asia Pacific
IN_DA_RA,,,,,924,1388,newbie,pupil,
regoal3264128,,,,,918,1368,newbie,pupil,
shibu77,,,,,905,1373,newbie,pupil,
ballist,lion,,,,863,1366,newbie,pupil,
Jaganoid,,,,,838,1369,newbie,pupil,
abhispares,Abhishek,Bharti,India,Jamshedpur,825,1366,newbie,pupil,NIT Jamshedpur
babuadam,Debotush,Dam,Bangladesh,Dhaka,825,1373,newbie,pupil,"IUBAT, Uttara, Dhaka"
Nath._07,Koshik,Deb Nath,Bangladesh,Rajshahi,730,1374,newbie,pupil,Rajshahi University of Engineering and Technology
gunner73,,,,,509,1367,newbie,pupil,
TouristEye_,,,,,454,1366,newbie,pupil,
hdhd,,,,,-34,1371,newbie,pupil,Chongqing Nankai Secondary School
