handle,first_name,last_name,country,city,rating,max_rating,rank,max_rank,organization
Diego1149,Diego,Gutierrez Yepiz,Mexico,Monterrey,2269,2269,master,master,ITESM Campus Monterrey
awoo,Mikhail,Piklyaev,Russia,Saratov,2233,2709,master,international grandmaster,Saratov State U
LochNess,Riaz,Islam,Bangladesh,Dhaka,2228,2228,master,master,BUET
allllekssssa,Aleksa,Plavšić,Serbia,Kragujevac,2223,2339,master,international master,
Bobrosoft,Pavel,Bogomolov,Russia,Khvalynsk,2140,2140,master,master,SberDevices
pro100leo,Taras,Chaika,Ukraine,Lviv,2108,2108,master,master,Lviv NU
KhaledKEE,Khaled,Zetamoo KEE,Egypt,Al Mansurah,2106,2326,master,international master,FCIS Ain Shams University
CMaster,Khafiz,Batyrkhan,Kazakhstan,Almaty,2103,2165,master,master,Nazarbayev University
SaDDaS,SADra,DAShti,Iran,Tehran,2051,2051,candidate master,candidate master,Salam
ha1vanka,Ivan,Ganev,Bulgaria,Shumen,2048,2065,candidate master,candidate master,School AB
Walid_Amin,Walid,Amin,Egypt,Alexandria,2047,2047,candidate master,candidate master,Arab Academy for Science and Technology
Velter,Dmytro,Sadovyi,Ukraine,Odesa,2042,2042,candidate master,candidate master,Odessa National Polytechnic University
EKGMA,Ehsan,Kafshdar Goharshadi,Iran,Mashhad,2022,2026,candidate master,candidate master,IST Austria
StoneCold_,Anuj,Yadav,India,,2011,2098,candidate master,candidate master,"BITS, Pilani"
JohStraat,,,Sweden,,2002,2226,candidate master,master,
determinism,Yunus,Aydin,Türkiye,Istanbul,1976,2003,candidate master,candidate master,Uskudar American Academy
HosseinYousefi,,,Germany,Munich,1970,2044,candidate master,candidate master,Google
I_Need_Alex_R_Coleman,,,United States,,1969,1974,candidate master,candidate master,University of Central Florida
Ahmed_Morsy,,,Egypt,Alexandria,1951,1951,candidate master,candidate master,"University of Alexandria, Faculty of Engineering"
galloska,Filiberto,Fuentes Hernandez,Mexico,Mexico City,1949,2019,candidate master,candidate master,
Iskandarov_Islom,Islom,Iskandarov,Uzbekistan,Urgench,1932,1932,candidate master,candidate master,TUIT Urgench Branch
sadhwaniyash6,Yash,Sadhwan,India,Hyderabad,1915,2107,candidate master,master,Microsoft
skull_crusher,Sandeep,A,India,Bengaluru,1915,1915,candidate master,candidate master,"BIT, Mesra"
poikniok,Alex,Walden,United States,Mountain View,1909,2108,candidate master,master,Google
irevt,Ivan,Revt,Belarus,Mazyr,1906,1906,candidate master,candidate master,CYF
AGrigorii,,,Russia,Moscow,1904,2025,candidate master,candidate master,Confirmit
pakhandi,Asim Krishna,Prasad,India,,1882,1918,expert,candidate master,Google
Czarli,,,Poland,Białystok,1858,1974,expert,candidate master,
CWD4RKC0D3R,Faruk,Nane,Türkiye,Istanbul,1848,1890,expert,expert,nanesoftware
codersan,,,,,1838,1838,expert,expert,Adobe Systems
ShawnDong,,,,,1830,1830,expert,expert,
thezodiac1994,,,India,Mumbai,1829,1829,expert,expert,University of Mumbai
sievra,Sergey,Ivanov,Russia,Perm,1822,2147,expert,master,"Perm, school 9"
laptop_recai,,,Türkiye,Ankara,1816,1974,expert,candidate master,Bilkent University
anatolat,,,,,1812,1812,expert,expert,
rng__58,Nodirbek,Islomov,Uzbekistan,Tashkent,1811,1819,expert,expert,Tashkent U of IT
Truncourist,Mahmoud,Saied,Egypt,Alexandria,1783,1915,expert,candidate master,"University of Alexandria, Faculty of Engineering"
fgnjuf,Hieu,Nguyen,Vietnam,Hưng Yên,1778,1778,expert,expert,Hanoi University of Science and Technology
__mehhas__,fatemeh,hasiri,Iran,Tehran,1777,1875,expert,expert,Amirkabir University of Technology
Mrym.Rhmni,Maryam,Rahmani,Iran,Mashhad,1774,1870,expert,expert,Amirkabir University of Technology
warrenwangtennis001,Warren,Wang,United States,Sugar Land,1774,1781,expert,expert,Clements HS
NourElRashidy,Nour,El-Rashidy,Egypt,Cairo,1770,2093,expert,candidate master,FCIS Ain Shams University
jauhararifin,Jauhar,Arifin,Indonesia,Semarang,1768,1856,expert,expert,
RedStone,Khaled,Sliti,Tunisia,Aryanah,1766,2206,expert,master,Google
jhorvat,Jurica,Horvat,Croatia,Čakovec,1762,1762,expert,expert,University of Zagreb
M_H_M,Mohamad Hasan,Mousavi,Iran,Tehran,1759,2009,expert,candidate master,Allame Helli
mahdigh,Mahdi,Ghaznavi,Iran,Zahedan,1758,1842,expert,expert,Sharif FUT
KhaledMuhammad,Khaled,Muhammad,Egypt,Cairo,1754,1810,expert,expert,FCIS Ain Shams University
karpinski,Marcin,Karpinski,Poland,Krakow,1754,1776,expert,expert,Jagiellonian University
xyz222,XYZ,ABC,,,1751,1837,expert,expert,
Kino,Manuel Alejandro,Díaz Pérez,Cuba,Pinar del Río,1750,1948,expert,candidate master,Universidad de Pinar del Río
flyman3046,,,,,1750,2008,expert,candidate master,
theDarkKnightRises,Arnab,Ghosh,India,Kanpur,1744,1744,expert,expert,IIT Kanpur
legar,Luis Enrique,Garcia Marrero,Cuba,Havana,1743,1920,expert,candidate master,Instec
hopkins,Antonio,Méndez,Mexico,,1734,1734,expert,expert,Universidad Tecnológica de la Mixteca
k3nz0,,,Tunisia,,1732,1759,expert,expert,Sup'Com
darksider,Rahul,Johari,India,Patiāla,1730,1730,expert,expert,Thapar University
aka.Sohieb,Ibrahim,Shehata,Egypt,Cairo,1728,2067,expert,candidate master,
0xFED,,,,,1726,1907,expert,candidate master,
coder1748431,Swastik,Mundra,India,,1724,1724,expert,expert,NIT Surat
katukutu,,,Japan,Kyoto,1724,1724,expert,expert,
bev,,,Germany,,1723,1723,expert,expert,
keyfu,Leandro,Manuel,Cuba,Santiago de Cuba,1705,1705,expert,expert,Universidad de las Ciencias Informáticas
CometsTech,,,,,1699,1699,expert,expert,
Mem4ik,Alexey,Ruban,Ukraine,Kremenchuk,1697,1820,expert,expert,
Moamen_Saeed,Momen,Saeed,Egypt,Giza,1696,1799,expert,expert,FCI-Cairo university
xennygrimmato,,,India,Pune,1692,1730,expert,expert,Google
kuludrew,,,,,1687,1687,expert,expert,
mihaiI,,,Moldova,,1683,1968,expert,candidate master,University of Bucharest
tavibelu,,,Romania,Bucharest,1676,1678,expert,expert,University of Bucharest
bboy_drain,,,,,1674,1715,expert,expert,
qwertyuiop,,,,,1673,2001,expert,candidate master,
levonog,,,Armenia,Yerevan,1671,1735,expert,expert,
daniil_tropin,Daniil,Tropin,Russia,Vologda,1669,1738,expert,expert,Moscow ISiS
Shavkat_Aminov,Shavkat,Aminov,Uzbekistan,Urgench,1664,2107,expert,master,TUIT Urgench Branch
Eldor_Zoirov,Eldor,Zoirov,Uzbekistan,Urgench,1663,1663,expert,expert,TUIT Urgench Branch
suigingin,,,Japan,,1660,1733,expert,expert,
zany4eg,Bogdan,Krasnov,,,1654,1816,expert,expert,
Er_fun,Erfan,Mianmahalleh,Iran,Tehran,1652,1691,expert,expert,"Tehran, Allame Helli 4"
GDeriyenko,Gleb,Deriyenko,Ukraine,Kharkiv,1652,1760,expert,expert,"Kremenchug, POLIT"
Mid0,,,Egypt,Giza,1652,1732,expert,expert,
404Error,,,,,1644,1751,expert,expert,
Kuandyk,,,Kazakhstan,,1634,1659,expert,expert,
artyom.kuis,,,Belarus,Hrodna,1633,1669,expert,expert,Grodno SU
1k_trash,Aleksey,Kholovchuk,Ukraine,Odesa,1632,1694,expert,expert,Looksery
manetsus,Enamul,Hassan,Bangladesh,Sylhet,1629,1793,expert,expert,Shahjalal University of Science and Technology
shohaghsust,Md. Ahsan Kabir,Shohagh,Bangladesh,Dhaka,1629,1629,expert,expert,Shahjalal University of Science and Technology
Georgievbg,Galen,Georgiev,Bulgaria,Sofia,1628,1628,expert,expert,Sofia University
MohamedElhawaty,Mohamed,Elhawaty,Egypt,Alexandria,1628,1628,expert,expert,"University of Alexandria, Faculty of Engineering"
khashi246,olmik,bakari,Venezuela,Barquisimeto,1628,1628,expert,expert,UC Berkeley
SUA,,,Russia,,1627,1712,expert,expert,
khaledA,Khaled,Ahmed,Egypt,Cairo,1618,1791,expert,expert,FCI-Cairo university
mr_ivan777,Ivan,Pavlov,Russia,Saint Petersburg,1618,1722,expert,expert,ITMO University
anisaha,Anick,Saha,United States,California,1617,1691,expert,expert,University of Minnesota
Mohamed_Ayman,,,,,1614,1627,expert,expert,
Tensor,Islam,Taha,Egypt,Cairo,1611,1699,expert,expert,
peoekd158,,,,,1611,1700,expert,expert,
BLANKRK,,,,,1610,1610,expert,expert,
Johny_Depp22,,,,,1610,1657,expert,expert,
The_Tester,,,,,1608,1694,expert,expert,
Alhelal_01,al,helal,Bangladesh,Kushtia,1604,1613,expert,expert,"Islamic University,Bangladesh"
fourfire_dy,Yi,Ding,Canada,Toronto,1603,1846,expert,expert,University of Toronto
dhanpath,,,,,1600,1734,expert,expert,
vb30,varun,bhardwaj,India,Gurgaon,1591,1722,specialist,expert,"BITS, Pilani"
Kaum,,,,,1590,1651,specialist,expert,
omaro,omar,ahmed,Egypt,Alexandria,1590,1636,specialist,expert,
kathal,,,,,1589,1652,specialist,expert,
ronisds,Roniel,Soares,Brazil,Teresina,1588,1823,specialist,expert,Universidade Federal de Minas Gerais
mngharbi,,,,,1587,1651,specialist,expert,
adnene,,,Tunisia,,1586,1666,specialist,expert,
MamaLi201,Mohammad,Hosseini,Iran,Karaj,1584,1651,specialist,expert,UBC
kira_111,,,India,Hyderabad,1582,1657,specialist,expert,IIIT Hyderabad
shadowfax,Imran,Ziad,Bangladesh,Dhaka,1579,2037,specialist,candidate master,American International University Bangladesh
Jumaboyev_Davlatmurod,Davlatmurod,Jumaboyev,Uzbekistan,,1578,1621,specialist,expert,TUIT Urgench Branch
Badhon,Mnhajul,Arifin,Bangladesh,Dhaka,1576,1618,specialist,expert,Military Institute of Science and Technology
edgarciarod,Edgar,García Rodríguez,Mexico,Mexico City,1574,1685,specialist,expert,Universidad Nacional Autónoma de México
phuthuynhochienthan,Le,Phuc Lu,Vietnam,Ho Chi Minh City,1573,1900,specialist,candidate master,IUH.H32PL
rex321,,,,,1573,1823,specialist,expert,
shakandrew,andrew,shumak,Belarus,Brest,1570,1649,specialist,expert,
aliiitarek,Aly Tarek,Ibrahem,Egypt,Alexandria,1567,1606,specialist,expert,Alexandria University
heu2013201410,,,,,1565,1735,specialist,expert,
ITProDHCT,,,,,1560,1560,specialist,specialist,
BitHashTech,Mohamed Yosri,Ahmed,Egypt,Cairo,1557,2100,specialist,master,
timmurk,,,,,1554,1554,specialist,specialist,ITMO University
goldenboot,pushpendra,patel,India,Bhopal,1552,1598,specialist,specialist,MANIT Bhopal
ahmedameen,ahmed,ameen,Egypt,Cairo,1546,1825,specialist,expert,FCIS Ain Shams University
al2,,,Cuba,,1546,1651,specialist,expert,Havana University
111vad111,Alopikon,,,,1543,1837,specialist,expert,
brainylark,,,Mongolia,,1542,1700,specialist,expert,
AhmadrezaM,ahmadreza,marashi,Iran,Mashhad,1540,1795,specialist,expert,hasheminejad1
guitarist,Karim,Kireev,Russia,Salavat,1538,1740,specialist,expert,Moscow IPT
ShadyElbaroudy,Shady,Elbaroudy,Egypt,Alexandria,1537,1693,specialist,expert,
patience,,,,,1537,1537,specialist,specialist,
l3o,,,Georgia,,1536,1719,specialist,expert,
yetesh_ch,,,,,1534,1537,specialist,specialist,
mirak94,rakim,,,,1531,1691,specialist,expert,
gvancacucxashvili,gvantsa,tsutskhashvili,Georgia,Kutaisi,1530,1606,specialist,expert,Free University of Tbilisi
Hyppocrat,,,Russia,Maykop,1528,1528,specialist,specialist,
Mr.Bluesman,Gilberto,Santos,Brazil,Aracaju,1524,1631,specialist,expert,Sergipe SU
marianneL,Marianne,Monteiro,Brazil,Campina Grande,1520,1619,specialist,expert,Federal University of Campina Grande
vinitkp,Vinit,Pandey,India,Gandhinagar,1517,1734,specialist,expert,DA-IICT
MohammadFatafta,Mohammad,Fatafta,Palestinian Territory,Hebron,1514,1691,specialist,expert,PPU
xa.mohsen,Ahmed,Mohsen,Egypt,Cairo,1513,1682,specialist,expert,FCIS Ain Shams University
swoop,,,Russia,,1509,1683,specialist,expert,
SQL_Ninjaa,,,,,1508,1644,specialist,expert,
Xanthic,Plamen,Dimitrov,Bulgaria,Burgas,1506,1759,specialist,expert,Sofia University
Reload,,,,,1505,1653,specialist,expert,
MZAZ,,,,,1502,1502,specialist,specialist,
claus_spb,Nikolay,Kovtun,Russia,Saint Petersburg,1501,1736,specialist,expert,
Omid.J,Omid,Jaberi,Iran,Tehran,1498,1658,specialist,expert,Allame Helli
ayusha,Ayush,Agrawal,India,Allahabad,1497,1875,specialist,expert,"MNNIT, Allahabad"
ImagineWarrior,Tanvir Hasan,Anick,Bangladesh,Dhaka,1493,1718,specialist,expert,CodeMarshal
DahsseR,Diego,Lopez,Peru,Lima,1492,1671,specialist,expert,Universidad Nacional de Ingeniería
BaHiE,,,Egypt,Alexandria,1487,1685,specialist,expert,
irrelephant,,,,,1485,1672,specialist,expert,
vogel,Maxim,Averin,Russia,Saint Petersburg,1485,1678,specialist,expert,ITMO University
New_AgeII,Đỗ Phúc,Hòa,Vietnam,Da Nang,1483,1758,specialist,expert,Da Nang University of Technology
tsuchida.mika,Mika,Tsuchida,Japan,Kyoto,1479,1479,specialist,specialist,
Yura_Sultonov,Yuldoshboy,Sultonov,Uzbekistan,Urgench,1478,1860,specialist,expert,TUIT Urgench Branch
fiter,Vadym,Prokopec,Ukraine,Kyiv,1475,1822,specialist,expert,"Kiev, UPML"
Druid,Amr,Alaa,Egypt,,1474,1607,specialist,expert,FCI-Cairo university
Jobayer__,only,me,,,1473,1628,specialist,expert,
tarek_eltalawi,Tarek,El Talawi,Egypt,Alexandria,1469,1469,specialist,specialist,"Faculty of Engineering, Alexandria University"
farizazmip,,,Indonesia,Bekasi,1464,1867,specialist,expert,
choubey,,,India,,1459,1497,specialist,specialist,NIT Jamshedpur
Hasher,Anton,Yakimenko,Russia,Moscow,1458,1512,specialist,specialist,MAI
zealfire,,,,,1456,1615,specialist,expert,
Omar,Omar,Ali,United Kingdom,Edinburgh,1455,1591,specialist,specialist,FCIS Ain Shams University
calm_ankush,Ankush,Sharma,India,Jammu,1454,1716,specialist,expert,
musa.cse12,Ahmad,Musa,Bangladesh,,1454,1655,specialist,expert,KUET
akaddr,Dmitriy,Rekunov,Russia,Ramenskoye,1453,1453,specialist,specialist,
kamentk,Kamen,Kanchev,Bulgaria,Yambol,1450,1726,specialist,expert,Sofia University
jaya_8896,Jaya,Krishna M,India,,1448,1610,specialist,expert,NIT Calicut
nishanthvydana,Nishanth,Vydana,India,Allahabad,1447,1646,specialist,expert,IIIT Allahabad
Novik_D,Dmitry,Novik,Russia,Saint Petersburg,1446,1626,specialist,expert,
Sneaks,Skander,HADJ ROMDHAN,Tunisia,Tunis,1443,1508,specialist,specialist,Sup'Com
A.M.O,Amirmohammad,Ohadi,Iran,Tehran,1440,1602,specialist,expert,Sharif University of Technology
ConsTanTa,,,,,1437,1437,specialist,specialist,
SEFI2,PILIPON,,Kyrgyzstan,,1436,1919,specialist,candidate master,UNIST
dieHardCoder,Binoy,Gupta,India,,1436,1626,specialist,expert,
osamatheeb,Osama,Jaradat,Jordan,,1435,1584,specialist,specialist,
jhonber,,,Colombia,,1434,1556,specialist,specialist,
characterx,,,,,1433,1500,specialist,specialist,
murilogoncalvep,,,Brazil,Goiânia,1430,1659,specialist,expert,UFG - Universidade Federal de Goias
shank_punk,Shankar,,India,Coimbatore,1429,1793,specialist,expert,Amrita Vishwa Vidyapeetham
siminictudor,,,,,1427,1485,specialist,specialist,
circle,,,,,1424,1424,specialist,specialist,
gkeesh7,Gaurav,Kumar,India,New Delhi,1422,1709,specialist,expert,"Netaji Subhas Institute of Technology, Delhi"
Gray_Wolf,,,Egypt,Cairo,1420,1422,specialist,specialist,FCIS Ain Shams University
dharmang,Dharmang,Bhavsar,India,Ahmedabad,1418,1502,specialist,specialist,L.D.College Of Engineering
achilles1993,ARSH,ANAND,India,Hyderabad,1417,1636,specialist,expert,IIIT Hyderabad
GogolGrind,Konstantin,Sozykin,Russia,Innopolis,1414,1530,specialist,specialist,Innopolis
kaium11,Md. Abdul,Kaium,Bangladesh,Chittagong,1412,1664,specialist,expert,Chittagong University of Eng and Tech
hell_raiser,Aditya,Amartya,India,Patiāla,1404,1628,specialist,expert,Thapar University
_PeTruS_,Stanislav,Petrusev,Belarus,Mogilev,1403,1670,specialist,expert,BSUIR
MIS94,Mohamed,Ibrahim,Egypt,Giza,1402,1548,specialist,specialist,FCI-Cairo university
kajol_cse,Subrato,Mollick,Bangladesh,Kushtia,1402,1664,specialist,expert,"Islamic University,Bangladesh"
jhorapalock,Abu,sayem,Bangladesh,Kushtia,1400,1400,specialist,specialist,"Islamic University,Bangladesh"
Izad2,Amirhosein,Izadjou,Iran,Tehran,1398,1647,pupil,expert,Shahid Beheshti University
beeBetter,,,,,1397,1700,pupil,expert,
shaza,Shaza,Ismail Kaoud,Egypt,Cairo,1394,1400,pupil,specialist,"Faculty of Engineering, Ain Shams University"
Marenkov2,,,,,1393,1404,pupil,specialist,
asdf1111,,,,,1388,1417,pupil,specialist,
inceon,Sergey,Ohrimenko,Ukraine,Poltava,1387,1556,pupil,specialist,PNT YURI KONDRATYUK UNIVERSITY
departed.,Minato,Namikaze,Japan,,1385,1480,pupil,specialist,Hokage of the village hidden in the leaf
Lil_Addy,,,United Kingdom,London,1379,1598,pupil,specialist,Booking.com
mohamed_waleed,Mohamed,Waleed,Egypt,Giza,1379,1448,pupil,specialist,Faculty of Computers and Information
wesam_adel,Wesam,Adel,Egypt,,1376,1581,pupil,specialist,"Faculty of Engineering, Cairo University"
rfreak,,,,,1374,1470,pupil,specialist,
Raoof,Abdelraoof,Hosam,Egypt,Cairo,1373,1692,pupil,expert,"Faculty of Engineering, Cairo University"
hgmontero94,Hector,Montero,Dominican Republic,Santo Domingo,1371,1430,pupil,specialist,INTEC
vineethtatipatri19,Tatipatri,Vineeth,India,Varanasi,1371,1434,pupil,specialist,IIT BHU Varanasi
sakilimran,S M Sakil,Imran,Bangladesh,Dhaka,1370,1370,pupil,pupil,
Killever,Ahmed,,Canada,Vancouver,1369,1759,pupil,expert,
nextgencoder,,,,,1363,1402,pupil,specialist,
toufga.brahim,TOUFGA,Ibrahim,Morocco,Marrakesh,1363,1509,pupil,specialist,
NemEGtosAuRus,,,Iran,Tehran,1362,1663,pupil,expert,
Abdo_Sameh,Abdelrahman,Sameh,Egypt,Giza,1359,1443,pupil,specialist,FCI-Cairo university
Toufiq-SEC,Sky,fall,Bangladesh,Sylhet,1359,1401,pupil,specialist,Sylhet Engineering College
WJMMDKZNMZB,,,,,1358,1626,pupil,expert,
AhmedMohsen,Ahmed,Mohsen,Egypt,Cairo,1354,1498,pupil,specialist,"Faculty of Engineering, Ain Shams University"
cdexswzaq123,,,,,1351,1781,pupil,expert,
RadwanAbuOdeh,Radwan,AbuOdeh,Jordan,Amman,1350,1417,pupil,specialist,University of Jordan - UoJ
realsteel,,,,,1349,1653,pupil,expert,IIIT Hyderabad
ahmad1993,Ahmad,AbuLaban,Jordan,Amman,1345,1428,pupil,specialist,University of Jordan - UoJ
michchinn,,,,,1341,1410,pupil,specialist,
sjpalladium85,Shubham,Jaiswal,India,Allahabad,1340,1436,pupil,specialist,"MNNIT, Allahabad"
SmileDog,liosha,,Ukraine,Kharkiv,1339,1594,pupil,specialist,
TyperX,,,Iran,Tehran,1338,1434,pupil,specialist,
nighthowler,Md. Mamun,Hossain,Bangladesh,Dhaka,1338,1720,pupil,expert,Shahjalal University of Science and Technology
AymanZaki,Ayman,Zaki,Egypt,Cairo,1336,1443,pupil,specialist,FCIS Ain Shams University
HassanRezk,Hassan,Rezk,,,1336,1699,pupil,expert,
VyTienDung,Dung,Vy,Vietnam,Hanoi,1336,1449,pupil,specialist,Ha Noi Open University
naknct,Khoa,Nguyen,Vietnam,Ho Chi Minh City,1335,1537,pupil,specialist,Ho Chi Minh University of Science
Jaimetted,,,,,1334,1405,pupil,specialist,
VladLem,Vlad,Lem,Ukraine,,1334,1633,pupil,expert,LIT
chrome,Aisultan,Kali,Kazakhstan,Almaty,1331,1996,pupil,candidate master,@dots256
facebook,osman,goni,Bangladesh,Chittagong,1328,1461,pupil,specialist,
I_Love_Monkey,,,Vietnam,,1324,1657,pupil,expert,
burnhelldie,Roman,Loshara,Russia,,1324,1415,pupil,specialist,
mocshare17,,,,,1323,1483,pupil,specialist,
mkko91,,,,,1322,1413,pupil,specialist,
ahmed_sobhy,,,Egypt,,1320,1421,pupil,specialist,
Plazma,Samir,Muradov,Bulgaria,Sofia,1317,1405,pupil,specialist,New Bulgarian University
eslamromario,,,Egypt,Cairo,1317,1410,pupil,specialist,
Horea,H,H S,Romania,Târgu Mureş,1316,1917,pupil,candidate master,
hvk3,Harshvardhan,Kalra,India,New Delhi,1316,1724,pupil,expert,
rounakrajrnk,,,India,,1312,1579,pupil,specialist,
HarveyCipher,Bassem,"formerly, vanessi",Egypt,Cairo,1309,1687,pupil,expert,Booking.com
elena_alekseewna,,,Russia,Balashov,1309,1404,pupil,specialist,BISGU
dg114,,,,,1308,1448,pupil,specialist,
shivamsingh,Shivam,Singh,India,Bengaluru,1307,1408,pupil,specialist,MoneyTap
BBM,,,,,1304,1494,pupil,specialist,
AOCet,,,Türkiye,Ankara,1302,1424,pupil,specialist,Bilkent University
HZahran,Hisham,Zahran,Egypt,Cairo,1302,1405,pupil,specialist,German University in Cairo
vavabe,,,Russia,Samara,1302,1436,pupil,specialist,
tanujrastogi,Tanuj,Rastogi,India,Patiāla,1300,1694,pupil,expert,Thapar University
Aircool,Ibrahim,Bahrami,Iran,Tehran,1299,1394,pupil,pupil,Shahid Beheshti University
TheMn,Amirhossein,Mahdinejad,Iran,Tehran,1299,1414,pupil,specialist,University of Tehran
mmmmmm,,,,,1297,1403,pupil,specialist,
2357,Erasyl,Abenov,,,1295,1395,pupil,pupil,
johnnash,KUMAR,ABHISHEK,United States,Richardson,1294,1692,pupil,expert,University of Texas at Dallas
uttom,,,Bangladesh,,1293,1702,pupil,expert,Comilla University
kojak_,,,Dominican Republic,Santo Domingo,1292,1682,pupil,expert,
EdgarJan,Edgar Jan,Vuicik,Lithuania,Vilnius,1289,1561,pupil,specialist,Vilnius Gediminas Technical university
Kareem_Mohllal,Kareem,Khaled Mohllal,Egypt,Assiut,1289,1518,pupil,specialist,FCI Assuit University
hyoussef,hossam,youssef,Egypt,Cairo,1289,1751,pupil,expert,FCIS Ain Shams University
tushar_cse,Tushar,Roy,Bangladesh,,1289,1592,pupil,specialist,Bangladesh University of Business and Technology
abhilashjn85,,,,,1286,1486,pupil,specialist,
shaikh_hafiz,Shaikh,Hafiz,Bangladesh,Kushtia,1285,1406,pupil,specialist,"Islamic University,Bangladesh"
tasneem.sharaf97,,,Egypt,Alexandria,1284,1409,pupil,specialist,Arab Academy for Science and Technology
Jacksonn,,,Russia,Samara,1282,1450,pupil,specialist,
a1s3a,Ali,Sayed,Egypt,Cairo,1282,1716,pupil,expert,FCIS Ain Shams University
hicask,Carlos,Arauz,Bolivia,Santa Cruz,1279,1402,pupil,specialist,Universidad Autonoma Gabriel Rene Moreno
Lay_ec,,,Japan,,1277,1757,pupil,expert,
A__H,Abdelrahman,Hammam,Egypt,Giza,1274,1649,pupil,expert,
anacrnkovic,Ana,Crnkovic,Croatia,Zagreb,1274,1472,pupil,specialist,William Lin fun-club
Gollam_rabby,gollam,rabby,Bangladesh,,1267,1655,pupil,expert,
Mahmudul_Tushar,Mahmudul,Tushar,Bangladesh,Dhaka,1263,1541,pupil,specialist,
mohamed.mehany,Mohamed,Mehany,Egypt,Cairo,1263,1634,pupil,expert,German University in Cairo
rsFalse,R,S,Lithuania,Vilnius,1260,1750,pupil,expert,Vilnius University
Leefrost,Sergii,Lischuk,Ukraine,Khmel’nyts’kyy,1259,1405,pupil,specialist,
ghorardim,ABDULLAH AL MAHMUD,,Bangladesh,Dhaka,1259,1394,pupil,pupil,HSTU
bondoc73,Samer,El Ajami,Lebanon,,1258,1689,pupil,expert,myself
sanban,Sanket,Banerjee,India,Ranchi,1258,1648,pupil,expert,"BIT, Mesra"
GearsOfWar,,,,,1256,1415,pupil,specialist,
_jairsaidds_,Jair Said,Hernández Reyes,Mexico,Mexico City,1255,1477,pupil,specialist,Instituto Politecnico Nacional
saichandu6,sai,Dev,India,,1251,1521,pupil,specialist,Samsung
jomatt,Jose Manuel,Torres Torres,Peru,Supe,1248,1574,pupil,specialist,Universidad Jose Faustino Sanchez Carrion
AClover,,,,,1247,1564,pupil,specialist,
El_Heisenberg,ABDULLAH_AL_MAZID,RAFI,Bangladesh,Khulna,1242,1405,pupil,specialist,KUET
rusranx,George,Ashur,Russia,Moscow,1241,1456,pupil,specialist,MTS PJSC
Abanoub_Melad,,,Egypt,Alexandria,1239,1409,pupil,specialist,"Faculty of Engineering, Alexandria University"
rishikeshwar,Rishikeshwar,Muthuram,India,Pune,1239,1456,pupil,specialist,Amrita Vishwa Vidhyapeetham
SupreMo,Mohsen,Fatemi,,,1236,1465,pupil,specialist,
ArepitaDePernil,Rodolfo,Miquilarena,Venezuela,Caracas,1234,1709,pupil,expert,UCV
SONNET_N,Sonnet,,Bangladesh,Dhaka,1234,1436,pupil,specialist,
CLion,,,Jordan,Amman,1230,1648,pupil,expert,
engyelshorbagy01,,,,,1227,1384,pupil,pupil,
ashpro,,,,,1225,1429,pupil,specialist,
mayakin,,,,,1225,1474,pupil,specialist,
abdullah_cse13-14_IU,,,,,1223,1405,pupil,specialist,
noticetoworld,Tubagus Dhafin,Rukmanda,Indonesia,Depok,1222,1441,pupil,specialist,
arshoma_shohag,Shohag,Mia,Bangladesh,Rajshahi,1218,1438,pupil,specialist,University Of Rajshahi
mahmoudKobbiSupcom,,,,,1218,1394,pupil,pupil,
nani,,,,,1218,1438,pupil,specialist,
omegakhalil,LECHHEB,Khalil,Morocco,,1218,1443,pupil,specialist,
mahdi_haji,Mahdi,Haji Mohamad Ali,Iran,Tehran,1206,1394,pupil,pupil,Allame Helli 3
ghosh_cseiu,,,Bangladesh,,1203,1405,pupil,specialist,
kj.1998,kiamehr,javid,Iran,Tehran,1199,1403,newbie,specialist,mouood
alexlampdeveloper,,,Ukraine,Kremenchuk,1198,1403,newbie,specialist,LAMPDev
MohRamzy,Mohamed,Ramzy Ibrahim,Egypt,Alexandria,1196,1399,newbie,pupil,Arab Academy for Science and Technology
still_the_big_bang,Sanan,Yuzbashiyev,Azerbaijan,Baku,1196,1437,newbie,specialist,Microsoft
Deathlok,,,Belarus,Minsk,1195,1405,newbie,specialist,
Himammz,Ibrahim,Mostafa,Egypt,Giza,1194,1408,newbie,specialist,FCI-Cairo university
9ak6thcsdck,,,,,1190,1430,newbie,specialist,
dhaw92,Lighdo,,,,1189,1614,newbie,expert,zero to somewhere very far
DataStructer,Do,Tuan,Vietnam,Quảng Ngãi,1188,1569,newbie,specialist,Republic of Vietnam
karrapuzka,,,,,1186,1399,newbie,pupil,
munnapagol,,,Bangladesh,Dinājpur,1183,1531,newbie,specialist,Daffodil International University
BizZ,,,Iran,Mashhad,1182,1405,newbie,specialist,hasheminejad1
Messi1996,Lionel,Messi,India,Ahmedabad,1182,1417,newbie,specialist,L.D.College Of Engineering
rumplestilskin,Soneshwar,Singh,India,Gorakhpur,1181,1405,newbie,specialist,Lancaster University
CazadorDivino,,,Brazil,,1179,1408,newbie,specialist,
islammagdysaieed,,,,,1177,1406,newbie,specialist,
EROR,sadlil,rhythm,Bangladesh,Dhaka,1176,1651,newbie,expert,Mawlana Bhashani Science and Technology University
SubmitAndAccepted,,,,,1175,1413,newbie,specialist,
bazooka,,,Nepal,,1172,1400,newbie,specialist,
rafid_mbstu,,,,,1169,1394,newbie,pupil,
kirito_sao,,,,,1163,1405,newbie,specialist,
DiaaAyyad,Diaa,Ayyad,Jordan,Amman,1162,1417,newbie,specialist,University of Jordan - UoJ
AL_DEEB,,,,,1161,1424,newbie,specialist,
blackworm,mohammad mahdi,goli,Iran,Tehran,1155,1426,newbie,specialist,Allame Helli 3
dvagoga,,,,,1151,1417,newbie,specialist,
nikusha24,NIKOLOZ,SHENGELAIA,Georgia,Tbilisi,1151,1559,newbie,specialist,
b4world,,,India,,1150,1765,newbie,expert,"BIT, Mesra"
reo46,GaNeSh,JAiswal,India,Allahabad,1145,1416,newbie,specialist,IIIT Allahabad
MachineBio,,,,,1141,1410,newbie,specialist,
D05T0N,Doston,Akhmedov,Uzbekistan,,1137,1579,newbie,specialist,TUIT Urgench Branch
Basma.Mohamed,,,,,1135,1402,newbie,specialist,
boopathi_cse93,Boopathi,,India,,1135,1399,newbie,pupil,
walissonpj,Walisson,Pereira,Brazil,Goiânia,1135,1450,newbie,specialist,UFG - Universidade Feredal de Goias
rangers_i98,Musfiqur,Rahman,Bangladesh,Dhaka,1121,1406,newbie,specialist,Dhaka City College
OnceMoreTime,Angel Jose,Hinostroza Calderon,Peru,Huacho,1117,1690,newbie,expert,Universidad Jose Faustino Sanchez Carrion
AhmadsamirrR,,,,,1111,1402,newbie,specialist,
Olli_Zhilyaeva,,,,,1105,1394,newbie,pupil,
Al_Helal_,,,Bangladesh,,1104,1472,newbie,specialist,
Nima.ft,Nima,Fatholahi,Canada,Vancouver,1103,1404,newbie,specialist,UVic
WA_BOSS,Imtiaz,Dipto,Bangladesh,Dhaka,1098,1384,newbie,pupil,"University of Liberal Arts, Bangladesh"
awlad11,,,Bangladesh,Chittagong,1085,1407,newbie,specialist,CUET
Dr.Gogback,,,,,1084,1403,newbie,specialist,
Kenneth-nlogn,,,Nigeria,,1084,1469,newbie,specialist,Federal University Of Technology Owerri
RUET_CRAZY_MINIONS,,,,,1083,1492,newbie,specialist,
ahmed1elgende,,,Egypt,Cairo,1073,1407,newbie,specialist,FCI-Cairo university
veeNIT,,,,,1063,1400,newbie,specialist,
OmarMoataz,,,,,1061,1408,newbie,specialist,
baquy96,,,,,1060,1405,newbie,specialist,
L_H,Yagyank,Chadha,India,Delhi,1058,1549,newbie,specialist,Thapar University
Nidala,Imranur,Rahman,Bangladesh,Dhaka,1057,1531,newbie,specialist,
sergen13rs,,,,,1054,1403,newbie,specialist,
mripon46,Mominul,Ripon,Bangladesh,Kushtia,1048,1402,newbie,specialist,"Islamic University,Bangladesh"
mosamir,,,,,1046,1417,newbie,specialist,
LearnerMN,Khureltsooj,Dawaatseren,United States,Newark,1044,1525,newbie,specialist,Amazon.com
robinmbstu11,Md. Shariful,Islam,Bangladesh,Tāngāil,1036,1410,newbie,specialist,Mawlana Bhashani Science and Technology University
Emruz_Hossain,Emruz,Hossain,Bangladesh,Tāngāil,1030,1705,newbie,expert,Chittagong University of Eng and Tech
KeinName,,,,,1028,1417,newbie,specialist,
tsndiffopera,Sai Nikhil,Thirandas,India,Bengaluru,1027,1426,newbie,specialist,Altair Engineering
Mr.obeidat,Ahmed,Obeidat,Jordan,Amman,1026,1398,newbie,pupil,Al Balqa Applied University
mukesh6374,,,,,1020,1398,newbie,pupil,
tajul.saajan,Tajul,Islam,Bangladesh,Khulna,1019,1394,newbie,pupil,KUET
Changed_Later,,,Egypt,Cairo,1012,1441,newbie,specialist,FCIS Ain Shams University
CHVRCHES,Daniil,Cheremisin,Russia,Moscow,1009,1403,newbie,specialist,MAI
Einer,,,Zimbabwe,,998,1407,newbie,specialist,
ahmed_25,silva,zoldyck,Egypt,Cairo,998,1415,newbie,specialist,FCI-Cairo university
GreMon,Mohammad,FS,Iran,Tehran,997,1408,newbie,specialist,Amirkabir University of Technology
FarmerAbdulAlim,Md Abdul,Alim,Bangladesh,Dhaka,996,1611,newbie,expert,Bangladesh University of Business and Technology
anton321,,,Ukraine,Kharkiv,993,1405,newbie,specialist,
Ako,,,,,988,1375,newbie,pupil,Urmia University
prakush24,Prashant,Sharma,India,Sultanpur,986,1479,newbie,specialist,KNIT
minh0722,,,Vietnam,,985,1404,newbie,specialist,
SINUS,,,Uzbekistan,,984,1557,newbie,specialist,TUIT Urgench Branch
R_B,,,,,983,1402,newbie,specialist,
komandos,Jamshidbek,Sattarov,Uzbekistan,,979,1400,newbie,specialist,TUIT Urgench Branch
mai_ahmed,,,,,979,1407,newbie,specialist,
SamRa,Ahmad,Samir,Egypt,Banhā,978,1400,newbie,specialist,FCIS Ain Shams University
faloch,,,,,966,1402,newbie,specialist,
losing.passer,Boss,Programmer,,,966,1409,newbie,specialist,
ak795,Anish,Kumar,India,New Delhi,944,1452,newbie,specialist,"Jaypee Institute of Information Technology,Noida"
kajooooo,ismail,samir,Egypt,Cairo,944,1394,newbie,pupil,FCIS Ain Shams University
Memesi,,,Russia,Moscow,940,1494,newbie,specialist,
partha_cuet,Partha,Banik,Bangladesh,,938,1408,newbie,specialist,Chittagong University of Eng and Tech
neehonesntrk,,,,,936,1399,newbie,pupil,
Murtazali,,,Russia,Makhachkala,929,1398,newbie,pupil,
mobasser,,,,,920,1399,newbie,pupil,
sk039,sharif,khan,Bangladesh,,911,1408,newbie,specialist,KUET
wajid,wajid,zaman,India,New Delhi,903,1399,newbie,pupil,Jamia Millia Islamia
foulen,Majdi,SAIBI,,,889,1404,newbie,specialist,
sof,,,Algeria,,885,1404,newbie,specialist,
nada_medhat,Nada,Medhat,Egypt,Cairo,883,1403,newbie,specialist,FCIS Ain Shams University
MuhammadGamal,,,,,880,1410,newbie,specialist,
sarasharaf75,sara,sharaf,Egypt,,875,1407,newbie,specialist,
atfoooo,Mohamed,Essam,Egypt,Cairo,864,1405,newbie,specialist,FCIS Ain Shams University
testJust,,,Netherlands,,852,1404,newbie,specialist,
abhishek007,,,,,844,1424,newbie,specialist,
retired_xsami,Samil,Vargas,Dominican Republic,Santo Domingo,834,1484,newbie,specialist,INTEC
nitya_coder,nitesh,sharma,India,Dhanbad,812,1402,newbie,specialist,
__Joker,,,,,793,1665,newbie,expert,
abdalimran,Abdullah,Al Imran,Bangladesh,Dhaka,792,1399,newbie,pupil,
waledsaleh,waled,saleh,Egypt,Cairo,759,1406,newbie,specialist,
shafayat_cse,Shafayat,Nabi,Bangladesh,Dhaka,758,1402,newbie,specialist,University of Dhaka
toxicated,looser,one,Bangladesh,Dhaka,754,1410,newbie,specialist,
Trasher,,,,,741,1405,newbie,specialist,
sea,Shashank,Jaiswal,India,Gorakhpur,737,1430,newbie,specialist,NIT Bhopal
kawsar2014,kawsar,ahmed,Bangladesh,Dhaka,732,1398,newbie,pupil,Gono Bishwabidyalay
amaury.vegzav,hsr_amaury,,,,708,1369,newbie,pupil,
ahmad.sallam,Ahmad,Sallam,Jordan,Amman,652,1403,newbie,specialist,The Hashemite University
sajadur_duet,Sajadur,Rahman,India,Ghazīpur,647,1407,newbie,specialist,Dhaka University of Engineering and Technology
nafeeur10,Mr. Perfectionist,,Bangladesh,Dhaka,563,1417,newbie,specialist,KUET
deepita,,,,,561,1406,newbie,specialist,
